Micronutrients_70Days,Potassh_50Days,Nursery area (Cents),Seedrate(in Kg),Hectares ,Urea_40Days,Weed28D_thiobencarb,DAP_20days,Pest_60Day(in ml),LP_Mainfield(in Tonnes),Trash(in bundles),Soil Types_clay,Nursery_wet,Variety_ponmani,Variety_delux ponni,Paddy yield(in Kg)
90.0,1.5878318795246062,120.0,150.0,6.0,1.587831879524605,12.0,240.0,3600.0,1.5878318795246058,540.0,0.0,0.0,0.0,0.0,35028
90.0,1.5878318795246062,120.0,150.0,6.0,1.587831879524605,12.0,240.0,3600.0,1.5878318795246058,600.0,1.0,1.0,1.0,0.0,35412
90.0,1.5878318795246062,120.0,150.0,6.0,1.587831879524605,12.0,240.0,3600.0,1.5878318795246058,600.0,0.0,0.0,0.0,1.0,36300
90.0,1.5878318795246062,120.0,150.0,6.0,1.587831879524605,12.0,240.0,3600.0,1.5878318795246058,540.0,1.0,1.0,0.0,0.0,35016
90.0,1.5878318795246062,120.0,150.0,6.0,1.587831879524605,12.0,240.0,3600.0,1.5878318795246058,600.0,0.0,0.0,1.0,0.0,34044
90.0,1.5878318795246062,120.0,150.0,6.0,1.587831879524605,12.0,240.0,3600.0,1.5878318795246058,480.0,0.0,1.0,0.0,1.0,36732
90.0,1.5878318795246062,120.0,150.0,6.0,1.587831879524605,12.0,240.0,3600.0,1.5878318795246058,540.0,1.0,1.0,0.0,0.0,33162
90.0,1.5878318795246062,120.0,150.0,6.0,1.587831879524605,12.0,240.0,3600.0,1.5878318795246058,480.0,0.0,0.0,0.0,1.0,36690
90.0,1.5878318795246062,120.0,150.0,6.0,1.587831879524605,12.0,240.0,3600.0,1.5878318795246058,600.0,1.0,0.0,1.0,0.0,35310
90.0,1.5878318795246062,120.0,150.0,6.0,1.587831879524605,12.0,240.0,3600.0,1.5878318795246058,540.0,0.0,0.0,0.0,0.0,32460
90.0,1.5878318795246062,120.0,150.0,6.0,1.587831879524605,12.0,240.0,3600.0,1.5878318795246058,600.0,1.0,1.0,1.0,0.0,34152
90.0,1.5878318795246062,120.0,150.0,6.0,1.587831879524605,12.0,240.0,3600.0,1.5878318795246058,480.0,0.0,1.0,0.0,1.0,36090
90.0,1.5878318795246062,120.0,150.0,6.0,1.587831879524605,12.0,240.0,3600.0,1.5878318795246058,540.0,1.0,1.0,0.0,0.0,34596
90.0,1.5878318795246062,120.0,150.0,6.0,1.587831879524605,12.0,240.0,3600.0,1.5878318795246058,600.0,1.0,1.0,1.0,0.0,34458
90.0,1.5878318795246062,120.0,150.0,6.0,1.587831879524605,12.0,240.0,3600.0,1.5878318795246058,480.0,1.0,1.0,0.0,1.0,37926
90.0,1.5878318795246062,120.0,150.0,6.0,1.587831879524605,12.0,240.0,3600.0,1.5878318795246058,540.0,1.0,1.0,0.0,0.0,32778
90.0,1.5878318795246062,120.0,150.0,6.0,1.587831879524605,12.0,240.0,3600.0,1.5878318795246058,480.0,0.0,0.0,0.0,1.0,37278
90.0,1.5878318795246062,120.0,150.0,6.0,1.587831879524605,12.0,240.0,3600.0,1.5878318795246058,600.0,1.0,0.0,1.0,0.0,33666
90.0,1.5878318795246062,120.0,150.0,6.0,1.587831879524605,12.0,240.0,3600.0,1.5878318795246058,540.0,1.0,0.0,0.0,0.0,34386
90.0,1.5878318795246062,120.0,150.0,6.0,1.587831879524605,12.0,240.0,3600.0,1.5878318795246058,600.0,0.0,0.0,1.0,0.0,35658
90.0,1.5878318795246062,120.0,150.0,6.0,1.587831879524605,12.0,240.0,3600.0,1.5878318795246058,480.0,1.0,0.0,0.0,1.0,37362
90.0,1.5878318795246062,120.0,150.0,6.0,1.587831879524605,12.0,240.0,3600.0,1.5878318795246058,540.0,1.0,0.0,0.0,0.0,34716
90.0,1.5878318795246062,120.0,150.0,6.0,1.587831879524605,12.0,240.0,3600.0,1.5878318795246058,600.0,0.0,0.0,1.0,0.0,35646
90.0,1.5878318795246062,120.0,150.0,6.0,1.587831879524605,12.0,240.0,3600.0,1.5878318795246058,480.0,1.0,0.0,0.0,1.0,38496
90.0,1.5878318795246062,120.0,150.0,6.0,1.587831879524605,12.0,240.0,3600.0,1.5878318795246058,540.0,1.0,0.0,0.0,0.0,35496
90.0,1.5878318795246062,120.0,150.0,6.0,1.587831879524605,12.0,240.0,3600.0,1.5878318795246058,480.0,1.0,0.0,0.0,1.0,37362
90.0,1.5878318795246062,120.0,150.0,6.0,1.587831879524605,12.0,240.0,3600.0,1.5878318795246058,600.0,0.0,0.0,1.0,0.0,33462
90.0,1.5878318795246062,120.0,150.0,6.0,1.587831879524605,12.0,240.0,3600.0,1.5878318795246058,600.0,1.0,0.0,1.0,0.0,33804
90.0,1.5878318795246062,120.0,150.0,6.0,1.587831879524605,12.0,240.0,3600.0,1.5878318795246058,600.0,1.0,0.0,1.0,0.0,35538
90.0,1.5878318795246062,120.0,150.0,6.0,1.587831879524605,12.0,240.0,3600.0,1.5878318795246058,600.0,0.0,0.0,1.0,0.0,34524
90.0,1.5878318795246062,120.0,150.0,6.0,1.587831879524605,12.0,240.0,3600.0,1.5878318795246058,540.0,0.0,0.0,0.0,0.0,35130
90.0,1.5878318795246062,120.0,150.0,6.0,1.587831879524605,12.0,240.0,3600.0,1.5878318795246058,600.0,0.0,0.0,1.0,0.0,34518
90.0,1.5878318795246062,120.0,150.0,6.0,1.587831879524605,12.0,240.0,3600.0,1.5878318795246058,600.0,0.0,0.0,1.0,0.0,35040
90.0,1.5878318795246062,120.0,150.0,6.0,1.587831879524605,12.0,240.0,3600.0,1.5878318795246058,600.0,0.0,0.0,1.0,0.0,33762
90.0,1.5878318795246062,120.0,150.0,6.0,1.587831879524605,12.0,240.0,3600.0,1.5878318795246058,480.0,0.0,0.0,0.0,1.0,38172
90.0,1.5878318795246062,120.0,150.0,6.0,1.587831879524605,12.0,240.0,3600.0,1.5878318795246058,480.0,0.0,0.0,0.0,1.0,37062
90.0,1.5878318795246062,120.0,150.0,6.0,1.587831879524605,12.0,240.0,3600.0,1.5878318795246058,480.0,1.0,0.0,0.0,1.0,37716
90.0,1.5878318795246062,120.0,150.0,6.0,1.587831879524605,12.0,240.0,3600.0,1.5878318795246058,600.0,1.0,0.0,1.0,0.0,36000
90.0,1.5878318795246062,120.0,150.0,6.0,1.587831879524605,12.0,240.0,3600.0,1.5878318795246058,480.0,1.0,0.0,0.0,1.0,36906
90.0,1.5878318795246062,120.0,150.0,6.0,1.587831879524605,12.0,240.0,3600.0,1.5878318795246058,540.0,1.0,0.0,0.0,0.0,35556
90.0,1.5878318795246062,120.0,150.0,6.0,1.587831879524605,12.0,240.0,3600.0,1.5878318795246058,480.0,1.0,0.0,0.0,1.0,37134
90.0,1.5878318795246062,120.0,150.0,6.0,1.587831879524605,12.0,240.0,3600.0,1.5878318795246058,480.0,1.0,0.0,0.0,1.0,38178
90.0,1.5878318795246062,120.0,150.0,6.0,1.587831879524605,12.0,240.0,3600.0,1.5878318795246058,540.0,1.0,0.0,0.0,0.0,35298
90.0,1.5878318795246062,120.0,150.0,6.0,1.587831879524605,12.0,240.0,3600.0,1.5878318795246058,600.0,1.0,1.0,1.0,0.0,34218
90.0,1.5878318795246062,120.0,150.0,6.0,1.587831879524605,12.0,240.0,3600.0,1.5878318795246058,480.0,0.0,1.0,0.0,1.0,36552
90.0,1.5878318795246062,120.0,150.0,6.0,1.587831879524605,12.0,240.0,3600.0,1.5878318795246058,540.0,0.0,1.0,0.0,0.0,35592
90.0,1.5878318795246062,120.0,150.0,6.0,1.587831879524605,12.0,240.0,3600.0,1.5878318795246058,600.0,0.0,1.0,1.0,0.0,33162
90.0,1.5878318795246062,120.0,150.0,6.0,1.587831879524605,12.0,240.0,3600.0,1.5878318795246058,480.0,0.0,1.0,0.0,1.0,37152
90.0,1.5878318795246062,120.0,150.0,6.0,1.587831879524605,12.0,240.0,3600.0,1.5878318795246058,540.0,0.0,1.0,0.0,0.0,34338
90.0,1.5878318795246062,120.0,150.0,6.0,1.587831879524605,12.0,240.0,3600.0,1.5878318795246058,480.0,0.0,1.0,0.0,1.0,38424
90.0,1.5878318795246062,120.0,150.0,6.0,1.587831879524605,12.0,240.0,3600.0,1.5878318795246058,600.0,0.0,1.0,1.0,0.0,33768
90.0,1.5878318795246062,120.0,150.0,6.0,1.587831879524605,12.0,240.0,3600.0,1.5878318795246058,540.0,0.0,1.0,0.0,0.0,34680
90.0,1.5878318795246062,120.0,150.0,6.0,1.587831879524605,12.0,240.0,3600.0,1.5878318795246058,600.0,1.0,1.0,1.0,0.0,33864
90.0,1.5878318795246062,120.0,150.0,6.0,1.587831879524605,12.0,240.0,3600.0,1.5878318795246058,480.0,1.0,1.0,0.0,1.0,38508
90.0,1.5878318795246062,120.0,150.0,6.0,1.587831879524605,12.0,240.0,3600.0,1.5878318795246058,540.0,1.0,1.0,0.0,0.0,35238
90.0,1.5878318795246062,120.0,150.0,6.0,1.587831879524605,12.0,240.0,3600.0,1.5878318795246058,600.0,1.0,0.0,1.0,0.0,35298
90.0,1.5878318795246062,120.0,150.0,6.0,1.587831879524605,12.0,240.0,3600.0,1.5878318795246058,480.0,1.0,0.0,0.0,1.0,38136
90.0,1.5878318795246062,120.0,150.0,6.0,1.587831879524605,12.0,240.0,3600.0,1.5878318795246058,540.0,1.0,0.0,0.0,0.0,35016
90.0,1.5878318795246062,120.0,150.0,6.0,1.587831879524605,12.0,240.0,3600.0,1.5878318795246058,480.0,1.0,0.0,0.0,1.0,36954
90.0,1.5878318795246062,120.0,150.0,6.0,1.587831879524605,12.0,240.0,3600.0,1.5878318795246058,600.0,0.0,0.0,1.0,0.0,32460
90.0,1.5878318795246062,120.0,150.0,6.0,1.587831879524605,12.0,240.0,3600.0,1.5878318795246058,540.0,1.0,0.0,0.0,0.0,34338
90.0,1.5878318795246062,120.0,150.0,6.0,1.587831879524605,12.0,240.0,3600.0,1.5878318795246058,600.0,0.0,0.0,1.0,0.0,34530
90.0,1.5878318795246062,120.0,150.0,6.0,1.587831879524605,12.0,240.0,3600.0,1.5878318795246058,480.0,1.0,0.0,0.0,1.0,37254
90.0,1.5878318795246062,120.0,150.0,6.0,1.587831879524605,12.0,240.0,3600.0,1.5878318795246058,540.0,0.0,1.0,0.0,0.0,32952
90.0,1.5878318795246062,120.0,150.0,6.0,1.587831879524605,12.0,240.0,3600.0,1.5878318795246058,600.0,0.0,1.0,1.0,0.0,35178
90.0,1.5878318795246062,120.0,150.0,6.0,1.587831879524605,12.0,240.0,3600.0,1.5878318795246058,480.0,1.0,1.0,0.0,1.0,36690
90.0,1.5878318795246062,120.0,150.0,6.0,1.587831879524605,12.0,240.0,3600.0,1.5878318795246058,540.0,0.0,1.0,0.0,0.0,35238
90.0,1.5878318795246062,120.0,150.0,6.0,1.587831879524605,12.0,240.0,3600.0,1.5878318795246058,480.0,1.0,1.0,0.0,1.0,38586
90.0,1.5878318795246062,120.0,150.0,6.0,1.587831879524605,12.0,240.0,3600.0,1.5878318795246058,600.0,0.0,1.0,1.0,0.0,35784
90.0,1.5878318795246062,120.0,150.0,6.0,1.587831879524605,12.0,240.0,3600.0,1.5878318795246058,600.0,1.0,1.0,1.0,0.0,33030
90.0,1.5878318795246062,120.0,150.0,6.0,1.587831879524605,12.0,240.0,3600.0,1.5878318795246058,600.0,0.0,0.0,1.0,0.0,33162
90.0,1.5878318795246062,120.0,150.0,6.0,1.587831879524605,12.0,240.0,3600.0,1.5878318795246058,600.0,1.0,0.0,1.0,0.0,32460
90.0,1.5878318795246062,120.0,150.0,6.0,1.587831879524605,12.0,240.0,3600.0,1.5878318795246058,540.0,1.0,0.0,0.0,0.0,35280
90.0,1.5878318795246062,120.0,150.0,6.0,1.587831879524605,12.0,240.0,3600.0,1.5878318795246058,600.0,0.0,0.0,1.0,0.0,32778
90.0,1.5878318795246062,120.0,150.0,6.0,1.587831879524605,12.0,240.0,3600.0,1.5878318795246058,600.0,1.0,0.0,1.0,0.0,35058
90.0,1.5878318795246062,120.0,150.0,6.0,1.587831879524605,12.0,240.0,3600.0,1.5878318795246058,600.0,1.0,0.0,1.0,0.0,35496
90.0,1.5878318795246062,120.0,150.0,6.0,1.587831879524605,12.0,240.0,3600.0,1.5878318795246058,480.0,0.0,0.0,0.0,1.0,36426
90.0,1.5878318795246062,120.0,150.0,6.0,1.587831879524605,12.0,240.0,3600.0,1.5878318795246058,480.0,1.0,0.0,0.0,1.0,37950
90.0,1.5878318795246062,120.0,150.0,6.0,1.587831879524605,12.0,240.0,3600.0,1.5878318795246058,480.0,1.0,1.0,0.0,1.0,38814
90.0,1.5878318795246062,120.0,150.0,6.0,1.587831879524605,12.0,240.0,3600.0,1.5878318795246058,600.0,1.0,1.0,1.0,0.0,35298
90.0,1.5878318795246062,120.0,150.0,6.0,1.587831879524605,12.0,240.0,3600.0,1.5878318795246058,480.0,1.0,1.0,0.0,1.0,37680
90.0,1.5878318795246062,120.0,150.0,6.0,1.587831879524605,12.0,240.0,3600.0,1.5878318795246058,540.0,0.0,1.0,0.0,0.0,35016
90.0,1.5878318795246062,120.0,150.0,6.0,1.587831879524605,12.0,240.0,3600.0,1.5878318795246058,480.0,1.0,1.0,0.0,1.0,36648
90.0,1.5878318795246062,120.0,150.0,6.0,1.587831879524605,12.0,240.0,3600.0,1.5878318795246058,480.0,0.0,1.0,0.0,1.0,37086
90.0,1.5878318795246062,120.0,150.0,6.0,1.587831879524605,12.0,240.0,3600.0,1.5878318795246058,540.0,1.0,1.0,0.0,0.0,34338
90.0,1.5878318795246062,120.0,150.0,6.0,1.587831879524605,12.0,240.0,3600.0,1.5878318795246058,600.0,1.0,1.0,1.0,0.0,32778
90.0,1.5878318795246062,120.0,150.0,6.0,1.587831879524605,12.0,240.0,3600.0,1.5878318795246058,480.0,0.0,1.0,0.0,1.0,36966
90.0,1.5878318795246062,120.0,150.0,6.0,1.587831879524605,12.0,240.0,3600.0,1.5878318795246058,540.0,1.0,1.0,0.0,0.0,33180
90.0,1.5878318795246062,120.0,150.0,6.0,1.587831879524605,12.0,240.0,3600.0,1.5878318795246058,600.0,0.0,1.0,1.0,0.0,32718
90.0,1.5878318795246062,120.0,150.0,6.0,1.587831879524605,12.0,240.0,3600.0,1.5878318795246058,480.0,0.0,1.0,0.0,1.0,37842
90.0,1.5878318795246062,120.0,150.0,6.0,1.587831879524605,12.0,240.0,3600.0,1.5878318795246058,540.0,1.0,0.0,0.0,0.0,35238
90.0,1.5878318795246062,120.0,150.0,6.0,1.587831879524605,12.0,240.0,3600.0,1.5878318795246058,480.0,0.0,0.0,0.0,1.0,37866
90.0,1.5878318795246062,120.0,150.0,6.0,1.587831879524605,12.0,240.0,3600.0,1.5878318795246058,600.0,0.0,0.0,1.0,0.0,35448
90.0,1.5878318795246062,120.0,150.0,6.0,1.587831879524605,12.0,240.0,3600.0,1.5878318795246058,540.0,0.0,0.0,0.0,0.0,35016
90.0,1.5878318795246062,120.0,150.0,6.0,1.587831879524605,12.0,240.0,3600.0,1.5878318795246058,600.0,0.0,0.0,1.0,0.0,33162
90.0,1.5878318795246062,120.0,150.0,6.0,1.587831879524605,12.0,240.0,3600.0,1.5878318795246058,480.0,1.0,0.0,0.0,1.0,36654
90.0,1.5878318795246062,120.0,150.0,6.0,1.587831879524605,12.0,240.0,3600.0,1.5878318795246058,540.0,0.0,0.0,0.0,0.0,34338
90.0,1.5878318795246062,120.0,150.0,6.0,1.587831879524605,12.0,240.0,3600.0,1.5878318795246058,600.0,1.0,1.0,1.0,0.0,33378
90.0,1.5878318795246062,120.0,150.0,6.0,1.587831879524605,12.0,240.0,3600.0,1.5878318795246058,480.0,1.0,1.0,0.0,1.0,38304
90.0,1.5878318795246062,120.0,150.0,6.0,1.587831879524605,12.0,240.0,3600.0,1.5878318795246058,540.0,0.0,1.0,0.0,0.0,35130
90.0,1.5878318795246062,120.0,150.0,6.0,1.587831879524605,12.0,240.0,3600.0,1.5878318795246058,480.0,1.0,1.0,0.0,1.0,37242
90.0,1.5878318795246062,120.0,150.0,6.0,1.587831879524605,12.0,240.0,3600.0,1.5878318795246058,600.0,1.0,1.0,1.0,0.0,33672
90.0,1.5878318795246062,120.0,150.0,6.0,1.587831879524605,12.0,240.0,3600.0,1.5878318795246058,540.0,1.0,1.0,0.0,0.0,35238
90.0,1.5878318795246062,120.0,150.0,6.0,1.587831879524605,12.0,240.0,3600.0,1.5878318795246058,600.0,0.0,0.0,1.0,0.0,34620
90.0,1.5878318795246062,120.0,150.0,6.0,1.587831879524605,12.0,240.0,3600.0,1.5878318795246058,480.0,0.0,0.0,0.0,1.0,36966
90.0,1.5878318795246062,120.0,150.0,6.0,1.587831879524605,12.0,240.0,3600.0,1.5878318795246058,540.0,0.0,0.0,0.0,0.0,34338
90.0,1.5878318795246062,120.0,150.0,6.0,1.587831879524605,12.0,240.0,3600.0,1.5878318795246058,600.0,1.0,0.0,1.0,0.0,34290
90.0,1.5878318795246062,120.0,150.0,6.0,1.587831879524605,12.0,240.0,3600.0,1.5878318795246058,480.0,0.0,0.0,0.0,1.0,36342
90.0,1.5878318795246062,120.0,150.0,6.0,1.587831879524605,12.0,240.0,3600.0,1.5878318795246058,540.0,1.0,1.0,0.0,0.0,34338
90.0,1.5878318795246062,120.0,150.0,6.0,1.587831879524605,12.0,240.0,3600.0,1.5878318795246058,480.0,0.0,1.0,0.0,1.0,38460
90.0,1.5878318795246062,120.0,150.0,6.0,1.587831879524605,12.0,240.0,3600.0,1.5878318795246058,600.0,0.0,1.0,1.0,0.0,34338
90.0,1.5878318795246062,120.0,150.0,6.0,1.587831879524605,12.0,240.0,3600.0,1.5878318795246058,600.0,1.0,1.0,1.0,0.0,35766
90.0,1.5878318795246062,120.0,150.0,6.0,1.587831879524605,12.0,240.0,3600.0,1.5878318795246058,600.0,1.0,1.0,1.0,0.0,35238
90.0,1.5878318795246062,120.0,150.0,6.0,1.587831879524605,12.0,240.0,3600.0,1.5878318795246058,600.0,0.0,0.0,1.0,0.0,34824
90.0,1.5878318795246062,120.0,150.0,6.0,1.587831879524605,12.0,240.0,3600.0,1.5878318795246058,540.0,1.0,0.0,0.0,0.0,34338
90.0,1.5878318795246062,120.0,150.0,6.0,1.587831879524605,12.0,240.0,3600.0,1.5878318795246058,600.0,0.0,0.0,1.0,0.0,35130
90.0,1.5878318795246062,120.0,150.0,6.0,1.587831879524605,12.0,240.0,3600.0,1.5878318795246058,600.0,1.0,0.0,1.0,0.0,34668
90.0,1.5878318795246062,120.0,150.0,6.0,1.587831879524605,12.0,240.0,3600.0,1.5878318795246058,600.0,1.0,0.0,1.0,0.0,35448
90.0,1.5878318795246062,120.0,150.0,6.0,1.587831879524605,12.0,240.0,3600.0,1.5878318795246058,480.0,0.0,0.0,0.0,1.0,37026
90.0,1.5878318795246062,120.0,150.0,6.0,1.587831879524605,12.0,240.0,3600.0,1.5878318795246058,480.0,1.0,0.0,0.0,1.0,36300
90.0,1.5878318795246062,120.0,150.0,6.0,1.587831879524605,12.0,240.0,3600.0,1.5878318795246058,480.0,0.0,0.0,0.0,1.0,36732
90.0,1.5878318795246062,120.0,150.0,6.0,1.587831879524605,12.0,240.0,3600.0,1.5878318795246058,600.0,1.0,0.0,1.0,0.0,36690
90.0,1.5878318795246062,120.0,150.0,6.0,1.587831879524605,12.0,240.0,3600.0,1.5878318795246058,480.0,0.0,1.0,0.0,1.0,36090
90.0,1.5878318795246062,120.0,150.0,6.0,1.587831879524605,12.0,240.0,3600.0,1.5878318795246058,540.0,0.0,1.0,0.0,0.0,37926
90.0,1.5878318795246062,120.0,150.0,6.0,1.587831879524605,12.0,240.0,3600.0,1.5878318795246058,480.0,1.0,1.0,0.0,1.0,37278
90.0,1.5878318795246062,120.0,150.0,6.0,1.587831879524605,12.0,240.0,3600.0,1.5878318795246058,480.0,0.0,1.0,0.0,1.0,37362
90.0,1.5878318795246062,120.0,150.0,6.0,1.587831879524605,12.0,240.0,3600.0,1.5878318795246058,540.0,1.0,1.0,0.0,0.0,38496
90.0,1.5878318795246062,120.0,150.0,6.0,1.587831879524605,12.0,240.0,3600.0,1.5878318795246058,600.0,0.0,1.0,1.0,0.0,37362
90.0,1.5878318795246062,120.0,150.0,6.0,1.587831879524605,12.0,240.0,3600.0,1.5878318795246058,480.0,1.0,0.0,0.0,1.0,38172
90.0,1.5878318795246062,120.0,150.0,6.0,1.587831879524605,12.0,240.0,3600.0,1.5878318795246058,540.0,0.0,0.0,0.0,0.0,37062
90.0,1.5878318795246062,120.0,150.0,6.0,1.587831879524605,12.0,240.0,3600.0,1.5878318795246058,600.0,1.0,0.0,1.0,0.0,37716
90.0,1.5878318795246062,120.0,150.0,6.0,1.587831879524605,12.0,240.0,3600.0,1.5878318795246058,480.0,1.0,0.0,0.0,1.0,36906
90.0,1.5878318795246062,120.0,150.0,6.0,1.587831879524605,12.0,240.0,3600.0,1.5878318795246058,540.0,1.0,0.0,0.0,0.0,37134
90.0,1.5878318795246062,120.0,150.0,6.0,1.587831879524605,12.0,240.0,3600.0,1.5878318795246058,480.0,1.0,0.0,0.0,1.0,38178
90.0,1.5878318795246062,120.0,150.0,6.0,1.587831879524605,12.0,240.0,3600.0,1.5878318795246058,600.0,0.0,0.0,1.0,0.0,36552
90.0,1.5878318795246062,120.0,150.0,6.0,1.587831879524605,12.0,240.0,3600.0,1.5878318795246058,540.0,1.0,0.0,0.0,0.0,37152
90.0,1.5878318795246062,120.0,150.0,6.0,1.587831879524605,12.0,240.0,3600.0,1.5878318795246058,600.0,1.0,0.0,1.0,0.0,38424
90.0,1.5878318795246062,120.0,150.0,6.0,1.587831879524605,12.0,240.0,3600.0,1.5878318795246058,480.0,0.0,0.0,0.0,1.0,38508
90.0,1.5878318795246062,120.0,150.0,6.0,1.587831879524605,12.0,240.0,3600.0,1.5878318795246058,540.0,1.0,0.0,0.0,0.0,38136
90.0,1.5878318795246062,120.0,150.0,6.0,1.587831879524605,12.0,240.0,3600.0,1.5878318795246058,600.0,1.0,0.0,1.0,0.0,36954
90.0,1.5878318795246062,120.0,150.0,6.0,1.587831879524605,12.0,240.0,3600.0,1.5878318795246058,480.0,0.0,1.0,0.0,1.0,37254
90.0,1.5878318795246062,120.0,150.0,6.0,1.587831879524605,12.0,240.0,3600.0,1.5878318795246058,540.0,1.0,1.0,0.0,0.0,36690
90.0,1.5878318795246062,120.0,150.0,6.0,1.587831879524605,12.0,240.0,3600.0,1.5878318795246058,480.0,1.0,1.0,0.0,1.0,38586
90.0,1.5878318795246062,120.0,150.0,6.0,1.587831879524605,12.0,240.0,3600.0,1.5878318795246058,600.0,1.0,1.0,1.0,0.0,36426
90.0,1.5878318795246062,120.0,150.0,6.0,1.587831879524605,12.0,240.0,3600.0,1.5878318795246058,540.0,0.0,1.0,0.0,0.0,37950
90.0,1.5878318795246062,120.0,150.0,6.0,1.587831879524605,12.0,240.0,3600.0,1.5878318795246058,600.0,1.0,1.0,1.0,0.0,38814
90.0,1.5878318795246062,120.0,150.0,6.0,1.587831879524605,12.0,240.0,3600.0,1.5878318795246058,480.0,1.0,1.0,0.0,1.0,37680
90.0,1.5878318795246062,120.0,150.0,6.0,1.587831879524605,12.0,240.0,3600.0,1.5878318795246058,540.0,0.0,1.0,0.0,0.0,36648
90.0,1.5878318795246062,120.0,150.0,6.0,1.587831879524605,12.0,240.0,3600.0,1.5878318795246058,600.0,0.0,1.0,1.0,0.0,37086
90.0,1.5878318795246062,120.0,150.0,6.0,1.587831879524605,12.0,240.0,3600.0,1.5878318795246058,480.0,0.0,1.0,0.0,1.0,36966
90.0,1.5878318795246062,120.0,150.0,6.0,1.587831879524605,12.0,240.0,3600.0,1.5878318795246058,540.0,0.0,1.0,0.0,0.0,37842
90.0,1.5878318795246062,120.0,150.0,6.0,1.587831879524605,12.0,240.0,3600.0,1.5878318795246058,480.0,0.0,1.0,0.0,1.0,37866
90.0,1.5878318795246062,120.0,150.0,6.0,1.587831879524605,12.0,240.0,3600.0,1.5878318795246058,600.0,0.0,1.0,1.0,0.0,36654
90.0,1.5878318795246062,120.0,150.0,6.0,1.587831879524605,12.0,240.0,3600.0,1.5878318795246058,600.0,0.0,0.0,1.0,0.0,38304
90.0,1.5878318795246062,120.0,150.0,6.0,1.587831879524605,12.0,240.0,3600.0,1.5878318795246058,600.0,1.0,0.0,1.0,0.0,37242
90.0,1.5878318795246062,120.0,150.0,6.0,1.587831879524605,12.0,240.0,3600.0,1.5878318795246058,600.0,1.0,0.0,1.0,0.0,36966
90.0,1.5878318795246062,120.0,150.0,6.0,1.587831879524605,12.0,240.0,3600.0,1.5878318795246058,540.0,1.0,0.0,0.0,0.0,36342
90.0,1.5878318795246062,120.0,150.0,6.0,1.587831879524605,12.0,240.0,3600.0,1.5878318795246058,600.0,1.0,0.0,1.0,0.0,38460
90.0,1.5878318795246062,120.0,150.0,6.0,1.587831879524605,12.0,240.0,3600.0,1.5878318795246058,600.0,1.0,0.0,1.0,0.0,37026
90.0,1.5878318795246062,120.0,150.0,6.0,1.587831879524605,12.0,240.0,3600.0,1.5878318795246058,600.0,1.0,0.0,1.0,0.0,35016
90.0,1.5878318795246062,120.0,150.0,6.0,1.587831879524605,12.0,240.0,3600.0,1.5878318795246058,480.0,1.0,0.0,0.0,1.0,36300
90.0,1.5878318795246062,120.0,150.0,6.0,1.587831879524605,12.0,240.0,3600.0,1.5878318795246058,480.0,1.0,1.0,0.0,1.0,36732
90.0,1.5878318795246062,120.0,150.0,6.0,1.587831879524605,12.0,240.0,3600.0,1.5878318795246058,480.0,0.0,1.0,0.0,1.0,36690
90.0,1.5878318795246062,120.0,150.0,6.0,1.587831879524605,12.0,240.0,3600.0,1.5878318795246058,600.0,0.0,1.0,1.0,0.0,36090
90.0,1.5878318795246062,120.0,150.0,6.0,1.587831879524605,12.0,240.0,3600.0,1.5878318795246058,480.0,0.0,1.0,0.0,1.0,37926
90.0,1.5878318795246062,120.0,150.0,6.0,1.587831879524605,12.0,240.0,3600.0,1.5878318795246058,540.0,0.0,1.0,0.0,0.0,37278
90.0,1.5878318795246062,120.0,150.0,6.0,1.587831879524605,12.0,240.0,3600.0,1.5878318795246058,480.0,0.0,1.0,0.0,1.0,37362
90.0,1.5878318795246062,120.0,150.0,6.0,1.587831879524605,12.0,240.0,3600.0,1.5878318795246058,480.0,0.0,1.0,0.0,1.0,38496
90.0,1.5878318795246062,120.0,150.0,6.0,1.587831879524605,12.0,240.0,3600.0,1.5878318795246058,540.0,0.0,1.0,0.0,0.0,37362
90.0,1.5878318795246062,120.0,150.0,6.0,1.587831879524605,12.0,240.0,3600.0,1.5878318795246058,600.0,0.0,1.0,1.0,0.0,38172
90.0,1.5878318795246062,120.0,150.0,6.0,1.587831879524605,12.0,240.0,3600.0,1.5878318795246058,480.0,1.0,1.0,0.0,1.0,37062
90.0,1.5878318795246062,120.0,150.0,6.0,1.587831879524605,12.0,240.0,3600.0,1.5878318795246058,540.0,1.0,1.0,0.0,0.0,37716
90.0,1.5878318795246062,120.0,150.0,6.0,1.587831879524605,12.0,240.0,3600.0,1.5878318795246058,600.0,1.0,1.0,1.0,0.0,36906
90.0,1.5878318795246062,120.0,150.0,6.0,1.587831879524605,12.0,240.0,3600.0,1.5878318795246058,480.0,1.0,0.0,0.0,1.0,37134
90.0,1.5878318795246062,120.0,150.0,6.0,1.587831879524605,12.0,240.0,3600.0,1.5878318795246058,540.0,1.0,0.0,0.0,0.0,38178
90.0,1.5878318795246062,120.0,150.0,6.0,1.587831879524605,12.0,240.0,3600.0,1.5878318795246058,480.0,1.0,0.0,0.0,1.0,36552
90.0,1.5878318795246062,120.0,150.0,6.0,1.587831879524605,12.0,240.0,3600.0,1.5878318795246058,600.0,1.0,0.0,1.0,0.0,37152
90.0,1.5878318795246062,120.0,150.0,6.0,1.587831879524605,12.0,240.0,3600.0,1.5878318795246058,540.0,0.0,0.0,0.0,0.0,38424
90.0,1.5878318795246062,120.0,150.0,6.0,1.587831879524605,12.0,240.0,3600.0,1.5878318795246058,600.0,1.0,0.0,1.0,0.0,38508
90.0,1.5878318795246062,120.0,150.0,6.0,1.587831879524605,12.0,240.0,3600.0,1.5878318795246058,480.0,0.0,0.0,0.0,1.0,38136
90.0,1.5878318795246062,120.0,150.0,6.0,1.587831879524605,12.0,240.0,3600.0,1.5878318795246058,540.0,1.0,0.0,0.0,0.0,36954
90.0,1.5878318795246062,120.0,150.0,6.0,1.587831879524605,12.0,240.0,3600.0,1.5878318795246058,600.0,0.0,0.0,1.0,0.0,37254
90.0,1.5878318795246062,120.0,150.0,6.0,1.587831879524605,12.0,240.0,3600.0,1.5878318795246058,480.0,0.0,0.0,0.0,1.0,36690
90.0,1.5878318795246062,120.0,150.0,6.0,1.587831879524605,12.0,240.0,3600.0,1.5878318795246058,540.0,1.0,0.0,0.0,0.0,38586
90.0,1.5878318795246062,120.0,150.0,6.0,1.587831879524605,12.0,240.0,3600.0,1.5878318795246058,480.0,0.0,0.0,0.0,1.0,36426
90.0,1.5878318795246062,120.0,150.0,6.0,1.587831879524605,12.0,240.0,3600.0,1.5878318795246058,600.0,1.0,0.0,1.0,0.0,37950
90.0,1.5878318795246062,120.0,150.0,6.0,1.587831879524605,12.0,240.0,3600.0,1.5878318795246058,540.0,0.0,0.0,0.0,0.0,38814
90.0,1.5878318795246062,120.0,150.0,6.0,1.587831879524605,12.0,240.0,3600.0,1.5878318795246058,600.0,1.0,0.0,1.0,0.0,37680
90.0,1.5878318795246062,120.0,150.0,6.0,1.587831879524605,12.0,240.0,3600.0,1.5878318795246058,480.0,0.0,1.0,0.0,1.0,36648
90.0,1.5878318795246062,120.0,150.0,6.0,1.587831879524605,12.0,240.0,3600.0,1.5878318795246058,540.0,1.0,1.0,0.0,0.0,37086
90.0,1.5878318795246062,120.0,150.0,6.0,1.587831879524605,12.0,240.0,3600.0,1.5878318795246058,600.0,1.0,1.0,1.0,0.0,36966
90.0,1.5878318795246062,120.0,150.0,6.0,1.587831879524605,12.0,240.0,3600.0,1.5878318795246058,480.0,0.0,1.0,0.0,1.0,37842
90.0,1.5878318795246062,120.0,150.0,6.0,1.587831879524605,12.0,240.0,3600.0,1.5878318795246058,540.0,1.0,1.0,0.0,0.0,37866
90.0,1.5878318795246062,120.0,150.0,6.0,1.587831879524605,12.0,240.0,3600.0,1.5878318795246058,480.0,1.0,1.0,0.0,1.0,36654
90.0,1.5878318795246062,120.0,150.0,6.0,1.587831879524605,12.0,240.0,3600.0,1.5878318795246058,600.0,0.0,1.0,1.0,0.0,38304
90.0,1.5878318795246062,120.0,150.0,6.0,1.587831879524605,12.0,240.0,3600.0,1.5878318795246058,600.0,1.0,1.0,1.0,0.0,37242
90.0,1.5878318795246062,120.0,150.0,6.0,1.587831879524605,12.0,240.0,3600.0,1.5878318795246058,600.0,1.0,1.0,1.0,0.0,36966
90.0,1.5878318795246062,120.0,150.0,6.0,1.587831879524605,12.0,240.0,3600.0,1.5878318795246058,600.0,1.0,1.0,1.0,0.0,36342
90.0,1.5878318795246062,120.0,150.0,6.0,1.587831879524605,12.0,240.0,3600.0,1.5878318795246058,540.0,1.0,1.0,0.0,0.0,38460
90.0,1.5878318795246062,120.0,150.0,6.0,1.587831879524605,12.0,240.0,3600.0,1.5878318795246058,600.0,0.0,1.0,1.0,0.0,37026
75.0,0.8921889150266283,100.0,125.0,5.0,0.8921889150266278,10.0,200.0,3000.0,0.8921889150266283,500.0,1.0,1.0,1.0,0.0,29415
75.0,0.8921889150266283,100.0,125.0,5.0,0.8921889150266278,10.0,200.0,3000.0,0.8921889150266283,500.0,0.0,1.0,1.0,0.0,29180
75.0,0.8921889150266283,100.0,125.0,5.0,0.8921889150266278,10.0,200.0,3000.0,0.8921889150266283,400.0,1.0,1.0,0.0,1.0,31625
75.0,0.8921889150266283,100.0,125.0,5.0,0.8921889150266278,10.0,200.0,3000.0,0.8921889150266283,400.0,1.0,1.0,0.0,1.0,32345
75.0,0.8921889150266283,100.0,125.0,5.0,0.8921889150266278,10.0,200.0,3000.0,0.8921889150266283,400.0,0.0,1.0,0.0,1.0,31400
75.0,0.8921889150266283,100.0,125.0,5.0,0.8921889150266278,10.0,200.0,3000.0,0.8921889150266283,500.0,1.0,1.0,1.0,0.0,30540
75.0,0.8921889150266283,100.0,125.0,5.0,0.8921889150266278,10.0,200.0,3000.0,0.8921889150266283,400.0,0.0,1.0,0.0,1.0,30905
75.0,0.8921889150266283,100.0,125.0,5.0,0.8921889150266278,10.0,200.0,3000.0,0.8921889150266283,450.0,0.0,1.0,0.0,0.0,30805
75.0,0.8921889150266283,100.0,125.0,5.0,0.8921889150266278,10.0,200.0,3000.0,0.8921889150266283,400.0,1.0,1.0,0.0,1.0,31535
75.0,0.8921889150266283,100.0,125.0,5.0,0.8921889150266278,10.0,200.0,3000.0,0.8921889150266283,400.0,0.0,0.0,0.0,1.0,31555
75.0,0.8921889150266283,100.0,125.0,5.0,0.8921889150266278,10.0,200.0,3000.0,0.8921889150266283,450.0,0.0,0.0,0.0,0.0,30545
75.0,0.8921889150266283,100.0,125.0,5.0,0.8921889150266278,10.0,200.0,3000.0,0.8921889150266283,500.0,0.0,0.0,1.0,0.0,31920
75.0,0.8921889150266283,100.0,125.0,5.0,0.8921889150266278,10.0,200.0,3000.0,0.8921889150266283,400.0,0.0,0.0,0.0,1.0,31035
75.0,0.8921889150266283,100.0,125.0,5.0,0.8921889150266278,10.0,200.0,3000.0,0.8921889150266283,450.0,1.0,0.0,0.0,0.0,30805
75.0,0.8921889150266283,100.0,125.0,5.0,0.8921889150266278,10.0,200.0,3000.0,0.8921889150266283,500.0,0.0,0.0,1.0,0.0,30285
75.0,0.8921889150266283,100.0,125.0,5.0,0.8921889150266278,10.0,200.0,3000.0,0.8921889150266283,400.0,1.0,0.0,0.0,1.0,32050
75.0,0.8921889150266283,100.0,125.0,5.0,0.8921889150266278,10.0,200.0,3000.0,0.8921889150266283,450.0,1.0,0.0,0.0,0.0,30855
75.0,0.8921889150266283,100.0,125.0,5.0,0.8921889150266278,10.0,200.0,3000.0,0.8921889150266283,400.0,0.0,0.0,0.0,1.0,30250
75.0,0.8921889150266283,100.0,125.0,5.0,0.8921889150266278,10.0,200.0,3000.0,0.8921889150266283,500.0,1.0,0.0,1.0,0.0,30610
75.0,0.8921889150266283,100.0,125.0,5.0,0.8921889150266278,10.0,200.0,3000.0,0.8921889150266283,450.0,1.0,0.0,0.0,0.0,30075
75.0,0.8921889150266283,100.0,125.0,5.0,0.8921889150266278,10.0,200.0,3000.0,0.8921889150266283,500.0,1.0,0.0,1.0,0.0,31065
75.0,0.8921889150266283,100.0,125.0,5.0,0.8921889150266278,10.0,200.0,3000.0,0.8921889150266283,400.0,0.0,0.0,0.0,1.0,31135
75.0,0.8921889150266283,100.0,125.0,5.0,0.8921889150266278,10.0,200.0,3000.0,0.8921889150266283,450.0,0.0,0.0,0.0,0.0,31810
75.0,0.8921889150266283,100.0,125.0,5.0,0.8921889150266278,10.0,200.0,3000.0,0.8921889150266283,500.0,0.0,0.0,1.0,0.0,30755
75.0,0.8921889150266283,100.0,125.0,5.0,0.8921889150266278,10.0,200.0,3000.0,0.8921889150266283,400.0,1.0,0.0,0.0,1.0,31815
75.0,0.8921889150266283,100.0,125.0,5.0,0.8921889150266278,10.0,200.0,3000.0,0.8921889150266283,450.0,0.0,0.0,0.0,0.0,32090
75.0,0.8921889150266283,100.0,125.0,5.0,0.8921889150266278,10.0,200.0,3000.0,0.8921889150266283,400.0,1.0,0.0,0.0,1.0,31045
75.0,0.8921889150266283,100.0,125.0,5.0,0.8921889150266278,10.0,200.0,3000.0,0.8921889150266283,500.0,0.0,0.0,1.0,0.0,32155
75.0,0.8921889150266283,100.0,125.0,5.0,0.8921889150266278,10.0,200.0,3000.0,0.8921889150266283,450.0,0.0,0.0,0.0,0.0,31400
75.0,0.8921889150266283,100.0,125.0,5.0,0.8921889150266278,10.0,200.0,3000.0,0.8921889150266283,500.0,1.0,0.0,1.0,0.0,30805
75.0,0.8921889150266283,100.0,125.0,5.0,0.8921889150266278,10.0,200.0,3000.0,0.8921889150266283,400.0,1.0,0.0,0.0,1.0,31555
75.0,0.8921889150266283,100.0,125.0,5.0,0.8921889150266278,10.0,200.0,3000.0,0.8921889150266283,450.0,0.0,0.0,0.0,0.0,30250
75.0,0.8921889150266283,100.0,125.0,5.0,0.8921889150266278,10.0,200.0,3000.0,0.8921889150266283,500.0,1.0,0.0,1.0,0.0,30610
75.0,0.8921889150266283,100.0,125.0,5.0,0.8921889150266278,10.0,200.0,3000.0,0.8921889150266283,400.0,0.0,0.0,0.0,1.0,30575
75.0,0.8921889150266283,100.0,125.0,5.0,0.8921889150266278,10.0,200.0,3000.0,0.8921889150266283,450.0,1.0,0.0,0.0,0.0,31605
75.0,0.8921889150266283,100.0,125.0,5.0,0.8921889150266278,10.0,200.0,3000.0,0.8921889150266283,400.0,1.0,0.0,0.0,1.0,31135
75.0,0.8921889150266283,100.0,125.0,5.0,0.8921889150266278,10.0,200.0,3000.0,0.8921889150266283,500.0,0.0,0.0,1.0,0.0,28935
75.0,0.8921889150266283,100.0,125.0,5.0,0.8921889150266278,10.0,200.0,3000.0,0.8921889150266283,500.0,1.0,0.0,1.0,0.0,29535
75.0,0.8921889150266283,100.0,125.0,5.0,0.8921889150266278,10.0,200.0,3000.0,0.8921889150266283,500.0,0.0,0.0,1.0,0.0,28785
75.0,0.8921889150266283,100.0,125.0,5.0,0.8921889150266278,10.0,200.0,3000.0,0.8921889150266283,500.0,1.0,0.0,1.0,0.0,29335
75.0,0.8921889150266283,100.0,125.0,5.0,0.8921889150266278,10.0,200.0,3000.0,0.8921889150266283,450.0,0.0,0.0,0.0,0.0,29850
75.0,0.8921889150266283,100.0,125.0,5.0,0.8921889150266278,10.0,200.0,3000.0,0.8921889150266283,500.0,0.0,0.0,1.0,0.0,29985
75.0,0.8921889150266283,100.0,125.0,5.0,0.8921889150266278,10.0,200.0,3000.0,0.8921889150266283,500.0,1.0,0.0,1.0,0.0,28610
75.0,0.8921889150266283,100.0,125.0,5.0,0.8921889150266278,10.0,200.0,3000.0,0.8921889150266283,500.0,0.0,0.0,1.0,0.0,27460
75.0,0.8921889150266283,100.0,125.0,5.0,0.8921889150266278,10.0,200.0,3000.0,0.8921889150266283,400.0,1.0,0.0,0.0,1.0,31625
75.0,0.8921889150266283,100.0,125.0,5.0,0.8921889150266278,10.0,200.0,3000.0,0.8921889150266283,400.0,0.0,0.0,0.0,1.0,32345
75.0,0.8921889150266283,100.0,125.0,5.0,0.8921889150266278,10.0,200.0,3000.0,0.8921889150266283,400.0,1.0,0.0,0.0,1.0,31400
75.0,0.8921889150266283,100.0,125.0,5.0,0.8921889150266278,10.0,200.0,3000.0,0.8921889150266283,500.0,0.0,0.0,1.0,0.0,30540
75.0,0.8921889150266283,100.0,125.0,5.0,0.8921889150266278,10.0,200.0,3000.0,0.8921889150266283,400.0,1.0,0.0,0.0,1.0,30905
75.0,0.8921889150266283,100.0,125.0,5.0,0.8921889150266278,10.0,200.0,3000.0,0.8921889150266283,450.0,1.0,0.0,0.0,0.0,30805
75.0,0.8921889150266283,100.0,125.0,5.0,0.8921889150266278,10.0,200.0,3000.0,0.8921889150266283,400.0,1.0,0.0,0.0,1.0,31535
75.0,0.8921889150266283,100.0,125.0,5.0,0.8921889150266278,10.0,200.0,3000.0,0.8921889150266283,400.0,1.0,0.0,0.0,1.0,31555
75.0,0.8921889150266283,100.0,125.0,5.0,0.8921889150266278,10.0,200.0,3000.0,0.8921889150266283,450.0,0.0,0.0,0.0,0.0,30545
75.0,0.8921889150266283,100.0,125.0,5.0,0.8921889150266278,10.0,200.0,3000.0,0.8921889150266283,500.0,1.0,0.0,1.0,0.0,31920
75.0,0.8921889150266283,100.0,125.0,5.0,0.8921889150266278,10.0,200.0,3000.0,0.8921889150266283,400.0,1.0,0.0,0.0,1.0,31035
75.0,0.8921889150266283,100.0,125.0,5.0,0.8921889150266278,10.0,200.0,3000.0,0.8921889150266283,450.0,0.0,0.0,0.0,0.0,30805
75.0,0.8921889150266283,100.0,125.0,5.0,0.8921889150266278,10.0,200.0,3000.0,0.8921889150266283,500.0,1.0,0.0,1.0,0.0,30285
75.0,0.8921889150266283,100.0,125.0,5.0,0.8921889150266278,10.0,200.0,3000.0,0.8921889150266283,400.0,1.0,0.0,0.0,1.0,32050
75.0,0.8921889150266283,100.0,125.0,5.0,0.8921889150266278,10.0,200.0,3000.0,0.8921889150266283,450.0,0.0,0.0,0.0,0.0,30855
75.0,0.8921889150266283,100.0,125.0,5.0,0.8921889150266278,10.0,200.0,3000.0,0.8921889150266283,400.0,1.0,0.0,0.0,1.0,30250
75.0,0.8921889150266283,100.0,125.0,5.0,0.8921889150266278,10.0,200.0,3000.0,0.8921889150266283,500.0,1.0,0.0,1.0,0.0,30610
75.0,0.8921889150266283,100.0,125.0,5.0,0.8921889150266278,10.0,200.0,3000.0,0.8921889150266283,450.0,1.0,0.0,0.0,0.0,30075
75.0,0.8921889150266283,100.0,125.0,5.0,0.8921889150266278,10.0,200.0,3000.0,0.8921889150266283,500.0,0.0,0.0,1.0,0.0,31065
75.0,0.8921889150266283,100.0,125.0,5.0,0.8921889150266278,10.0,200.0,3000.0,0.8921889150266283,400.0,1.0,0.0,0.0,1.0,31135
75.0,0.8921889150266283,100.0,125.0,5.0,0.8921889150266278,10.0,200.0,3000.0,0.8921889150266283,450.0,1.0,0.0,0.0,0.0,31810
75.0,0.8921889150266283,100.0,125.0,5.0,0.8921889150266278,10.0,200.0,3000.0,0.8921889150266283,500.0,0.0,0.0,1.0,0.0,30755
75.0,0.8921889150266283,100.0,125.0,5.0,0.8921889150266278,10.0,200.0,3000.0,0.8921889150266283,400.0,0.0,0.0,0.0,1.0,31815
75.0,0.8921889150266283,100.0,125.0,5.0,0.8921889150266278,10.0,200.0,3000.0,0.8921889150266283,450.0,0.0,0.0,0.0,0.0,32090
75.0,0.8921889150266283,100.0,125.0,5.0,0.8921889150266278,10.0,200.0,3000.0,0.8921889150266283,400.0,0.0,0.0,0.0,1.0,31045
75.0,0.8921889150266283,100.0,125.0,5.0,0.8921889150266278,10.0,200.0,3000.0,0.8921889150266283,500.0,0.0,0.0,1.0,0.0,32155
75.0,0.8921889150266283,100.0,125.0,5.0,0.8921889150266278,10.0,200.0,3000.0,0.8921889150266283,450.0,0.0,0.0,0.0,0.0,31400
75.0,0.8921889150266283,100.0,125.0,5.0,0.8921889150266278,10.0,200.0,3000.0,0.8921889150266283,500.0,0.0,0.0,1.0,0.0,30805
75.0,0.8921889150266283,100.0,125.0,5.0,0.8921889150266278,10.0,200.0,3000.0,0.8921889150266283,400.0,1.0,0.0,0.0,1.0,31555
75.0,0.8921889150266283,100.0,125.0,5.0,0.8921889150266278,10.0,200.0,3000.0,0.8921889150266283,450.0,1.0,0.0,0.0,0.0,30250
75.0,0.8921889150266283,100.0,125.0,5.0,0.8921889150266278,10.0,200.0,3000.0,0.8921889150266283,500.0,1.0,0.0,1.0,0.0,30610
75.0,0.8921889150266283,100.0,125.0,5.0,0.8921889150266278,10.0,200.0,3000.0,0.8921889150266283,400.0,1.0,0.0,0.0,1.0,30575
75.0,0.8921889150266283,100.0,125.0,5.0,0.8921889150266278,10.0,200.0,3000.0,0.8921889150266283,450.0,1.0,0.0,0.0,0.0,31605
75.0,0.8921889150266283,100.0,125.0,5.0,0.8921889150266278,10.0,200.0,3000.0,0.8921889150266283,400.0,1.0,0.0,0.0,1.0,31135
75.0,0.8921889150266283,100.0,125.0,5.0,0.8921889150266278,10.0,200.0,3000.0,0.8921889150266283,500.0,1.0,0.0,1.0,0.0,29365
75.0,0.8921889150266283,100.0,125.0,5.0,0.8921889150266278,10.0,200.0,3000.0,0.8921889150266283,500.0,1.0,0.0,1.0,0.0,29180
75.0,0.8921889150266283,100.0,125.0,5.0,0.8921889150266278,10.0,200.0,3000.0,0.8921889150266283,500.0,0.0,0.0,1.0,0.0,28615
75.0,0.8921889150266283,100.0,125.0,5.0,0.8921889150266278,10.0,200.0,3000.0,0.8921889150266283,500.0,0.0,0.0,1.0,0.0,27460
75.0,0.8921889150266283,100.0,125.0,5.0,0.8921889150266278,10.0,200.0,3000.0,0.8921889150266283,450.0,0.0,0.0,0.0,0.0,29365
75.0,0.8921889150266283,100.0,125.0,5.0,0.8921889150266278,10.0,200.0,3000.0,0.8921889150266283,500.0,0.0,0.0,1.0,0.0,29180
75.0,0.8921889150266283,100.0,125.0,5.0,0.8921889150266278,10.0,200.0,3000.0,0.8921889150266283,500.0,1.0,0.0,1.0,0.0,29580
75.0,0.8921889150266283,100.0,125.0,5.0,0.8921889150266278,10.0,200.0,3000.0,0.8921889150266283,500.0,0.0,0.0,1.0,0.0,28615
75.0,0.8921889150266283,100.0,125.0,5.0,0.8921889150266278,10.0,200.0,3000.0,0.8921889150266283,400.0,0.0,0.0,0.0,1.0,31625
75.0,0.8921889150266283,100.0,125.0,5.0,0.8921889150266278,10.0,200.0,3000.0,0.8921889150266283,400.0,0.0,0.0,0.0,1.0,32345
75.0,0.8921889150266283,100.0,125.0,5.0,0.8921889150266278,10.0,200.0,3000.0,0.8921889150266283,400.0,1.0,0.0,0.0,1.0,31400
75.0,0.8921889150266283,100.0,125.0,5.0,0.8921889150266278,10.0,200.0,3000.0,0.8921889150266283,500.0,1.0,0.0,1.0,0.0,30540
75.0,0.8921889150266283,100.0,125.0,5.0,0.8921889150266278,10.0,200.0,3000.0,0.8921889150266283,400.0,1.0,0.0,0.0,1.0,30905
75.0,0.8921889150266283,100.0,125.0,5.0,0.8921889150266278,10.0,200.0,3000.0,0.8921889150266283,450.0,1.0,0.0,0.0,0.0,30805
75.0,0.8921889150266283,100.0,125.0,5.0,0.8921889150266278,10.0,200.0,3000.0,0.8921889150266283,400.0,1.0,0.0,0.0,1.0,31535
75.0,0.8921889150266283,100.0,125.0,5.0,0.8921889150266278,10.0,200.0,3000.0,0.8921889150266283,400.0,1.0,0.0,0.0,1.0,31555
75.0,0.8921889150266283,100.0,125.0,5.0,0.8921889150266278,10.0,200.0,3000.0,0.8921889150266283,450.0,1.0,0.0,0.0,0.0,30545
75.0,0.8921889150266283,100.0,125.0,5.0,0.8921889150266278,10.0,200.0,3000.0,0.8921889150266283,500.0,0.0,0.0,1.0,0.0,31920
75.0,0.8921889150266283,100.0,125.0,5.0,0.8921889150266278,10.0,200.0,3000.0,0.8921889150266283,400.0,1.0,0.0,0.0,1.0,31035
75.0,0.8921889150266283,100.0,125.0,5.0,0.8921889150266278,10.0,200.0,3000.0,0.8921889150266283,450.0,0.0,0.0,0.0,0.0,30805
75.0,0.8921889150266283,100.0,125.0,5.0,0.8921889150266278,10.0,200.0,3000.0,0.8921889150266283,500.0,1.0,0.0,1.0,0.0,30285
75.0,0.8921889150266283,100.0,125.0,5.0,0.8921889150266278,10.0,200.0,3000.0,0.8921889150266283,400.0,0.0,0.0,0.0,1.0,32050
75.0,0.8921889150266283,100.0,125.0,5.0,0.8921889150266278,10.0,200.0,3000.0,0.8921889150266283,450.0,0.0,0.0,0.0,0.0,30855
75.0,0.8921889150266283,100.0,125.0,5.0,0.8921889150266278,10.0,200.0,3000.0,0.8921889150266283,400.0,1.0,0.0,0.0,1.0,30250
75.0,0.8921889150266283,100.0,125.0,5.0,0.8921889150266278,10.0,200.0,3000.0,0.8921889150266283,500.0,0.0,0.0,1.0,0.0,30610
75.0,0.8921889150266283,100.0,125.0,5.0,0.8921889150266278,10.0,200.0,3000.0,0.8921889150266283,450.0,1.0,0.0,0.0,0.0,30075
75.0,0.8921889150266283,100.0,125.0,5.0,0.8921889150266278,10.0,200.0,3000.0,0.8921889150266283,500.0,0.0,0.0,1.0,0.0,31065
75.0,0.8921889150266283,100.0,125.0,5.0,0.8921889150266278,10.0,200.0,3000.0,0.8921889150266283,400.0,1.0,0.0,0.0,1.0,31135
75.0,0.8921889150266283,100.0,125.0,5.0,0.8921889150266278,10.0,200.0,3000.0,0.8921889150266283,450.0,0.0,0.0,0.0,0.0,31810
75.0,0.8921889150266283,100.0,125.0,5.0,0.8921889150266278,10.0,200.0,3000.0,0.8921889150266283,500.0,1.0,0.0,1.0,0.0,30755
75.0,0.8921889150266283,100.0,125.0,5.0,0.8921889150266278,10.0,200.0,3000.0,0.8921889150266283,400.0,1.0,0.0,0.0,1.0,31815
75.0,0.8921889150266283,100.0,125.0,5.0,0.8921889150266278,10.0,200.0,3000.0,0.8921889150266283,450.0,0.0,0.0,0.0,0.0,32090
75.0,0.8921889150266283,100.0,125.0,5.0,0.8921889150266278,10.0,200.0,3000.0,0.8921889150266283,400.0,1.0,0.0,0.0,1.0,31045
75.0,0.8921889150266283,100.0,125.0,5.0,0.8921889150266278,10.0,200.0,3000.0,0.8921889150266283,500.0,1.0,0.0,1.0,0.0,32155
75.0,0.8921889150266283,100.0,125.0,5.0,0.8921889150266278,10.0,200.0,3000.0,0.8921889150266283,450.0,0.0,0.0,0.0,0.0,31400
75.0,0.8921889150266283,100.0,125.0,5.0,0.8921889150266278,10.0,200.0,3000.0,0.8921889150266283,500.0,1.0,0.0,1.0,0.0,30805
75.0,0.8921889150266283,100.0,125.0,5.0,0.8921889150266278,10.0,200.0,3000.0,0.8921889150266283,400.0,1.0,0.0,0.0,1.0,31555
75.0,0.8921889150266283,100.0,125.0,5.0,0.8921889150266278,10.0,200.0,3000.0,0.8921889150266283,450.0,1.0,0.0,0.0,0.0,30250
75.0,0.8921889150266283,100.0,125.0,5.0,0.8921889150266278,10.0,200.0,3000.0,0.8921889150266283,500.0,1.0,0.0,1.0,0.0,30610
75.0,0.8921889150266283,100.0,125.0,5.0,0.8921889150266278,10.0,200.0,3000.0,0.8921889150266283,400.0,0.0,0.0,0.0,1.0,30575
75.0,0.8921889150266283,100.0,125.0,5.0,0.8921889150266278,10.0,200.0,3000.0,0.8921889150266283,450.0,1.0,0.0,0.0,0.0,31605
75.0,0.8921889150266283,100.0,125.0,5.0,0.8921889150266278,10.0,200.0,3000.0,0.8921889150266283,400.0,0.0,0.0,0.0,1.0,31135
75.0,0.8921889150266283,100.0,125.0,5.0,0.8921889150266278,10.0,200.0,3000.0,0.8921889150266283,500.0,1.0,0.0,1.0,0.0,29275
75.0,0.8921889150266283,100.0,125.0,5.0,0.8921889150266278,10.0,200.0,3000.0,0.8921889150266283,500.0,1.0,1.0,1.0,0.0,27265
75.0,0.8921889150266283,100.0,125.0,5.0,0.8921889150266278,10.0,200.0,3000.0,0.8921889150266283,500.0,0.0,1.0,1.0,0.0,28060
75.0,0.8921889150266283,100.0,125.0,5.0,0.8921889150266278,10.0,200.0,3000.0,0.8921889150266283,500.0,1.0,1.0,1.0,0.0,29365
75.0,0.8921889150266283,100.0,125.0,5.0,0.8921889150266278,10.0,200.0,3000.0,0.8921889150266283,450.0,0.0,1.0,0.0,0.0,29415
75.0,0.8921889150266283,100.0,125.0,5.0,0.8921889150266278,10.0,200.0,3000.0,0.8921889150266283,500.0,0.0,1.0,1.0,0.0,29180
75.0,0.8921889150266283,100.0,125.0,5.0,0.8921889150266278,10.0,200.0,3000.0,0.8921889150266283,500.0,1.0,1.0,1.0,0.0,28615
75.0,0.8921889150266283,100.0,125.0,5.0,0.8921889150266278,10.0,200.0,3000.0,0.8921889150266283,500.0,0.0,1.0,1.0,0.0,27460
75.0,0.8921889150266283,100.0,125.0,5.0,0.8921889150266278,10.0,200.0,3000.0,0.8921889150266283,400.0,0.0,1.0,0.0,1.0,31625
75.0,0.8921889150266283,100.0,125.0,5.0,0.8921889150266278,10.0,200.0,3000.0,0.8921889150266283,400.0,0.0,1.0,0.0,1.0,32345
75.0,0.8921889150266283,100.0,125.0,5.0,0.8921889150266278,10.0,200.0,3000.0,0.8921889150266283,400.0,0.0,1.0,0.0,1.0,31400
75.0,0.8921889150266283,100.0,125.0,5.0,0.8921889150266278,10.0,200.0,3000.0,0.8921889150266283,500.0,1.0,1.0,1.0,0.0,30540
75.0,0.8921889150266283,100.0,125.0,5.0,0.8921889150266278,10.0,200.0,3000.0,0.8921889150266283,400.0,0.0,1.0,0.0,1.0,30905
75.0,0.8921889150266283,100.0,125.0,5.0,0.8921889150266278,10.0,200.0,3000.0,0.8921889150266283,450.0,1.0,1.0,0.0,0.0,30805
75.0,0.8921889150266283,100.0,125.0,5.0,0.8921889150266278,10.0,200.0,3000.0,0.8921889150266283,400.0,1.0,1.0,0.0,1.0,31535
75.0,0.8921889150266283,100.0,125.0,5.0,0.8921889150266278,10.0,200.0,3000.0,0.8921889150266283,400.0,0.0,1.0,0.0,1.0,31555
75.0,0.8921889150266283,100.0,125.0,5.0,0.8921889150266278,10.0,200.0,3000.0,0.8921889150266283,450.0,1.0,1.0,0.0,0.0,30545
75.0,0.8921889150266283,100.0,125.0,5.0,0.8921889150266278,10.0,200.0,3000.0,0.8921889150266283,500.0,1.0,1.0,1.0,0.0,31920
75.0,0.8921889150266283,100.0,125.0,5.0,0.8921889150266278,10.0,200.0,3000.0,0.8921889150266283,400.0,1.0,1.0,0.0,1.0,31035
75.0,0.8921889150266283,100.0,125.0,5.0,0.8921889150266278,10.0,200.0,3000.0,0.8921889150266283,450.0,0.0,1.0,0.0,0.0,30805
75.0,0.8921889150266283,100.0,125.0,5.0,0.8921889150266278,10.0,200.0,3000.0,0.8921889150266283,500.0,0.0,1.0,1.0,0.0,30285
75.0,0.8921889150266283,100.0,125.0,5.0,0.8921889150266278,10.0,200.0,3000.0,0.8921889150266283,400.0,0.0,1.0,0.0,1.0,32050
75.0,0.8921889150266283,100.0,125.0,5.0,0.8921889150266278,10.0,200.0,3000.0,0.8921889150266283,450.0,1.0,1.0,0.0,0.0,30855
75.0,0.8921889150266283,100.0,125.0,5.0,0.8921889150266278,10.0,200.0,3000.0,0.8921889150266283,400.0,0.0,1.0,0.0,1.0,30250
75.0,0.8921889150266283,100.0,125.0,5.0,0.8921889150266278,10.0,200.0,3000.0,0.8921889150266283,500.0,1.0,0.0,1.0,0.0,30610
75.0,0.8921889150266283,100.0,125.0,5.0,0.8921889150266278,10.0,200.0,3000.0,0.8921889150266283,450.0,0.0,0.0,0.0,0.0,30075
75.0,0.8921889150266283,100.0,125.0,5.0,0.8921889150266278,10.0,200.0,3000.0,0.8921889150266283,500.0,0.0,0.0,1.0,0.0,31065
75.0,0.8921889150266283,100.0,125.0,5.0,0.8921889150266278,10.0,200.0,3000.0,0.8921889150266283,400.0,1.0,0.0,0.0,1.0,31135
75.0,0.8921889150266283,100.0,125.0,5.0,0.8921889150266278,10.0,200.0,3000.0,0.8921889150266283,450.0,1.0,0.0,0.0,0.0,31810
75.0,0.8921889150266283,100.0,125.0,5.0,0.8921889150266278,10.0,200.0,3000.0,0.8921889150266283,500.0,0.0,0.0,1.0,0.0,30755
75.0,0.8921889150266283,100.0,125.0,5.0,0.8921889150266278,10.0,200.0,3000.0,0.8921889150266283,400.0,1.0,0.0,0.0,1.0,31815
75.0,0.8921889150266283,100.0,125.0,5.0,0.8921889150266278,10.0,200.0,3000.0,0.8921889150266283,450.0,0.0,0.0,0.0,0.0,32090
75.0,0.8921889150266283,100.0,125.0,5.0,0.8921889150266278,10.0,200.0,3000.0,0.8921889150266283,400.0,1.0,0.0,0.0,1.0,31045
75.0,0.8921889150266283,100.0,125.0,5.0,0.8921889150266278,10.0,200.0,3000.0,0.8921889150266283,500.0,1.0,0.0,1.0,0.0,32155
75.0,0.8921889150266283,100.0,125.0,5.0,0.8921889150266278,10.0,200.0,3000.0,0.8921889150266283,450.0,0.0,0.0,0.0,0.0,31400
75.0,0.8921889150266283,100.0,125.0,5.0,0.8921889150266278,10.0,200.0,3000.0,0.8921889150266283,500.0,1.0,0.0,1.0,0.0,30805
75.0,0.8921889150266283,100.0,125.0,5.0,0.8921889150266278,10.0,200.0,3000.0,0.8921889150266283,400.0,0.0,0.0,0.0,1.0,31555
75.0,0.8921889150266283,100.0,125.0,5.0,0.8921889150266278,10.0,200.0,3000.0,0.8921889150266283,450.0,1.0,0.0,0.0,0.0,30250
75.0,0.8921889150266283,100.0,125.0,5.0,0.8921889150266278,10.0,200.0,3000.0,0.8921889150266283,500.0,0.0,0.0,1.0,0.0,30610
75.0,0.8921889150266283,100.0,125.0,5.0,0.8921889150266278,10.0,200.0,3000.0,0.8921889150266283,400.0,0.0,0.0,0.0,1.0,30575
75.0,0.8921889150266283,100.0,125.0,5.0,0.8921889150266278,10.0,200.0,3000.0,0.8921889150266283,450.0,1.0,0.0,0.0,0.0,31605
75.0,0.8921889150266283,100.0,125.0,5.0,0.8921889150266278,10.0,200.0,3000.0,0.8921889150266283,400.0,0.0,0.0,0.0,1.0,31135
75.0,0.8921889150266283,100.0,125.0,5.0,0.8921889150266278,10.0,200.0,3000.0,0.8921889150266283,500.0,1.0,1.0,1.0,0.0,29455
75.0,0.8921889150266283,100.0,125.0,5.0,0.8921889150266278,10.0,200.0,3000.0,0.8921889150266283,500.0,0.0,1.0,1.0,0.0,29930
75.0,0.8921889150266283,100.0,125.0,5.0,0.8921889150266278,10.0,200.0,3000.0,0.8921889150266283,500.0,1.0,1.0,1.0,0.0,27100
75.0,0.8921889150266283,100.0,125.0,5.0,0.8921889150266278,10.0,200.0,3000.0,0.8921889150266283,500.0,0.0,1.0,1.0,0.0,27270
75.0,0.8921889150266283,100.0,125.0,5.0,0.8921889150266278,10.0,200.0,3000.0,0.8921889150266283,450.0,1.0,1.0,0.0,0.0,27660
75.0,0.8921889150266283,100.0,125.0,5.0,0.8921889150266278,10.0,200.0,3000.0,0.8921889150266283,500.0,1.0,1.0,1.0,0.0,28400
75.0,0.8921889150266283,100.0,125.0,5.0,0.8921889150266278,10.0,200.0,3000.0,0.8921889150266283,500.0,1.0,1.0,1.0,0.0,29180
75.0,0.8921889150266283,100.0,125.0,5.0,0.8921889150266278,10.0,200.0,3000.0,0.8921889150266283,500.0,1.0,1.0,1.0,0.0,29365
75.0,0.8921889150266283,100.0,125.0,5.0,0.8921889150266278,10.0,200.0,3000.0,0.8921889150266283,400.0,0.0,1.0,0.0,1.0,31625
75.0,0.8921889150266283,100.0,125.0,5.0,0.8921889150266278,10.0,200.0,3000.0,0.8921889150266283,400.0,1.0,1.0,0.0,1.0,32345
75.0,0.8921889150266283,100.0,125.0,5.0,0.8921889150266278,10.0,200.0,3000.0,0.8921889150266283,400.0,1.0,1.0,0.0,1.0,31400
75.0,0.8921889150266283,100.0,125.0,5.0,0.8921889150266278,10.0,200.0,3000.0,0.8921889150266283,500.0,0.0,1.0,1.0,0.0,30540
75.0,0.8921889150266283,100.0,125.0,5.0,0.8921889150266278,10.0,200.0,3000.0,0.8921889150266283,400.0,1.0,1.0,0.0,1.0,30905
75.0,0.8921889150266283,100.0,125.0,5.0,0.8921889150266278,10.0,200.0,3000.0,0.8921889150266283,450.0,1.0,1.0,0.0,0.0,30805
75.0,0.8921889150266283,100.0,125.0,5.0,0.8921889150266278,10.0,200.0,3000.0,0.8921889150266283,400.0,0.0,1.0,0.0,1.0,31535
75.0,0.8921889150266283,100.0,125.0,5.0,0.8921889150266278,10.0,200.0,3000.0,0.8921889150266283,400.0,1.0,1.0,0.0,1.0,31555
75.0,0.8921889150266283,100.0,125.0,5.0,0.8921889150266278,10.0,200.0,3000.0,0.8921889150266283,450.0,1.0,1.0,0.0,0.0,30545
75.0,0.8921889150266283,100.0,125.0,5.0,0.8921889150266278,10.0,200.0,3000.0,0.8921889150266283,500.0,1.0,1.0,1.0,0.0,31920
75.0,0.8921889150266283,100.0,125.0,5.0,0.8921889150266278,10.0,200.0,3000.0,0.8921889150266283,400.0,0.0,1.0,0.0,1.0,31035
75.0,0.8921889150266283,100.0,125.0,5.0,0.8921889150266278,10.0,200.0,3000.0,0.8921889150266283,450.0,1.0,1.0,0.0,0.0,30805
75.0,0.8921889150266283,100.0,125.0,5.0,0.8921889150266278,10.0,200.0,3000.0,0.8921889150266283,500.0,1.0,1.0,1.0,0.0,30285
75.0,0.8921889150266283,100.0,125.0,5.0,0.8921889150266278,10.0,200.0,3000.0,0.8921889150266283,400.0,0.0,1.0,0.0,1.0,32050
75.0,0.8921889150266283,100.0,125.0,5.0,0.8921889150266278,10.0,200.0,3000.0,0.8921889150266283,450.0,0.0,1.0,0.0,0.0,30855
75.0,0.8921889150266283,100.0,125.0,5.0,0.8921889150266278,10.0,200.0,3000.0,0.8921889150266283,400.0,0.0,1.0,0.0,1.0,30250
75.0,0.8921889150266283,100.0,125.0,5.0,0.8921889150266278,10.0,200.0,3000.0,0.8921889150266283,500.0,0.0,1.0,1.0,0.0,30610
75.0,0.8921889150266283,100.0,125.0,5.0,0.8921889150266278,10.0,200.0,3000.0,0.8921889150266283,450.0,0.0,1.0,0.0,0.0,30075
75.0,0.8921889150266283,100.0,125.0,5.0,0.8921889150266278,10.0,200.0,3000.0,0.8921889150266283,500.0,0.0,1.0,1.0,0.0,31065
75.0,0.8921889150266283,100.0,125.0,5.0,0.8921889150266278,10.0,200.0,3000.0,0.8921889150266283,400.0,0.0,1.0,0.0,1.0,31135
75.0,0.8921889150266283,100.0,125.0,5.0,0.8921889150266278,10.0,200.0,3000.0,0.8921889150266283,450.0,1.0,1.0,0.0,0.0,31810
75.0,0.8921889150266283,100.0,125.0,5.0,0.8921889150266278,10.0,200.0,3000.0,0.8921889150266283,500.0,1.0,1.0,1.0,0.0,30755
75.0,0.8921889150266283,100.0,125.0,5.0,0.8921889150266278,10.0,200.0,3000.0,0.8921889150266283,400.0,1.0,1.0,0.0,1.0,31815
75.0,0.8921889150266283,100.0,125.0,5.0,0.8921889150266278,10.0,200.0,3000.0,0.8921889150266283,450.0,1.0,1.0,0.0,0.0,32090
75.0,0.8921889150266283,100.0,125.0,5.0,0.8921889150266278,10.0,200.0,3000.0,0.8921889150266283,400.0,1.0,0.0,0.0,1.0,31045
75.0,0.8921889150266283,100.0,125.0,5.0,0.8921889150266278,10.0,200.0,3000.0,0.8921889150266283,500.0,1.0,0.0,1.0,0.0,32155
75.0,0.8921889150266283,100.0,125.0,5.0,0.8921889150266278,10.0,200.0,3000.0,0.8921889150266283,450.0,1.0,0.0,0.0,0.0,31400
75.0,0.8921889150266283,100.0,125.0,5.0,0.8921889150266278,10.0,200.0,3000.0,0.8921889150266283,500.0,1.0,0.0,1.0,0.0,30805
75.0,0.8921889150266283,100.0,125.0,5.0,0.8921889150266278,10.0,200.0,3000.0,0.8921889150266283,400.0,0.0,0.0,0.0,1.0,31555
75.0,0.8921889150266283,100.0,125.0,5.0,0.8921889150266278,10.0,200.0,3000.0,0.8921889150266283,450.0,0.0,0.0,0.0,0.0,30250
75.0,0.8921889150266283,100.0,125.0,5.0,0.8921889150266278,10.0,200.0,3000.0,0.8921889150266283,500.0,0.0,0.0,1.0,0.0,30610
75.0,0.8921889150266283,100.0,125.0,5.0,0.8921889150266278,10.0,200.0,3000.0,0.8921889150266283,400.0,0.0,0.0,0.0,1.0,30575
75.0,0.8921889150266283,100.0,125.0,5.0,0.8921889150266278,10.0,200.0,3000.0,0.8921889150266283,450.0,0.0,0.0,0.0,0.0,31605
75.0,0.8921889150266283,100.0,125.0,5.0,0.8921889150266278,10.0,200.0,3000.0,0.8921889150266283,400.0,0.0,0.0,0.0,1.0,31135
75.0,0.8921889150266283,100.0,125.0,5.0,0.8921889150266278,10.0,200.0,3000.0,0.8921889150266283,500.0,0.0,0.0,1.0,0.0,29365
75.0,0.8921889150266283,100.0,125.0,5.0,0.8921889150266278,10.0,200.0,3000.0,0.8921889150266283,500.0,0.0,0.0,1.0,0.0,27315
75.0,0.8921889150266283,100.0,125.0,5.0,0.8921889150266278,10.0,200.0,3000.0,0.8921889150266283,500.0,1.0,0.0,1.0,0.0,27460
75.0,0.8921889150266283,100.0,125.0,5.0,0.8921889150266278,10.0,200.0,3000.0,0.8921889150266283,500.0,1.0,0.0,1.0,0.0,28615
75.0,0.8921889150266283,100.0,125.0,5.0,0.8921889150266278,10.0,200.0,3000.0,0.8921889150266283,450.0,1.0,0.0,0.0,0.0,29180
75.0,0.8921889150266283,100.0,125.0,5.0,0.8921889150266278,10.0,200.0,3000.0,0.8921889150266283,500.0,1.0,0.0,1.0,0.0,29275
75.0,0.8921889150266283,100.0,125.0,5.0,0.8921889150266278,10.0,200.0,3000.0,0.8921889150266283,500.0,1.0,0.0,1.0,0.0,29180
75.0,0.8921889150266283,100.0,125.0,5.0,0.8921889150266278,10.0,200.0,3000.0,0.8921889150266283,500.0,1.0,0.0,1.0,0.0,28615
75.0,0.8921889150266283,100.0,125.0,5.0,0.8921889150266278,10.0,200.0,3000.0,0.8921889150266283,400.0,1.0,0.0,0.0,1.0,30100
75.0,0.8921889150266283,100.0,125.0,5.0,0.8921889150266278,10.0,200.0,3000.0,0.8921889150266283,400.0,0.0,0.0,0.0,1.0,32085
75.0,0.8921889150266283,100.0,125.0,5.0,0.8921889150266278,10.0,200.0,3000.0,0.8921889150266283,400.0,1.0,0.0,0.0,1.0,31980
75.0,0.8921889150266283,100.0,125.0,5.0,0.8921889150266278,10.0,200.0,3000.0,0.8921889150266283,500.0,0.0,0.0,1.0,0.0,29180
75.0,0.8921889150266283,100.0,125.0,5.0,0.8921889150266278,10.0,200.0,3000.0,0.8921889150266283,400.0,1.0,0.0,0.0,1.0,31555
75.0,0.8921889150266283,100.0,125.0,5.0,0.8921889150266278,10.0,200.0,3000.0,0.8921889150266283,450.0,0.0,1.0,0.0,0.0,29315
75.0,0.8921889150266283,100.0,125.0,5.0,0.8921889150266278,10.0,200.0,3000.0,0.8921889150266283,400.0,0.0,1.0,0.0,1.0,30405
75.0,0.8921889150266283,100.0,125.0,5.0,0.8921889150266278,10.0,200.0,3000.0,0.8921889150266283,400.0,1.0,1.0,0.0,1.0,31420
75.0,0.8921889150266283,100.0,125.0,5.0,0.8921889150266278,10.0,200.0,3000.0,0.8921889150266283,450.0,0.0,1.0,0.0,0.0,29180
75.0,0.8921889150266283,100.0,125.0,5.0,0.8921889150266278,10.0,200.0,3000.0,0.8921889150266283,500.0,1.0,1.0,1.0,0.0,28615
75.0,0.8921889150266283,100.0,125.0,5.0,0.8921889150266278,10.0,200.0,3000.0,0.8921889150266283,400.0,0.0,1.0,0.0,1.0,30965
75.0,0.8921889150266283,100.0,125.0,5.0,0.8921889150266278,10.0,200.0,3000.0,0.8921889150266283,450.0,1.0,1.0,0.0,0.0,29365
75.0,0.8921889150266283,100.0,125.0,5.0,0.8921889150266278,10.0,200.0,3000.0,0.8921889150266283,500.0,0.0,1.0,1.0,0.0,27315
75.0,0.8921889150266283,100.0,125.0,5.0,0.8921889150266278,10.0,200.0,3000.0,0.8921889150266283,400.0,1.0,1.0,0.0,1.0,31140
75.0,0.8921889150266283,100.0,125.0,5.0,0.8921889150266278,10.0,200.0,3000.0,0.8921889150266283,450.0,1.0,1.0,0.0,0.0,27265
75.0,0.8921889150266283,100.0,125.0,5.0,0.8921889150266278,10.0,200.0,3000.0,0.8921889150266283,400.0,0.0,1.0,0.0,1.0,30250
75.0,0.8921889150266283,100.0,125.0,5.0,0.8921889150266278,10.0,200.0,3000.0,0.8921889150266283,500.0,1.0,0.0,1.0,0.0,30610
75.0,0.8921889150266283,100.0,125.0,5.0,0.8921889150266278,10.0,200.0,3000.0,0.8921889150266283,450.0,1.0,0.0,0.0,0.0,30575
75.0,0.8921889150266283,100.0,125.0,5.0,0.8921889150266278,10.0,200.0,3000.0,0.8921889150266283,500.0,0.0,0.0,1.0,0.0,30075
75.0,0.8921889150266283,100.0,125.0,5.0,0.8921889150266278,10.0,200.0,3000.0,0.8921889150266283,400.0,1.0,0.0,0.0,1.0,31605
75.0,0.8921889150266283,100.0,125.0,5.0,0.8921889150266278,10.0,200.0,3000.0,0.8921889150266283,450.0,1.0,0.0,0.0,0.0,31065
75.0,0.8921889150266283,100.0,125.0,5.0,0.8921889150266278,10.0,200.0,3000.0,0.8921889150266283,500.0,1.0,0.0,1.0,0.0,31135
75.0,0.8921889150266283,100.0,125.0,5.0,0.8921889150266278,10.0,200.0,3000.0,0.8921889150266283,400.0,1.0,0.0,0.0,1.0,32080
75.0,0.8921889150266283,100.0,125.0,5.0,0.8921889150266278,10.0,200.0,3000.0,0.8921889150266283,450.0,0.0,0.0,0.0,0.0,31135
75.0,0.8921889150266283,100.0,125.0,5.0,0.8921889150266278,10.0,200.0,3000.0,0.8921889150266283,400.0,1.0,0.0,0.0,1.0,31810
75.0,0.8921889150266283,100.0,125.0,5.0,0.8921889150266278,10.0,200.0,3000.0,0.8921889150266283,500.0,0.0,0.0,1.0,0.0,30885
75.0,0.8921889150266283,100.0,125.0,5.0,0.8921889150266278,10.0,200.0,3000.0,0.8921889150266283,450.0,1.0,1.0,0.0,0.0,31430
75.0,0.8921889150266283,100.0,125.0,5.0,0.8921889150266278,10.0,200.0,3000.0,0.8921889150266283,500.0,1.0,1.0,1.0,0.0,30755
75.0,0.8921889150266283,100.0,125.0,5.0,0.8921889150266278,10.0,200.0,3000.0,0.8921889150266283,400.0,0.0,1.0,0.0,1.0,30945
75.0,0.8921889150266283,100.0,125.0,5.0,0.8921889150266278,10.0,200.0,3000.0,0.8921889150266283,450.0,1.0,1.0,0.0,0.0,31815
75.0,0.8921889150266283,100.0,125.0,5.0,0.8921889150266278,10.0,200.0,3000.0,0.8921889150266283,500.0,0.0,1.0,1.0,0.0,30460
75.0,0.8921889150266283,100.0,125.0,5.0,0.8921889150266278,10.0,200.0,3000.0,0.8921889150266283,400.0,0.0,1.0,0.0,1.0,30960
75.0,0.8921889150266283,100.0,125.0,5.0,0.8921889150266278,10.0,200.0,3000.0,0.8921889150266283,450.0,1.0,1.0,0.0,0.0,32020
75.0,0.8921889150266283,100.0,125.0,5.0,0.8921889150266278,10.0,200.0,3000.0,0.8921889150266283,400.0,0.0,1.0,0.0,1.0,32090
75.0,0.8921889150266283,100.0,125.0,5.0,0.8921889150266278,10.0,200.0,3000.0,0.8921889150266283,500.0,0.0,1.0,1.0,0.0,31780
75.0,0.8921889150266283,100.0,125.0,5.0,0.8921889150266278,10.0,200.0,3000.0,0.8921889150266283,500.0,0.0,1.0,1.0,0.0,30795
75.0,0.8921889150266283,100.0,125.0,5.0,0.8921889150266278,10.0,200.0,3000.0,0.8921889150266283,500.0,0.0,1.0,1.0,0.0,31045
75.0,0.8921889150266283,100.0,125.0,5.0,0.8921889150266278,10.0,200.0,3000.0,0.8921889150266283,500.0,1.0,1.0,1.0,0.0,30575
75.0,0.8921889150266283,100.0,125.0,5.0,0.8921889150266278,10.0,200.0,3000.0,0.8921889150266283,450.0,0.0,1.0,0.0,0.0,32155
75.0,0.8921889150266283,100.0,125.0,5.0,0.8921889150266278,10.0,200.0,3000.0,0.8921889150266283,500.0,1.0,1.0,1.0,0.0,30355
75.0,0.8921889150266283,100.0,125.0,5.0,0.8921889150266278,10.0,200.0,3000.0,0.8921889150266283,500.0,1.0,1.0,1.0,0.0,31625
75.0,0.8921889150266283,100.0,125.0,5.0,0.8921889150266278,10.0,200.0,3000.0,0.8921889150266283,500.0,0.0,1.0,1.0,0.0,32345
75.0,0.8921889150266283,100.0,125.0,5.0,0.8921889150266278,10.0,200.0,3000.0,0.8921889150266283,400.0,1.0,1.0,0.0,1.0,31400
75.0,0.8921889150266283,100.0,125.0,5.0,0.8921889150266278,10.0,200.0,3000.0,0.8921889150266283,400.0,1.0,1.0,0.0,1.0,30540
75.0,0.8921889150266283,100.0,125.0,5.0,0.8921889150266278,10.0,200.0,3000.0,0.8921889150266283,400.0,1.0,1.0,0.0,1.0,30905
75.0,0.8921889150266283,100.0,125.0,5.0,0.8921889150266278,10.0,200.0,3000.0,0.8921889150266283,500.0,0.0,1.0,1.0,0.0,30805
75.0,0.8921889150266283,100.0,125.0,5.0,0.8921889150266278,10.0,200.0,3000.0,0.8921889150266283,400.0,0.0,1.0,0.0,1.0,31535
75.0,0.8921889150266283,100.0,125.0,5.0,0.8921889150266278,10.0,200.0,3000.0,0.8921889150266283,450.0,0.0,1.0,0.0,0.0,31555
75.0,0.8921889150266283,100.0,125.0,5.0,0.8921889150266278,10.0,200.0,3000.0,0.8921889150266283,400.0,1.0,0.0,0.0,1.0,30545
75.0,0.8921889150266283,100.0,125.0,5.0,0.8921889150266278,10.0,200.0,3000.0,0.8921889150266283,400.0,0.0,0.0,0.0,1.0,31920
75.0,0.8921889150266283,100.0,125.0,5.0,0.8921889150266278,10.0,200.0,3000.0,0.8921889150266283,450.0,1.0,0.0,0.0,0.0,31035
75.0,0.8921889150266283,100.0,125.0,5.0,0.8921889150266278,10.0,200.0,3000.0,0.8921889150266283,500.0,0.0,0.0,1.0,0.0,30805
75.0,0.8921889150266283,100.0,125.0,5.0,0.8921889150266278,10.0,200.0,3000.0,0.8921889150266283,400.0,0.0,0.0,0.0,1.0,30285
75.0,0.8921889150266283,100.0,125.0,5.0,0.8921889150266278,10.0,200.0,3000.0,0.8921889150266283,450.0,1.0,0.0,0.0,0.0,32050
75.0,0.8921889150266283,100.0,125.0,5.0,0.8921889150266278,10.0,200.0,3000.0,0.8921889150266283,500.0,1.0,0.0,1.0,0.0,30855
75.0,0.8921889150266283,100.0,125.0,5.0,0.8921889150266278,10.0,200.0,3000.0,0.8921889150266283,400.0,0.0,0.0,0.0,1.0,30250
75.0,0.8921889150266283,100.0,125.0,5.0,0.8921889150266278,10.0,200.0,3000.0,0.8921889150266283,450.0,1.0,0.0,0.0,0.0,30610
75.0,0.8921889150266283,100.0,125.0,5.0,0.8921889150266278,10.0,200.0,3000.0,0.8921889150266283,400.0,0.0,0.0,0.0,1.0,30075
75.0,0.8921889150266283,100.0,125.0,5.0,0.8921889150266278,10.0,200.0,3000.0,0.8921889150266283,500.0,1.0,0.0,1.0,0.0,31065
75.0,0.8921889150266283,100.0,125.0,5.0,0.8921889150266278,10.0,200.0,3000.0,0.8921889150266283,450.0,1.0,1.0,0.0,0.0,31135
75.0,0.8921889150266283,100.0,125.0,5.0,0.8921889150266278,10.0,200.0,3000.0,0.8921889150266283,500.0,0.0,1.0,1.0,0.0,31810
75.0,0.8921889150266283,100.0,125.0,5.0,0.8921889150266278,10.0,200.0,3000.0,0.8921889150266283,400.0,1.0,1.0,0.0,1.0,30755
75.0,0.8921889150266283,100.0,125.0,5.0,0.8921889150266278,10.0,200.0,3000.0,0.8921889150266283,450.0,0.0,1.0,0.0,0.0,31815
75.0,0.8921889150266283,100.0,125.0,5.0,0.8921889150266278,10.0,200.0,3000.0,0.8921889150266283,500.0,1.0,1.0,1.0,0.0,32090
75.0,0.8921889150266283,100.0,125.0,5.0,0.8921889150266278,10.0,200.0,3000.0,0.8921889150266283,400.0,0.0,1.0,0.0,1.0,31045
75.0,0.8921889150266283,100.0,125.0,5.0,0.8921889150266278,10.0,200.0,3000.0,0.8921889150266283,450.0,0.0,1.0,0.0,0.0,32155
75.0,0.8921889150266283,100.0,125.0,5.0,0.8921889150266278,10.0,200.0,3000.0,0.8921889150266283,400.0,1.0,1.0,0.0,1.0,31400
75.0,0.8921889150266283,100.0,125.0,5.0,0.8921889150266278,10.0,200.0,3000.0,0.8921889150266283,500.0,0.0,1.0,1.0,0.0,30805
75.0,0.8921889150266283,100.0,125.0,5.0,0.8921889150266278,10.0,200.0,3000.0,0.8921889150266283,450.0,1.0,1.0,0.0,0.0,31555
75.0,0.8921889150266283,100.0,125.0,5.0,0.8921889150266278,10.0,200.0,3000.0,0.8921889150266283,500.0,0.0,1.0,1.0,0.0,30250
75.0,0.8921889150266283,100.0,125.0,5.0,0.8921889150266278,10.0,200.0,3000.0,0.8921889150266283,400.0,1.0,1.0,0.0,1.0,30610
75.0,0.8921889150266283,100.0,125.0,5.0,0.8921889150266278,10.0,200.0,3000.0,0.8921889150266283,450.0,0.0,1.0,0.0,0.0,30575
75.0,0.8921889150266283,100.0,125.0,5.0,0.8921889150266278,10.0,200.0,3000.0,0.8921889150266283,500.0,1.0,0.0,1.0,0.0,31605
75.0,0.8921889150266283,100.0,125.0,5.0,0.8921889150266278,10.0,200.0,3000.0,0.8921889150266283,400.0,1.0,0.0,0.0,1.0,31135
75.0,0.8921889150266283,100.0,125.0,5.0,0.8921889150266278,10.0,200.0,3000.0,0.8921889150266283,450.0,1.0,0.0,0.0,0.0,32080
75.0,0.8921889150266283,100.0,125.0,5.0,0.8921889150266278,10.0,200.0,3000.0,0.8921889150266283,400.0,1.0,0.0,0.0,1.0,30885
75.0,0.8921889150266283,100.0,125.0,5.0,0.8921889150266278,10.0,200.0,3000.0,0.8921889150266283,500.0,0.0,0.0,1.0,0.0,30945
75.0,0.8921889150266283,100.0,125.0,5.0,0.8921889150266278,10.0,200.0,3000.0,0.8921889150266283,500.0,1.0,0.0,1.0,0.0,30460
75.0,0.8921889150266283,100.0,125.0,5.0,0.8921889150266278,10.0,200.0,3000.0,0.8921889150266283,500.0,1.0,0.0,1.0,0.0,31780
75.0,0.8921889150266283,100.0,125.0,5.0,0.8921889150266278,10.0,200.0,3000.0,0.8921889150266283,500.0,0.0,0.0,1.0,0.0,30575
75.0,0.8921889150266283,100.0,125.0,5.0,0.8921889150266278,10.0,200.0,3000.0,0.8921889150266283,450.0,1.0,0.0,0.0,0.0,30355
75.0,0.8921889150266283,100.0,125.0,5.0,0.8921889150266278,10.0,200.0,3000.0,0.8921889150266283,500.0,1.0,1.0,1.0,0.0,30540
75.0,0.8921889150266283,100.0,125.0,5.0,0.8921889150266278,10.0,200.0,3000.0,0.8921889150266283,500.0,0.0,1.0,1.0,0.0,31535
75.0,0.8921889150266283,100.0,125.0,5.0,0.8921889150266278,10.0,200.0,3000.0,0.8921889150266283,500.0,1.0,1.0,1.0,0.0,30545
75.0,0.8921889150266283,100.0,125.0,5.0,0.8921889150266278,10.0,200.0,3000.0,0.8921889150266283,400.0,1.0,1.0,0.0,1.0,31625
75.0,0.8921889150266283,100.0,125.0,5.0,0.8921889150266278,10.0,200.0,3000.0,0.8921889150266283,400.0,1.0,1.0,0.0,1.0,32345
75.0,0.8921889150266283,100.0,125.0,5.0,0.8921889150266278,10.0,200.0,3000.0,0.8921889150266283,400.0,0.0,1.0,0.0,1.0,31400
75.0,0.8921889150266283,100.0,125.0,5.0,0.8921889150266278,10.0,200.0,3000.0,0.8921889150266283,500.0,1.0,1.0,1.0,0.0,30905
75.0,0.8921889150266283,100.0,125.0,5.0,0.8921889150266278,10.0,200.0,3000.0,0.8921889150266283,400.0,1.0,1.0,0.0,1.0,31535
75.0,0.8921889150266283,100.0,125.0,5.0,0.8921889150266278,10.0,200.0,3000.0,0.8921889150266283,450.0,0.0,1.0,0.0,0.0,31555
75.0,0.8921889150266283,100.0,125.0,5.0,0.8921889150266278,10.0,200.0,3000.0,0.8921889150266283,400.0,0.0,1.0,0.0,1.0,31035
75.0,0.8921889150266283,100.0,125.0,5.0,0.8921889150266278,10.0,200.0,3000.0,0.8921889150266283,400.0,0.0,0.0,0.0,1.0,32050
75.0,0.8921889150266283,100.0,125.0,5.0,0.8921889150266278,10.0,200.0,3000.0,0.8921889150266283,450.0,0.0,0.0,0.0,0.0,30250
75.0,0.8921889150266283,100.0,125.0,5.0,0.8921889150266278,10.0,200.0,3000.0,0.8921889150266283,500.0,0.0,0.0,1.0,0.0,31135
75.0,0.8921889150266283,100.0,125.0,5.0,0.8921889150266278,10.0,200.0,3000.0,0.8921889150266283,400.0,0.0,0.0,0.0,1.0,31815
75.0,0.8921889150266283,100.0,125.0,5.0,0.8921889150266278,10.0,200.0,3000.0,0.8921889150266283,450.0,0.0,0.0,0.0,0.0,31045
75.0,0.8921889150266283,100.0,125.0,5.0,0.8921889150266278,10.0,200.0,3000.0,0.8921889150266283,500.0,1.0,0.0,1.0,0.0,31555
75.0,0.8921889150266283,100.0,125.0,5.0,0.8921889150266278,10.0,200.0,3000.0,0.8921889150266283,400.0,1.0,0.0,0.0,1.0,30575
75.0,0.8921889150266283,100.0,125.0,5.0,0.8921889150266278,10.0,200.0,3000.0,0.8921889150266283,450.0,1.0,0.0,0.0,0.0,31135
75.0,0.8921889150266283,100.0,125.0,5.0,0.8921889150266278,10.0,200.0,3000.0,0.8921889150266283,400.0,1.0,0.0,0.0,1.0,31625
75.0,0.8921889150266283,100.0,125.0,5.0,0.8921889150266278,10.0,200.0,3000.0,0.8921889150266283,500.0,1.0,0.0,1.0,0.0,32345
75.0,0.8921889150266283,100.0,125.0,5.0,0.8921889150266278,10.0,200.0,3000.0,0.8921889150266283,450.0,1.0,0.0,0.0,0.0,31400
75.0,0.8921889150266283,100.0,125.0,5.0,0.8921889150266278,10.0,200.0,3000.0,0.8921889150266283,500.0,1.0,1.0,1.0,0.0,30905
75.0,0.8921889150266283,100.0,125.0,5.0,0.8921889150266278,10.0,200.0,3000.0,0.8921889150266283,400.0,1.0,1.0,0.0,1.0,31535
75.0,0.8921889150266283,100.0,125.0,5.0,0.8921889150266278,10.0,200.0,3000.0,0.8921889150266283,450.0,0.0,1.0,0.0,0.0,31555
75.0,0.8921889150266283,100.0,125.0,5.0,0.8921889150266278,10.0,200.0,3000.0,0.8921889150266283,500.0,0.0,1.0,1.0,0.0,31035
75.0,0.8921889150266283,100.0,125.0,5.0,0.8921889150266278,10.0,200.0,3000.0,0.8921889150266283,400.0,0.0,1.0,0.0,1.0,32050
75.0,0.8921889150266283,100.0,125.0,5.0,0.8921889150266278,10.0,200.0,3000.0,0.8921889150266283,450.0,0.0,1.0,0.0,0.0,30250
75.0,0.8921889150266283,100.0,125.0,5.0,0.8921889150266278,10.0,200.0,3000.0,0.8921889150266283,400.0,0.0,1.0,0.0,1.0,31135
75.0,0.8921889150266283,100.0,125.0,5.0,0.8921889150266278,10.0,200.0,3000.0,0.8921889150266283,500.0,0.0,1.0,1.0,0.0,31815
75.0,0.8921889150266283,100.0,125.0,5.0,0.8921889150266278,10.0,200.0,3000.0,0.8921889150266283,450.0,0.0,1.0,0.0,0.0,31045
75.0,0.8921889150266283,100.0,125.0,5.0,0.8921889150266278,10.0,200.0,3000.0,0.8921889150266283,500.0,0.0,1.0,1.0,0.0,31555
75.0,0.8921889150266283,100.0,125.0,5.0,0.8921889150266278,10.0,200.0,3000.0,0.8921889150266283,400.0,1.0,1.0,0.0,1.0,30575
75.0,0.8921889150266283,100.0,125.0,5.0,0.8921889150266278,10.0,200.0,3000.0,0.8921889150266283,450.0,1.0,1.0,0.0,0.0,31135
75.0,0.8921889150266283,100.0,125.0,5.0,0.8921889150266278,10.0,200.0,3000.0,0.8921889150266283,500.0,1.0,0.0,1.0,0.0,31625
75.0,0.8921889150266283,100.0,125.0,5.0,0.8921889150266278,10.0,200.0,3000.0,0.8921889150266283,400.0,1.0,0.0,0.0,1.0,32345
75.0,0.8921889150266283,100.0,125.0,5.0,0.8921889150266278,10.0,200.0,3000.0,0.8921889150266283,450.0,1.0,0.0,0.0,0.0,31400
75.0,0.8921889150266283,100.0,125.0,5.0,0.8921889150266278,10.0,200.0,3000.0,0.8921889150266283,400.0,1.0,0.0,0.0,1.0,30905
75.0,0.8921889150266283,100.0,125.0,5.0,0.8921889150266278,10.0,200.0,3000.0,0.8921889150266283,500.0,1.0,0.0,1.0,0.0,31535
75.0,0.8921889150266283,100.0,125.0,5.0,0.8921889150266278,10.0,200.0,3000.0,0.8921889150266283,500.0,0.0,0.0,1.0,0.0,31555
75.0,0.8921889150266283,100.0,125.0,5.0,0.8921889150266278,10.0,200.0,3000.0,0.8921889150266283,500.0,1.0,0.0,1.0,0.0,31035
75.0,0.8921889150266283,100.0,125.0,5.0,0.8921889150266278,10.0,200.0,3000.0,0.8921889150266283,500.0,0.0,0.0,1.0,0.0,32050
75.0,0.8921889150266283,100.0,125.0,5.0,0.8921889150266278,10.0,200.0,3000.0,0.8921889150266283,450.0,1.0,0.0,0.0,0.0,30250
75.0,0.8921889150266283,100.0,125.0,5.0,0.8921889150266278,10.0,200.0,3000.0,0.8921889150266283,500.0,0.0,0.0,1.0,0.0,31135
75.0,0.8921889150266283,100.0,125.0,5.0,0.8921889150266278,10.0,200.0,3000.0,0.8921889150266283,500.0,0.0,1.0,1.0,0.0,31815
75.0,0.8921889150266283,100.0,125.0,5.0,0.8921889150266278,10.0,200.0,3000.0,0.8921889150266283,500.0,1.0,1.0,1.0,0.0,31045
75.0,0.8921889150266283,100.0,125.0,5.0,0.8921889150266278,10.0,200.0,3000.0,0.8921889150266283,400.0,0.0,1.0,0.0,1.0,31555
75.0,0.8921889150266283,100.0,125.0,5.0,0.8921889150266278,10.0,200.0,3000.0,0.8921889150266283,400.0,1.0,1.0,0.0,1.0,30575
75.0,0.8921889150266283,100.0,125.0,5.0,0.8921889150266278,10.0,200.0,3000.0,0.8921889150266283,400.0,0.0,1.0,0.0,1.0,31135
75.0,0.8921889150266283,100.0,125.0,5.0,0.8921889150266278,10.0,200.0,3000.0,0.8921889150266283,500.0,1.0,1.0,1.0,0.0,31625
75.0,0.8921889150266283,100.0,125.0,5.0,0.8921889150266278,10.0,200.0,3000.0,0.8921889150266283,400.0,0.0,1.0,0.0,1.0,32345
75.0,0.8921889150266283,100.0,125.0,5.0,0.8921889150266278,10.0,200.0,3000.0,0.8921889150266283,450.0,1.0,1.0,0.0,0.0,31400
75.0,0.8921889150266283,100.0,125.0,5.0,0.8921889150266278,10.0,200.0,3000.0,0.8921889150266283,400.0,1.0,1.0,0.0,1.0,30905
75.0,0.8921889150266283,100.0,125.0,5.0,0.8921889150266278,10.0,200.0,3000.0,0.8921889150266283,400.0,0.0,1.0,0.0,1.0,31535
75.0,0.8921889150266283,100.0,125.0,5.0,0.8921889150266278,10.0,200.0,3000.0,0.8921889150266283,450.0,1.0,1.0,0.0,0.0,31555
75.0,0.8921889150266283,100.0,125.0,5.0,0.8921889150266278,10.0,200.0,3000.0,0.8921889150266283,500.0,1.0,1.0,1.0,0.0,31035
75.0,0.8921889150266283,100.0,125.0,5.0,0.8921889150266278,10.0,200.0,3000.0,0.8921889150266283,400.0,0.0,1.0,0.0,1.0,32050
75.0,0.8921889150266283,100.0,125.0,5.0,0.8921889150266278,10.0,200.0,3000.0,0.8921889150266283,450.0,1.0,1.0,0.0,0.0,30250
75.0,0.8921889150266283,100.0,125.0,5.0,0.8921889150266278,10.0,200.0,3000.0,0.8921889150266283,500.0,1.0,1.0,1.0,0.0,31135
75.0,0.8921889150266283,100.0,125.0,5.0,0.8921889150266278,10.0,200.0,3000.0,0.8921889150266283,400.0,1.0,1.0,0.0,1.0,31815
75.0,0.8921889150266283,100.0,125.0,5.0,0.8921889150266278,10.0,200.0,3000.0,0.8921889150266283,450.0,1.0,1.0,0.0,0.0,31045
75.0,0.8921889150266283,100.0,125.0,5.0,0.8921889150266278,10.0,200.0,3000.0,0.8921889150266283,400.0,0.0,1.0,0.0,1.0,31555
75.0,0.8921889150266283,100.0,125.0,5.0,0.8921889150266278,10.0,200.0,3000.0,0.8921889150266283,500.0,1.0,1.0,1.0,0.0,30575
75.0,0.8921889150266283,100.0,125.0,5.0,0.8921889150266278,10.0,200.0,3000.0,0.8921889150266283,450.0,0.0,1.0,0.0,0.0,31135
75.0,0.8921889150266283,100.0,125.0,5.0,0.8921889150266278,10.0,200.0,3000.0,0.8921889150266283,500.0,1.0,1.0,1.0,0.0,31625
75.0,0.8921889150266283,100.0,125.0,5.0,0.8921889150266278,10.0,200.0,3000.0,0.8921889150266283,400.0,1.0,1.0,0.0,1.0,32345
75.0,0.8921889150266283,100.0,125.0,5.0,0.8921889150266278,10.0,200.0,3000.0,0.8921889150266283,450.0,0.0,1.0,0.0,0.0,31400
75.0,0.8921889150266283,100.0,125.0,5.0,0.8921889150266278,10.0,200.0,3000.0,0.8921889150266283,500.0,1.0,1.0,1.0,0.0,30905
75.0,0.8921889150266283,100.0,125.0,5.0,0.8921889150266278,10.0,200.0,3000.0,0.8921889150266283,400.0,0.0,1.0,0.0,1.0,31535
75.0,0.8921889150266283,100.0,125.0,5.0,0.8921889150266278,10.0,200.0,3000.0,0.8921889150266283,450.0,0.0,1.0,0.0,0.0,31555
75.0,0.8921889150266283,100.0,125.0,5.0,0.8921889150266278,10.0,200.0,3000.0,0.8921889150266283,400.0,1.0,1.0,0.0,1.0,31035
75.0,0.8921889150266283,100.0,125.0,5.0,0.8921889150266278,10.0,200.0,3000.0,0.8921889150266283,500.0,0.0,1.0,1.0,0.0,32050
75.0,0.8921889150266283,100.0,125.0,5.0,0.8921889150266278,10.0,200.0,3000.0,0.8921889150266283,450.0,0.0,1.0,0.0,0.0,30250
75.0,0.8921889150266283,100.0,125.0,5.0,0.8921889150266278,10.0,200.0,3000.0,0.8921889150266283,500.0,0.0,1.0,1.0,0.0,31135
75.0,0.8921889150266283,100.0,125.0,5.0,0.8921889150266278,10.0,200.0,3000.0,0.8921889150266283,400.0,0.0,1.0,0.0,1.0,31815
75.0,0.8921889150266283,100.0,125.0,5.0,0.8921889150266278,10.0,200.0,3000.0,0.8921889150266283,450.0,1.0,1.0,0.0,0.0,31045
75.0,0.8921889150266283,100.0,125.0,5.0,0.8921889150266278,10.0,200.0,3000.0,0.8921889150266283,500.0,0.0,1.0,1.0,0.0,31555
75.0,0.8921889150266283,100.0,125.0,5.0,0.8921889150266278,10.0,200.0,3000.0,0.8921889150266283,400.0,1.0,1.0,0.0,1.0,30575
75.0,0.8921889150266283,100.0,125.0,5.0,0.8921889150266278,10.0,200.0,3000.0,0.8921889150266283,450.0,1.0,1.0,0.0,0.0,31135
75.0,0.8921889150266283,100.0,125.0,5.0,0.8921889150266278,10.0,200.0,3000.0,0.8921889150266283,400.0,0.0,1.0,0.0,1.0,30100
75.0,0.8921889150266283,100.0,125.0,5.0,0.8921889150266278,10.0,200.0,3000.0,0.8921889150266283,500.0,1.0,0.0,1.0,0.0,32085
75.0,0.8921889150266283,100.0,125.0,5.0,0.8921889150266278,10.0,200.0,3000.0,0.8921889150266283,500.0,1.0,0.0,1.0,0.0,31980
75.0,0.8921889150266283,100.0,125.0,5.0,0.8921889150266278,10.0,200.0,3000.0,0.8921889150266283,500.0,1.0,0.0,1.0,0.0,31555
75.0,0.8921889150266283,100.0,125.0,5.0,0.8921889150266278,10.0,200.0,3000.0,0.8921889150266283,500.0,0.0,0.0,1.0,0.0,30405
75.0,0.8921889150266283,100.0,125.0,5.0,0.8921889150266278,10.0,200.0,3000.0,0.8921889150266283,450.0,0.0,0.0,0.0,0.0,31420
75.0,0.8921889150266283,100.0,125.0,5.0,0.8921889150266278,10.0,200.0,3000.0,0.8921889150266283,500.0,0.0,0.0,1.0,0.0,30965
75.0,0.8921889150266283,100.0,125.0,5.0,0.8921889150266278,10.0,200.0,3000.0,0.8921889150266283,500.0,1.0,0.0,1.0,0.0,31140
75.0,0.8921889150266283,100.0,125.0,5.0,0.8921889150266278,10.0,200.0,3000.0,0.8921889150266283,500.0,0.0,0.0,1.0,0.0,28615
75.0,0.8921889150266283,100.0,125.0,5.0,0.8921889150266278,10.0,200.0,3000.0,0.8921889150266283,400.0,1.0,0.0,0.0,1.0,30250
75.0,0.8921889150266283,100.0,125.0,5.0,0.8921889150266278,10.0,200.0,3000.0,0.8921889150266283,400.0,0.0,0.0,0.0,1.0,30610
75.0,0.8921889150266283,100.0,125.0,5.0,0.8921889150266278,10.0,200.0,3000.0,0.8921889150266283,400.0,0.0,0.0,0.0,1.0,30575
75.0,0.8921889150266283,100.0,125.0,5.0,0.8921889150266278,10.0,200.0,3000.0,0.8921889150266283,500.0,1.0,1.0,1.0,0.0,30075
75.0,0.8921889150266283,100.0,125.0,5.0,0.8921889150266278,10.0,200.0,3000.0,0.8921889150266283,400.0,1.0,1.0,0.0,1.0,31605
75.0,0.8921889150266283,100.0,125.0,5.0,0.8921889150266278,10.0,200.0,3000.0,0.8921889150266283,450.0,0.0,1.0,0.0,0.0,31065
75.0,0.8921889150266283,100.0,125.0,5.0,0.8921889150266278,10.0,200.0,3000.0,0.8921889150266283,400.0,1.0,1.0,0.0,1.0,31135
75.0,0.8921889150266283,100.0,125.0,5.0,0.8921889150266278,10.0,200.0,3000.0,0.8921889150266283,400.0,0.0,1.0,0.0,1.0,32080
75.0,0.8921889150266283,100.0,125.0,5.0,0.8921889150266278,10.0,200.0,3000.0,0.8921889150266283,450.0,1.0,1.0,0.0,0.0,31135
75.0,0.8921889150266283,100.0,125.0,5.0,0.8921889150266278,10.0,200.0,3000.0,0.8921889150266283,500.0,1.0,1.0,1.0,0.0,31810
75.0,0.8921889150266283,100.0,125.0,5.0,0.8921889150266278,10.0,200.0,3000.0,0.8921889150266283,400.0,0.0,1.0,0.0,1.0,30885
75.0,0.8921889150266283,100.0,125.0,5.0,0.8921889150266278,10.0,200.0,3000.0,0.8921889150266283,450.0,1.0,1.0,0.0,0.0,31430
75.0,0.8921889150266283,100.0,125.0,5.0,0.8921889150266278,10.0,200.0,3000.0,0.8921889150266283,500.0,0.0,1.0,1.0,0.0,30755
75.0,0.8921889150266283,100.0,125.0,5.0,0.8921889150266278,10.0,200.0,3000.0,0.8921889150266283,400.0,1.0,1.0,0.0,1.0,30945
75.0,0.8921889150266283,100.0,125.0,5.0,0.8921889150266278,10.0,200.0,3000.0,0.8921889150266283,450.0,0.0,1.0,0.0,0.0,31815
75.0,0.8921889150266283,100.0,125.0,5.0,0.8921889150266278,10.0,200.0,3000.0,0.8921889150266283,400.0,0.0,1.0,0.0,1.0,30460
75.0,0.8921889150266283,100.0,125.0,5.0,0.8921889150266278,10.0,200.0,3000.0,0.8921889150266283,500.0,1.0,1.0,1.0,0.0,30960
75.0,0.8921889150266283,100.0,125.0,5.0,0.8921889150266278,10.0,200.0,3000.0,0.8921889150266283,450.0,0.0,1.0,0.0,0.0,32020
75.0,0.8921889150266283,100.0,125.0,5.0,0.8921889150266278,10.0,200.0,3000.0,0.8921889150266283,500.0,1.0,1.0,1.0,0.0,32090
75.0,0.8921889150266283,100.0,125.0,5.0,0.8921889150266278,10.0,200.0,3000.0,0.8921889150266283,400.0,0.0,1.0,0.0,1.0,31780
75.0,0.8921889150266283,100.0,125.0,5.0,0.8921889150266278,10.0,200.0,3000.0,0.8921889150266283,450.0,1.0,1.0,0.0,0.0,30795
75.0,0.8921889150266283,100.0,125.0,5.0,0.8921889150266278,10.0,200.0,3000.0,0.8921889150266283,500.0,0.0,1.0,1.0,0.0,31045
75.0,0.8921889150266283,100.0,125.0,5.0,0.8921889150266278,10.0,200.0,3000.0,0.8921889150266283,400.0,1.0,1.0,0.0,1.0,30575
75.0,0.8921889150266283,100.0,125.0,5.0,0.8921889150266278,10.0,200.0,3000.0,0.8921889150266283,450.0,1.0,1.0,0.0,0.0,32155
75.0,0.8921889150266283,100.0,125.0,5.0,0.8921889150266278,10.0,200.0,3000.0,0.8921889150266283,400.0,1.0,1.0,0.0,1.0,30355
75.0,0.8921889150266283,100.0,125.0,5.0,0.8921889150266278,10.0,200.0,3000.0,0.8921889150266283,500.0,1.0,1.0,1.0,0.0,31625
75.0,0.8921889150266283,100.0,125.0,5.0,0.8921889150266278,10.0,200.0,3000.0,0.8921889150266283,450.0,0.0,1.0,0.0,0.0,32345
75.0,0.8921889150266283,100.0,125.0,5.0,0.8921889150266278,10.0,200.0,3000.0,0.8921889150266283,500.0,1.0,1.0,1.0,0.0,31400
75.0,0.8921889150266283,100.0,125.0,5.0,0.8921889150266278,10.0,200.0,3000.0,0.8921889150266283,400.0,1.0,1.0,0.0,1.0,30540
75.0,0.8921889150266283,100.0,125.0,5.0,0.8921889150266278,10.0,200.0,3000.0,0.8921889150266283,450.0,0.0,1.0,0.0,0.0,30905
75.0,0.8921889150266283,100.0,125.0,5.0,0.8921889150266278,10.0,200.0,3000.0,0.8921889150266283,500.0,1.0,1.0,1.0,0.0,30805
75.0,0.8921889150266283,100.0,125.0,5.0,0.8921889150266278,10.0,200.0,3000.0,0.8921889150266283,400.0,1.0,1.0,0.0,1.0,31535
75.0,0.8921889150266283,100.0,125.0,5.0,0.8921889150266278,10.0,200.0,3000.0,0.8921889150266283,450.0,0.0,1.0,0.0,0.0,31555
75.0,0.8921889150266283,100.0,125.0,5.0,0.8921889150266278,10.0,200.0,3000.0,0.8921889150266283,400.0,1.0,1.0,0.0,1.0,30545
75.0,0.8921889150266283,100.0,125.0,5.0,0.8921889150266278,10.0,200.0,3000.0,0.8921889150266283,500.0,1.0,0.0,1.0,0.0,31920
75.0,0.8921889150266283,100.0,125.0,5.0,0.8921889150266278,10.0,200.0,3000.0,0.8921889150266283,500.0,1.0,0.0,1.0,0.0,31035
75.0,0.8921889150266283,100.0,125.0,5.0,0.8921889150266278,10.0,200.0,3000.0,0.8921889150266283,500.0,0.0,0.0,1.0,0.0,30805
75.0,0.8921889150266283,100.0,125.0,5.0,0.8921889150266278,10.0,200.0,3000.0,0.8921889150266283,500.0,1.0,0.0,1.0,0.0,30285
75.0,0.8921889150266283,100.0,125.0,5.0,0.8921889150266278,10.0,200.0,3000.0,0.8921889150266283,450.0,1.0,0.0,0.0,0.0,32050
75.0,0.8921889150266283,100.0,125.0,5.0,0.8921889150266278,10.0,200.0,3000.0,0.8921889150266283,500.0,0.0,0.0,1.0,0.0,30855
75.0,0.8921889150266283,100.0,125.0,5.0,0.8921889150266278,10.0,200.0,3000.0,0.8921889150266283,500.0,0.0,0.0,1.0,0.0,30250
75.0,0.8921889150266283,100.0,125.0,5.0,0.8921889150266278,10.0,200.0,3000.0,0.8921889150266283,500.0,0.0,0.0,1.0,0.0,30610
75.0,0.8921889150266283,100.0,125.0,5.0,0.8921889150266278,10.0,200.0,3000.0,0.8921889150266283,400.0,0.0,0.0,0.0,1.0,30075
75.0,0.8921889150266283,100.0,125.0,5.0,0.8921889150266278,10.0,200.0,3000.0,0.8921889150266283,400.0,0.0,0.0,0.0,1.0,31065
75.0,0.8921889150266283,100.0,125.0,5.0,0.8921889150266278,10.0,200.0,3000.0,0.8921889150266283,400.0,0.0,0.0,0.0,1.0,31135
75.0,0.8921889150266283,100.0,125.0,5.0,0.8921889150266278,10.0,200.0,3000.0,0.8921889150266283,500.0,0.0,0.0,1.0,0.0,31810
75.0,0.8921889150266283,100.0,125.0,5.0,0.8921889150266278,10.0,200.0,3000.0,0.8921889150266283,400.0,1.0,0.0,0.0,1.0,30755
75.0,0.8921889150266283,100.0,125.0,5.0,0.8921889150266278,10.0,200.0,3000.0,0.8921889150266283,450.0,1.0,0.0,0.0,0.0,31815
75.0,0.8921889150266283,100.0,125.0,5.0,0.8921889150266278,10.0,200.0,3000.0,0.8921889150266283,400.0,1.0,0.0,0.0,1.0,32090
75.0,0.8921889150266283,100.0,125.0,5.0,0.8921889150266278,10.0,200.0,3000.0,0.8921889150266283,400.0,1.0,0.0,0.0,1.0,31045
75.0,0.8921889150266283,100.0,125.0,5.0,0.8921889150266278,10.0,200.0,3000.0,0.8921889150266283,450.0,1.0,1.0,0.0,0.0,32155
75.0,0.8921889150266283,100.0,125.0,5.0,0.8921889150266278,10.0,200.0,3000.0,0.8921889150266283,500.0,1.0,1.0,1.0,0.0,31400
75.0,0.8921889150266283,100.0,125.0,5.0,0.8921889150266278,10.0,200.0,3000.0,0.8921889150266283,400.0,1.0,1.0,0.0,1.0,30805
75.0,0.8921889150266283,100.0,125.0,5.0,0.8921889150266278,10.0,200.0,3000.0,0.8921889150266283,450.0,1.0,1.0,0.0,0.0,31555
75.0,0.8921889150266283,100.0,125.0,5.0,0.8921889150266278,10.0,200.0,3000.0,0.8921889150266283,500.0,0.0,1.0,1.0,0.0,30250
75.0,0.8921889150266283,100.0,125.0,5.0,0.8921889150266278,10.0,200.0,3000.0,0.8921889150266283,400.0,0.0,1.0,0.0,1.0,30610
75.0,0.8921889150266283,100.0,125.0,5.0,0.8921889150266278,10.0,200.0,3000.0,0.8921889150266283,450.0,0.0,1.0,0.0,0.0,30575
75.0,0.8921889150266283,100.0,125.0,5.0,0.8921889150266278,10.0,200.0,3000.0,0.8921889150266283,400.0,0.0,1.0,0.0,1.0,31605
75.0,0.8921889150266283,100.0,125.0,5.0,0.8921889150266278,10.0,200.0,3000.0,0.8921889150266283,500.0,1.0,0.0,1.0,0.0,31135
75.0,0.8921889150266283,100.0,125.0,5.0,0.8921889150266278,10.0,200.0,3000.0,0.8921889150266283,450.0,0.0,0.0,0.0,0.0,32080
75.0,0.8921889150266283,100.0,125.0,5.0,0.8921889150266278,10.0,200.0,3000.0,0.8921889150266283,500.0,0.0,0.0,1.0,0.0,30885
75.0,0.8921889150266283,100.0,125.0,5.0,0.8921889150266278,10.0,200.0,3000.0,0.8921889150266283,400.0,0.0,0.0,0.0,1.0,30945
75.0,0.8921889150266283,100.0,125.0,5.0,0.8921889150266278,10.0,200.0,3000.0,0.8921889150266283,450.0,1.0,0.0,0.0,0.0,30460
75.0,0.8921889150266283,100.0,125.0,5.0,0.8921889150266278,10.0,200.0,3000.0,0.8921889150266283,500.0,1.0,0.0,1.0,0.0,31780
75.0,0.8921889150266283,100.0,125.0,5.0,0.8921889150266278,10.0,200.0,3000.0,0.8921889150266283,400.0,1.0,0.0,0.0,1.0,30575
75.0,0.8921889150266283,100.0,125.0,5.0,0.8921889150266278,10.0,200.0,3000.0,0.8921889150266283,450.0,1.0,0.0,0.0,0.0,30355
75.0,0.8921889150266283,100.0,125.0,5.0,0.8921889150266278,10.0,200.0,3000.0,0.8921889150266283,400.0,1.0,0.0,0.0,1.0,30540
75.0,0.8921889150266283,100.0,125.0,5.0,0.8921889150266278,10.0,200.0,3000.0,0.8921889150266283,500.0,1.0,1.0,1.0,0.0,31535
75.0,0.8921889150266283,100.0,125.0,5.0,0.8921889150266278,10.0,200.0,3000.0,0.8921889150266283,450.0,1.0,1.0,0.0,0.0,30545
75.0,0.8921889150266283,100.0,125.0,5.0,0.8921889150266278,10.0,200.0,3000.0,0.8921889150266283,500.0,0.0,1.0,1.0,0.0,31625
75.0,0.8921889150266283,100.0,125.0,5.0,0.8921889150266278,10.0,200.0,3000.0,0.8921889150266283,400.0,1.0,1.0,0.0,1.0,32345
75.0,0.8921889150266283,100.0,125.0,5.0,0.8921889150266278,10.0,200.0,3000.0,0.8921889150266283,450.0,0.0,1.0,0.0,0.0,31400
75.0,0.8921889150266283,100.0,125.0,5.0,0.8921889150266278,10.0,200.0,3000.0,0.8921889150266283,500.0,1.0,1.0,1.0,0.0,30905
75.0,0.8921889150266283,100.0,125.0,5.0,0.8921889150266278,10.0,200.0,3000.0,0.8921889150266283,400.0,0.0,1.0,0.0,1.0,31535
75.0,0.8921889150266283,100.0,125.0,5.0,0.8921889150266278,10.0,200.0,3000.0,0.8921889150266283,450.0,0.0,1.0,0.0,0.0,31555
75.0,0.8921889150266283,100.0,125.0,5.0,0.8921889150266278,10.0,200.0,3000.0,0.8921889150266283,400.0,1.0,1.0,0.0,1.0,31035
75.0,0.8921889150266283,100.0,125.0,5.0,0.8921889150266278,10.0,200.0,3000.0,0.8921889150266283,500.0,0.0,1.0,1.0,0.0,32050
75.0,0.8921889150266283,100.0,125.0,5.0,0.8921889150266278,10.0,200.0,3000.0,0.8921889150266283,500.0,1.0,1.0,1.0,0.0,30250
75.0,0.8921889150266283,100.0,125.0,5.0,0.8921889150266278,10.0,200.0,3000.0,0.8921889150266283,500.0,0.0,1.0,1.0,0.0,31135
75.0,0.8921889150266283,100.0,125.0,5.0,0.8921889150266278,10.0,200.0,3000.0,0.8921889150266283,500.0,1.0,1.0,1.0,0.0,31815
75.0,0.8921889150266283,100.0,125.0,5.0,0.8921889150266278,10.0,200.0,3000.0,0.8921889150266283,450.0,0.0,1.0,0.0,0.0,31045
75.0,0.8921889150266283,100.0,125.0,5.0,0.8921889150266278,10.0,200.0,3000.0,0.8921889150266283,500.0,1.0,1.0,1.0,0.0,31555
75.0,0.8921889150266283,100.0,125.0,5.0,0.8921889150266278,10.0,200.0,3000.0,0.8921889150266283,500.0,1.0,1.0,1.0,0.0,30575
75.0,0.8921889150266283,100.0,125.0,5.0,0.8921889150266278,10.0,200.0,3000.0,0.8921889150266283,500.0,0.0,1.0,1.0,0.0,31135
75.0,0.8921889150266283,100.0,125.0,5.0,0.8921889150266278,10.0,200.0,3000.0,0.8921889150266283,400.0,1.0,1.0,0.0,1.0,31625
75.0,0.8921889150266283,100.0,125.0,5.0,0.8921889150266278,10.0,200.0,3000.0,0.8921889150266283,400.0,1.0,0.0,0.0,1.0,32345
75.0,0.8921889150266283,100.0,125.0,5.0,0.8921889150266278,10.0,200.0,3000.0,0.8921889150266283,400.0,0.0,0.0,0.0,1.0,31400
75.0,0.8921889150266283,100.0,125.0,5.0,0.8921889150266278,10.0,200.0,3000.0,0.8921889150266283,500.0,1.0,0.0,1.0,0.0,30905
75.0,0.8921889150266283,100.0,125.0,5.0,0.8921889150266278,10.0,200.0,3000.0,0.8921889150266283,400.0,1.0,0.0,0.0,1.0,31535
75.0,0.8921889150266283,100.0,125.0,5.0,0.8921889150266278,10.0,200.0,3000.0,0.8921889150266283,450.0,1.0,0.0,0.0,0.0,31555
75.0,0.8921889150266283,100.0,125.0,5.0,0.8921889150266278,10.0,200.0,3000.0,0.8921889150266283,400.0,1.0,0.0,0.0,1.0,31035
75.0,0.8921889150266283,100.0,125.0,5.0,0.8921889150266278,10.0,200.0,3000.0,0.8921889150266283,400.0,0.0,0.0,0.0,1.0,32050
75.0,0.8921889150266283,100.0,125.0,5.0,0.8921889150266278,10.0,200.0,3000.0,0.8921889150266283,450.0,1.0,0.0,0.0,0.0,30250
75.0,0.8921889150266283,100.0,125.0,5.0,0.8921889150266278,10.0,200.0,3000.0,0.8921889150266283,500.0,0.0,0.0,1.0,0.0,31135
75.0,0.8921889150266283,100.0,125.0,5.0,0.8921889150266278,10.0,200.0,3000.0,0.8921889150266283,400.0,1.0,0.0,0.0,1.0,31815
75.0,0.8921889150266283,100.0,125.0,5.0,0.8921889150266278,10.0,200.0,3000.0,0.8921889150266283,450.0,1.0,1.0,0.0,0.0,31045
75.0,0.8921889150266283,100.0,125.0,5.0,0.8921889150266278,10.0,200.0,3000.0,0.8921889150266283,500.0,0.0,1.0,1.0,0.0,31555
75.0,0.8921889150266283,100.0,125.0,5.0,0.8921889150266278,10.0,200.0,3000.0,0.8921889150266283,400.0,1.0,1.0,0.0,1.0,30575
75.0,0.8921889150266283,100.0,125.0,5.0,0.8921889150266278,10.0,200.0,3000.0,0.8921889150266283,450.0,0.0,1.0,0.0,0.0,31135
75.0,0.8921889150266283,100.0,125.0,5.0,0.8921889150266278,10.0,200.0,3000.0,0.8921889150266283,400.0,0.0,1.0,0.0,1.0,31625
75.0,0.8921889150266283,100.0,125.0,5.0,0.8921889150266278,10.0,200.0,3000.0,0.8921889150266283,500.0,1.0,1.0,1.0,0.0,32345
75.0,0.8921889150266283,100.0,125.0,5.0,0.8921889150266278,10.0,200.0,3000.0,0.8921889150266283,450.0,0.0,1.0,0.0,0.0,31400
75.0,0.8921889150266283,100.0,125.0,5.0,0.8921889150266278,10.0,200.0,3000.0,0.8921889150266283,500.0,0.0,1.0,1.0,0.0,30905
75.0,0.8921889150266283,100.0,125.0,5.0,0.8921889150266278,10.0,200.0,3000.0,0.8921889150266283,400.0,0.0,1.0,0.0,1.0,31535
75.0,0.8921889150266283,100.0,125.0,5.0,0.8921889150266278,10.0,200.0,3000.0,0.8921889150266283,450.0,0.0,1.0,0.0,0.0,31555
75.0,0.8921889150266283,100.0,125.0,5.0,0.8921889150266278,10.0,200.0,3000.0,0.8921889150266283,500.0,1.0,1.0,1.0,0.0,31035
75.0,0.8921889150266283,100.0,125.0,5.0,0.8921889150266278,10.0,200.0,3000.0,0.8921889150266283,400.0,0.0,0.0,0.0,1.0,32050
75.0,0.8921889150266283,100.0,125.0,5.0,0.8921889150266278,10.0,200.0,3000.0,0.8921889150266283,450.0,1.0,0.0,0.0,0.0,30250
75.0,0.8921889150266283,100.0,125.0,5.0,0.8921889150266278,10.0,200.0,3000.0,0.8921889150266283,400.0,1.0,0.0,0.0,1.0,31135
75.0,0.8921889150266283,100.0,125.0,5.0,0.8921889150266278,10.0,200.0,3000.0,0.8921889150266283,500.0,0.0,0.0,1.0,0.0,31815
75.0,0.8921889150266283,100.0,125.0,5.0,0.8921889150266278,10.0,200.0,3000.0,0.8921889150266283,450.0,1.0,0.0,0.0,0.0,31045
75.0,0.8921889150266283,100.0,125.0,5.0,0.8921889150266278,10.0,200.0,3000.0,0.8921889150266283,500.0,1.0,0.0,1.0,0.0,31555
75.0,0.8921889150266283,100.0,125.0,5.0,0.8921889150266278,10.0,200.0,3000.0,0.8921889150266283,400.0,1.0,0.0,0.0,1.0,30575
75.0,0.8921889150266283,100.0,125.0,5.0,0.8921889150266278,10.0,200.0,3000.0,0.8921889150266283,450.0,0.0,0.0,0.0,0.0,31135
75.0,0.8921889150266283,100.0,125.0,5.0,0.8921889150266278,10.0,200.0,3000.0,0.8921889150266283,500.0,0.0,0.0,1.0,0.0,31625
75.0,0.8921889150266283,100.0,125.0,5.0,0.8921889150266278,10.0,200.0,3000.0,0.8921889150266283,400.0,0.0,0.0,0.0,1.0,32345
75.0,0.8921889150266283,100.0,125.0,5.0,0.8921889150266278,10.0,200.0,3000.0,0.8921889150266283,450.0,1.0,1.0,0.0,0.0,31400
75.0,0.8921889150266283,100.0,125.0,5.0,0.8921889150266278,10.0,200.0,3000.0,0.8921889150266283,400.0,0.0,1.0,0.0,1.0,30905
75.0,0.8921889150266283,100.0,125.0,5.0,0.8921889150266278,10.0,200.0,3000.0,0.8921889150266283,500.0,1.0,1.0,1.0,0.0,31535
75.0,0.8921889150266283,100.0,125.0,5.0,0.8921889150266278,10.0,200.0,3000.0,0.8921889150266283,500.0,0.0,1.0,1.0,0.0,31555
75.0,0.8921889150266283,100.0,125.0,5.0,0.8921889150266278,10.0,200.0,3000.0,0.8921889150266283,500.0,0.0,1.0,1.0,0.0,31035
75.0,0.8921889150266283,100.0,125.0,5.0,0.8921889150266278,10.0,200.0,3000.0,0.8921889150266283,500.0,1.0,1.0,1.0,0.0,32050
75.0,0.8921889150266283,100.0,125.0,5.0,0.8921889150266278,10.0,200.0,3000.0,0.8921889150266283,450.0,1.0,1.0,0.0,0.0,30250
75.0,0.8921889150266283,100.0,125.0,5.0,0.8921889150266278,10.0,200.0,3000.0,0.8921889150266283,500.0,0.0,1.0,1.0,0.0,31135
75.0,0.8921889150266283,100.0,125.0,5.0,0.8921889150266278,10.0,200.0,3000.0,0.8921889150266283,500.0,1.0,1.0,1.0,0.0,31815
75.0,0.8921889150266283,100.0,125.0,5.0,0.8921889150266278,10.0,200.0,3000.0,0.8921889150266283,500.0,0.0,1.0,1.0,0.0,31045
75.0,0.8921889150266283,100.0,125.0,5.0,0.8921889150266278,10.0,200.0,3000.0,0.8921889150266283,400.0,1.0,1.0,0.0,1.0,31555
75.0,0.8921889150266283,100.0,125.0,5.0,0.8921889150266278,10.0,200.0,3000.0,0.8921889150266283,400.0,1.0,1.0,0.0,1.0,30575
75.0,0.8921889150266283,100.0,125.0,5.0,0.8921889150266278,10.0,200.0,3000.0,0.8921889150266283,400.0,0.0,1.0,0.0,1.0,31135
75.0,0.8921889150266283,100.0,125.0,5.0,0.8921889150266278,10.0,200.0,3000.0,0.8921889150266283,500.0,1.0,0.0,1.0,0.0,31625
75.0,0.8921889150266283,100.0,125.0,5.0,0.8921889150266278,10.0,200.0,3000.0,0.8921889150266283,400.0,0.0,0.0,0.0,1.0,32345
75.0,0.8921889150266283,100.0,125.0,5.0,0.8921889150266278,10.0,200.0,3000.0,0.8921889150266283,450.0,1.0,0.0,0.0,0.0,31400
75.0,0.8921889150266283,100.0,125.0,5.0,0.8921889150266278,10.0,200.0,3000.0,0.8921889150266283,400.0,0.0,0.0,0.0,1.0,30905
75.0,0.8921889150266283,100.0,125.0,5.0,0.8921889150266278,10.0,200.0,3000.0,0.8921889150266283,400.0,0.0,0.0,0.0,1.0,31535
75.0,0.8921889150266283,100.0,125.0,5.0,0.8921889150266278,10.0,200.0,3000.0,0.8921889150266283,450.0,1.0,0.0,0.0,0.0,31555
75.0,0.8921889150266283,100.0,125.0,5.0,0.8921889150266278,10.0,200.0,3000.0,0.8921889150266283,500.0,0.0,0.0,1.0,0.0,31035
75.0,0.8921889150266283,100.0,125.0,5.0,0.8921889150266278,10.0,200.0,3000.0,0.8921889150266283,400.0,1.0,0.0,0.0,1.0,32050
75.0,0.8921889150266283,100.0,125.0,5.0,0.8921889150266278,10.0,200.0,3000.0,0.8921889150266283,450.0,0.0,0.0,0.0,0.0,30250
75.0,0.8921889150266283,100.0,125.0,5.0,0.8921889150266278,10.0,200.0,3000.0,0.8921889150266283,500.0,1.0,0.0,1.0,0.0,31135
75.0,0.8921889150266283,100.0,125.0,5.0,0.8921889150266278,10.0,200.0,3000.0,0.8921889150266283,400.0,0.0,0.0,0.0,1.0,31815
75.0,0.8921889150266283,100.0,125.0,5.0,0.8921889150266278,10.0,200.0,3000.0,0.8921889150266283,450.0,1.0,1.0,0.0,0.0,31045
75.0,0.8921889150266283,100.0,125.0,5.0,0.8921889150266278,10.0,200.0,3000.0,0.8921889150266283,400.0,1.0,1.0,0.0,1.0,31555
75.0,0.8921889150266283,100.0,125.0,5.0,0.8921889150266278,10.0,200.0,3000.0,0.8921889150266283,500.0,1.0,1.0,1.0,0.0,30575
75.0,0.8921889150266283,100.0,125.0,5.0,0.8921889150266278,10.0,200.0,3000.0,0.8921889150266283,450.0,1.0,1.0,0.0,0.0,31135
75.0,0.8921889150266283,100.0,125.0,5.0,0.8921889150266278,10.0,200.0,3000.0,0.8921889150266283,500.0,0.0,1.0,1.0,0.0,30100
75.0,0.8921889150266283,100.0,125.0,5.0,0.8921889150266278,10.0,200.0,3000.0,0.8921889150266283,400.0,1.0,1.0,0.0,1.0,32085
75.0,0.8921889150266283,100.0,125.0,5.0,0.8921889150266278,10.0,200.0,3000.0,0.8921889150266283,450.0,1.0,1.0,0.0,0.0,31980
75.0,0.8921889150266283,100.0,125.0,5.0,0.8921889150266278,10.0,200.0,3000.0,0.8921889150266283,500.0,0.0,1.0,1.0,0.0,31555
75.0,0.8921889150266283,100.0,125.0,5.0,0.8921889150266278,10.0,200.0,3000.0,0.8921889150266283,400.0,1.0,1.0,0.0,1.0,30405
75.0,0.8921889150266283,100.0,125.0,5.0,0.8921889150266278,10.0,200.0,3000.0,0.8921889150266283,450.0,1.0,1.0,0.0,0.0,31420
75.0,0.8921889150266283,100.0,125.0,5.0,0.8921889150266278,10.0,200.0,3000.0,0.8921889150266283,400.0,0.0,1.0,0.0,1.0,30965
75.0,0.8921889150266283,100.0,125.0,5.0,0.8921889150266278,10.0,200.0,3000.0,0.8921889150266283,500.0,1.0,1.0,1.0,0.0,31140
75.0,0.8921889150266283,100.0,125.0,5.0,0.8921889150266278,10.0,200.0,3000.0,0.8921889150266283,450.0,1.0,1.0,0.0,0.0,29190
75.0,0.8921889150266283,100.0,125.0,5.0,0.8921889150266278,10.0,200.0,3000.0,0.8921889150266283,500.0,1.0,1.0,1.0,0.0,29510
75.0,0.8921889150266283,100.0,125.0,5.0,0.8921889150266278,10.0,200.0,3000.0,0.8921889150266283,400.0,0.0,0.0,0.0,1.0,30250
75.0,0.8921889150266283,100.0,125.0,5.0,0.8921889150266278,10.0,200.0,3000.0,0.8921889150266283,450.0,1.0,0.0,0.0,0.0,30610
75.0,0.8921889150266283,100.0,125.0,5.0,0.8921889150266278,10.0,200.0,3000.0,0.8921889150266283,500.0,1.0,0.0,1.0,0.0,30575
75.0,0.8921889150266283,100.0,125.0,5.0,0.8921889150266278,10.0,200.0,3000.0,0.8921889150266283,400.0,0.0,0.0,0.0,1.0,30075
75.0,0.8921889150266283,100.0,125.0,5.0,0.8921889150266278,10.0,200.0,3000.0,0.8921889150266283,450.0,0.0,0.0,0.0,0.0,31605
75.0,0.8921889150266283,100.0,125.0,5.0,0.8921889150266278,10.0,200.0,3000.0,0.8921889150266283,400.0,0.0,0.0,0.0,1.0,31065
75.0,0.8921889150266283,100.0,125.0,5.0,0.8921889150266278,10.0,200.0,3000.0,0.8921889150266283,500.0,0.0,0.0,1.0,0.0,31135
75.0,0.8921889150266283,100.0,125.0,5.0,0.8921889150266278,10.0,200.0,3000.0,0.8921889150266283,500.0,0.0,0.0,1.0,0.0,32080
75.0,0.8921889150266283,100.0,125.0,5.0,0.8921889150266278,10.0,200.0,3000.0,0.8921889150266283,500.0,0.0,0.0,1.0,0.0,31135
75.0,0.8921889150266283,100.0,125.0,5.0,0.8921889150266278,10.0,200.0,3000.0,0.8921889150266283,500.0,0.0,0.0,1.0,0.0,31810
75.0,0.8921889150266283,100.0,125.0,5.0,0.8921889150266278,10.0,200.0,3000.0,0.8921889150266283,450.0,1.0,0.0,0.0,0.0,30885
75.0,0.8921889150266283,100.0,125.0,5.0,0.8921889150266278,10.0,200.0,3000.0,0.8921889150266283,500.0,1.0,0.0,1.0,0.0,31430
75.0,0.8921889150266283,100.0,125.0,5.0,0.8921889150266278,10.0,200.0,3000.0,0.8921889150266283,500.0,1.0,0.0,1.0,0.0,30755
75.0,0.8921889150266283,100.0,125.0,5.0,0.8921889150266278,10.0,200.0,3000.0,0.8921889150266283,500.0,1.0,0.0,1.0,0.0,30945
75.0,0.8921889150266283,100.0,125.0,5.0,0.8921889150266278,10.0,200.0,3000.0,0.8921889150266283,400.0,1.0,0.0,0.0,1.0,31815
75.0,0.8921889150266283,100.0,125.0,5.0,0.8921889150266278,10.0,200.0,3000.0,0.8921889150266283,400.0,1.0,0.0,0.0,1.0,30460
75.0,0.8921889150266283,100.0,125.0,5.0,0.8921889150266278,10.0,200.0,3000.0,0.8921889150266283,400.0,1.0,0.0,0.0,1.0,30960
75.0,0.8921889150266283,100.0,125.0,5.0,0.8921889150266278,10.0,200.0,3000.0,0.8921889150266283,500.0,1.0,0.0,1.0,0.0,32020
75.0,0.8921889150266283,100.0,125.0,5.0,0.8921889150266278,10.0,200.0,3000.0,0.8921889150266283,400.0,0.0,0.0,0.0,1.0,32090
75.0,0.8921889150266283,100.0,125.0,5.0,0.8921889150266278,10.0,200.0,3000.0,0.8921889150266283,450.0,0.0,0.0,0.0,0.0,31780
75.0,0.8921889150266283,100.0,125.0,5.0,0.8921889150266278,10.0,200.0,3000.0,0.8921889150266283,400.0,0.0,0.0,0.0,1.0,30795
75.0,0.8921889150266283,100.0,125.0,5.0,0.8921889150266278,10.0,200.0,3000.0,0.8921889150266283,400.0,0.0,0.0,0.0,1.0,31045
75.0,0.8921889150266283,100.0,125.0,5.0,0.8921889150266278,10.0,200.0,3000.0,0.8921889150266283,450.0,0.0,0.0,0.0,0.0,30575
75.0,0.8921889150266283,100.0,125.0,5.0,0.8921889150266278,10.0,200.0,3000.0,0.8921889150266283,500.0,0.0,0.0,1.0,0.0,32155
75.0,0.8921889150266283,100.0,125.0,5.0,0.8921889150266278,10.0,200.0,3000.0,0.8921889150266283,400.0,0.0,0.0,0.0,1.0,30355
75.0,0.8921889150266283,100.0,125.0,5.0,0.8921889150266278,10.0,200.0,3000.0,0.8921889150266283,450.0,0.0,0.0,0.0,0.0,31625
75.0,0.8921889150266283,100.0,125.0,5.0,0.8921889150266278,10.0,200.0,3000.0,0.8921889150266283,500.0,1.0,0.0,1.0,0.0,32345
75.0,0.8921889150266283,100.0,125.0,5.0,0.8921889150266278,10.0,200.0,3000.0,0.8921889150266283,400.0,1.0,0.0,0.0,1.0,31400
75.0,0.8921889150266283,100.0,125.0,5.0,0.8921889150266278,10.0,200.0,3000.0,0.8921889150266283,450.0,1.0,0.0,0.0,0.0,30540
75.0,0.8921889150266283,100.0,125.0,5.0,0.8921889150266278,10.0,200.0,3000.0,0.8921889150266283,400.0,1.0,0.0,0.0,1.0,30905
75.0,0.8921889150266283,100.0,125.0,5.0,0.8921889150266278,10.0,200.0,3000.0,0.8921889150266283,500.0,1.0,0.0,1.0,0.0,30805
75.0,0.8921889150266283,100.0,125.0,5.0,0.8921889150266278,10.0,200.0,3000.0,0.8921889150266283,450.0,1.0,0.0,0.0,0.0,31535
75.0,0.8921889150266283,100.0,125.0,5.0,0.8921889150266278,10.0,200.0,3000.0,0.8921889150266283,500.0,1.0,0.0,1.0,0.0,31555
75.0,0.8921889150266283,100.0,125.0,5.0,0.8921889150266278,10.0,200.0,3000.0,0.8921889150266283,400.0,0.0,0.0,0.0,1.0,30545
75.0,0.8921889150266283,100.0,125.0,5.0,0.8921889150266278,10.0,200.0,3000.0,0.8921889150266283,450.0,1.0,0.0,0.0,0.0,31920
75.0,0.8921889150266283,100.0,125.0,5.0,0.8921889150266278,10.0,200.0,3000.0,0.8921889150266283,500.0,0.0,0.0,1.0,0.0,31035
75.0,0.8921889150266283,100.0,125.0,5.0,0.8921889150266278,10.0,200.0,3000.0,0.8921889150266283,400.0,1.0,0.0,0.0,1.0,30805
75.0,0.8921889150266283,100.0,125.0,5.0,0.8921889150266278,10.0,200.0,3000.0,0.8921889150266283,450.0,0.0,0.0,0.0,0.0,30285
75.0,0.8921889150266283,100.0,125.0,5.0,0.8921889150266278,10.0,200.0,3000.0,0.8921889150266283,400.0,0.0,0.0,0.0,1.0,32050
75.0,0.8921889150266283,100.0,125.0,5.0,0.8921889150266278,10.0,200.0,3000.0,0.8921889150266283,500.0,1.0,0.0,1.0,0.0,30855
75.0,0.8921889150266283,100.0,125.0,5.0,0.8921889150266278,10.0,200.0,3000.0,0.8921889150266283,450.0,0.0,0.0,0.0,0.0,30250
75.0,0.8921889150266283,100.0,125.0,5.0,0.8921889150266278,10.0,200.0,3000.0,0.8921889150266283,500.0,1.0,0.0,1.0,0.0,30610
75.0,0.8921889150266283,100.0,125.0,5.0,0.8921889150266278,10.0,200.0,3000.0,0.8921889150266283,400.0,0.0,0.0,0.0,1.0,30075
75.0,0.8921889150266283,100.0,125.0,5.0,0.8921889150266278,10.0,200.0,3000.0,0.8921889150266283,450.0,1.0,0.0,0.0,0.0,31065
75.0,0.8921889150266283,100.0,125.0,5.0,0.8921889150266278,10.0,200.0,3000.0,0.8921889150266283,500.0,0.0,0.0,1.0,0.0,31135
75.0,0.8921889150266283,100.0,125.0,5.0,0.8921889150266278,10.0,200.0,3000.0,0.8921889150266283,400.0,1.0,0.0,0.0,1.0,31810
75.0,0.8921889150266283,100.0,125.0,5.0,0.8921889150266278,10.0,200.0,3000.0,0.8921889150266283,450.0,1.0,1.0,0.0,0.0,30755
75.0,0.8921889150266283,100.0,125.0,5.0,0.8921889150266278,10.0,200.0,3000.0,0.8921889150266283,400.0,0.0,1.0,0.0,1.0,31815
75.0,0.8921889150266283,100.0,125.0,5.0,0.8921889150266278,10.0,200.0,3000.0,0.8921889150266283,500.0,1.0,1.0,1.0,0.0,32090
75.0,0.8921889150266283,100.0,125.0,5.0,0.8921889150266278,10.0,200.0,3000.0,0.8921889150266283,500.0,1.0,1.0,1.0,0.0,31045
75.0,0.8921889150266283,100.0,125.0,5.0,0.8921889150266278,10.0,200.0,3000.0,0.8921889150266283,500.0,0.0,1.0,1.0,0.0,32155
75.0,0.8921889150266283,100.0,125.0,5.0,0.8921889150266278,10.0,200.0,3000.0,0.8921889150266283,500.0,1.0,1.0,1.0,0.0,31400
75.0,0.8921889150266283,100.0,125.0,5.0,0.8921889150266278,10.0,200.0,3000.0,0.8921889150266283,450.0,1.0,1.0,0.0,0.0,30805
75.0,0.8921889150266283,100.0,125.0,5.0,0.8921889150266278,10.0,200.0,3000.0,0.8921889150266283,500.0,1.0,1.0,1.0,0.0,31555
75.0,0.8921889150266283,100.0,125.0,5.0,0.8921889150266278,10.0,200.0,3000.0,0.8921889150266283,500.0,1.0,1.0,1.0,0.0,30250
75.0,0.8921889150266283,100.0,125.0,5.0,0.8921889150266278,10.0,200.0,3000.0,0.8921889150266283,500.0,0.0,1.0,1.0,0.0,30610
75.0,0.8921889150266283,100.0,125.0,5.0,0.8921889150266278,10.0,200.0,3000.0,0.8921889150266283,400.0,1.0,1.0,0.0,1.0,30575
75.0,0.8921889150266283,100.0,125.0,5.0,0.8921889150266278,10.0,200.0,3000.0,0.8921889150266283,400.0,0.0,1.0,0.0,1.0,31605
75.0,0.8921889150266283,100.0,125.0,5.0,0.8921889150266278,10.0,200.0,3000.0,0.8921889150266283,400.0,1.0,0.0,0.0,1.0,31135
75.0,0.8921889150266283,100.0,125.0,5.0,0.8921889150266278,10.0,200.0,3000.0,0.8921889150266283,500.0,1.0,0.0,1.0,0.0,32080
75.0,0.8921889150266283,100.0,125.0,5.0,0.8921889150266278,10.0,200.0,3000.0,0.8921889150266283,400.0,0.0,0.0,0.0,1.0,30885
75.0,0.8921889150266283,100.0,125.0,5.0,0.8921889150266278,10.0,200.0,3000.0,0.8921889150266283,450.0,1.0,0.0,0.0,0.0,30945
75.0,0.8921889150266283,100.0,125.0,5.0,0.8921889150266278,10.0,200.0,3000.0,0.8921889150266283,400.0,0.0,0.0,0.0,1.0,30460
75.0,0.8921889150266283,100.0,125.0,5.0,0.8921889150266278,10.0,200.0,3000.0,0.8921889150266283,400.0,0.0,0.0,0.0,1.0,31780
75.0,0.8921889150266283,100.0,125.0,5.0,0.8921889150266278,10.0,200.0,3000.0,0.8921889150266283,450.0,1.0,0.0,0.0,0.0,30575
75.0,0.8921889150266283,100.0,125.0,5.0,0.8921889150266278,10.0,200.0,3000.0,0.8921889150266283,500.0,0.0,0.0,1.0,0.0,30355
75.0,0.8921889150266283,100.0,125.0,5.0,0.8921889150266278,10.0,200.0,3000.0,0.8921889150266283,400.0,0.0,0.0,0.0,1.0,30540
75.0,0.8921889150266283,100.0,125.0,5.0,0.8921889150266278,10.0,200.0,3000.0,0.8921889150266283,450.0,0.0,0.0,0.0,0.0,31535
75.0,0.8921889150266283,100.0,125.0,5.0,0.8921889150266278,10.0,200.0,3000.0,0.8921889150266283,500.0,0.0,0.0,1.0,0.0,30545
75.0,0.8921889150266283,100.0,125.0,5.0,0.8921889150266278,10.0,200.0,3000.0,0.8921889150266283,400.0,1.0,1.0,0.0,1.0,31625
75.0,0.8921889150266283,100.0,125.0,5.0,0.8921889150266278,10.0,200.0,3000.0,0.8921889150266283,450.0,0.0,1.0,0.0,0.0,32345
75.0,0.8921889150266283,100.0,125.0,5.0,0.8921889150266278,10.0,200.0,3000.0,0.8921889150266283,400.0,1.0,1.0,0.0,1.0,31400
75.0,0.8921889150266283,100.0,125.0,5.0,0.8921889150266278,10.0,200.0,3000.0,0.8921889150266283,500.0,1.0,1.0,1.0,0.0,30905
75.0,0.8921889150266283,100.0,125.0,5.0,0.8921889150266278,10.0,200.0,3000.0,0.8921889150266283,450.0,0.0,1.0,0.0,0.0,31535
75.0,0.8921889150266283,100.0,125.0,5.0,0.8921889150266278,10.0,200.0,3000.0,0.8921889150266283,500.0,1.0,1.0,1.0,0.0,31555
75.0,0.8921889150266283,100.0,125.0,5.0,0.8921889150266278,10.0,200.0,3000.0,0.8921889150266283,400.0,1.0,1.0,0.0,1.0,31035
75.0,0.8921889150266283,100.0,125.0,5.0,0.8921889150266278,10.0,200.0,3000.0,0.8921889150266283,450.0,1.0,1.0,0.0,0.0,32050
75.0,0.8921889150266283,100.0,125.0,5.0,0.8921889150266278,10.0,200.0,3000.0,0.8921889150266283,500.0,0.0,1.0,1.0,0.0,30250
75.0,0.8921889150266283,100.0,125.0,5.0,0.8921889150266278,10.0,200.0,3000.0,0.8921889150266283,400.0,0.0,1.0,0.0,1.0,31135
75.0,0.8921889150266283,100.0,125.0,5.0,0.8921889150266278,10.0,200.0,3000.0,0.8921889150266283,450.0,0.0,1.0,0.0,0.0,31815
75.0,0.8921889150266283,100.0,125.0,5.0,0.8921889150266278,10.0,200.0,3000.0,0.8921889150266283,400.0,1.0,1.0,0.0,1.0,31045
75.0,0.8921889150266283,100.0,125.0,5.0,0.8921889150266278,10.0,200.0,3000.0,0.8921889150266283,500.0,0.0,0.0,1.0,0.0,31555
75.0,0.8921889150266283,100.0,125.0,5.0,0.8921889150266278,10.0,200.0,3000.0,0.8921889150266283,450.0,1.0,0.0,0.0,0.0,30575
75.0,0.8921889150266283,100.0,125.0,5.0,0.8921889150266278,10.0,200.0,3000.0,0.8921889150266283,500.0,0.0,0.0,1.0,0.0,31135
75.0,0.8921889150266283,100.0,125.0,5.0,0.8921889150266278,10.0,200.0,3000.0,0.8921889150266283,400.0,0.0,0.0,0.0,1.0,31625
75.0,0.8921889150266283,100.0,125.0,5.0,0.8921889150266278,10.0,200.0,3000.0,0.8921889150266283,450.0,1.0,0.0,0.0,0.0,32345
75.0,0.8921889150266283,100.0,125.0,5.0,0.8921889150266278,10.0,200.0,3000.0,0.8921889150266283,500.0,1.0,0.0,1.0,0.0,31400
75.0,0.8921889150266283,100.0,125.0,5.0,0.8921889150266278,10.0,200.0,3000.0,0.8921889150266283,400.0,0.0,0.0,0.0,1.0,30905
75.0,0.8921889150266283,100.0,125.0,5.0,0.8921889150266278,10.0,200.0,3000.0,0.8921889150266283,450.0,1.0,0.0,0.0,0.0,31535
75.0,0.8921889150266283,100.0,125.0,5.0,0.8921889150266278,10.0,200.0,3000.0,0.8921889150266283,400.0,0.0,0.0,0.0,1.0,31555
75.0,0.8921889150266283,100.0,125.0,5.0,0.8921889150266278,10.0,200.0,3000.0,0.8921889150266283,500.0,1.0,0.0,1.0,0.0,31035
75.0,0.8921889150266283,100.0,125.0,5.0,0.8921889150266278,10.0,200.0,3000.0,0.8921889150266283,500.0,1.0,0.0,1.0,0.0,32050
75.0,0.8921889150266283,100.0,125.0,5.0,0.8921889150266278,10.0,200.0,3000.0,0.8921889150266283,500.0,0.0,0.0,1.0,0.0,30250
75.0,0.8921889150266283,100.0,125.0,5.0,0.8921889150266278,10.0,200.0,3000.0,0.8921889150266283,500.0,1.0,0.0,1.0,0.0,31135
75.0,0.8921889150266283,100.0,125.0,5.0,0.8921889150266278,10.0,200.0,3000.0,0.8921889150266283,450.0,0.0,0.0,0.0,0.0,31815
75.0,0.8921889150266283,100.0,125.0,5.0,0.8921889150266278,10.0,200.0,3000.0,0.8921889150266283,500.0,1.0,0.0,1.0,0.0,31045
75.0,0.8921889150266283,100.0,125.0,5.0,0.8921889150266278,10.0,200.0,3000.0,0.8921889150266283,500.0,0.0,0.0,1.0,0.0,31555
75.0,0.8921889150266283,100.0,125.0,5.0,0.8921889150266278,10.0,200.0,3000.0,0.8921889150266283,500.0,0.0,0.0,1.0,0.0,30575
75.0,0.8921889150266283,100.0,125.0,5.0,0.8921889150266278,10.0,200.0,3000.0,0.8921889150266283,400.0,1.0,0.0,0.0,1.0,31135
75.0,0.8921889150266283,100.0,125.0,5.0,0.8921889150266278,10.0,200.0,3000.0,0.8921889150266283,400.0,0.0,0.0,0.0,1.0,31625
75.0,0.8921889150266283,100.0,125.0,5.0,0.8921889150266278,10.0,200.0,3000.0,0.8921889150266283,400.0,1.0,0.0,0.0,1.0,32345
75.0,0.8921889150266283,100.0,125.0,5.0,0.8921889150266278,10.0,200.0,3000.0,0.8921889150266283,500.0,0.0,0.0,1.0,0.0,31400
75.0,0.8921889150266283,100.0,125.0,5.0,0.8921889150266278,10.0,200.0,3000.0,0.8921889150266283,400.0,1.0,0.0,0.0,1.0,30905
75.0,0.8921889150266283,100.0,125.0,5.0,0.8921889150266278,10.0,200.0,3000.0,0.8921889150266283,450.0,0.0,0.0,0.0,0.0,31535
75.0,0.8921889150266283,100.0,125.0,5.0,0.8921889150266278,10.0,200.0,3000.0,0.8921889150266283,400.0,1.0,0.0,0.0,1.0,31555
75.0,0.8921889150266283,100.0,125.0,5.0,0.8921889150266278,10.0,200.0,3000.0,0.8921889150266283,400.0,1.0,0.0,0.0,1.0,31035
75.0,0.8921889150266283,100.0,125.0,5.0,0.8921889150266278,10.0,200.0,3000.0,0.8921889150266283,450.0,1.0,0.0,0.0,0.0,32050
75.0,0.8921889150266283,100.0,125.0,5.0,0.8921889150266278,10.0,200.0,3000.0,0.8921889150266283,500.0,1.0,0.0,1.0,0.0,30250
75.0,0.8921889150266283,100.0,125.0,5.0,0.8921889150266278,10.0,200.0,3000.0,0.8921889150266283,400.0,0.0,0.0,0.0,1.0,31135
75.0,0.8921889150266283,100.0,125.0,5.0,0.8921889150266278,10.0,200.0,3000.0,0.8921889150266283,450.0,1.0,0.0,0.0,0.0,31815
75.0,0.8921889150266283,100.0,125.0,5.0,0.8921889150266278,10.0,200.0,3000.0,0.8921889150266283,500.0,1.0,1.0,1.0,0.0,31045
75.0,0.8921889150266283,100.0,125.0,5.0,0.8921889150266278,10.0,200.0,3000.0,0.8921889150266283,400.0,0.0,1.0,0.0,1.0,31555
75.0,0.8921889150266283,100.0,125.0,5.0,0.8921889150266278,10.0,200.0,3000.0,0.8921889150266283,450.0,1.0,1.0,0.0,0.0,30575
75.0,0.8921889150266283,100.0,125.0,5.0,0.8921889150266278,10.0,200.0,3000.0,0.8921889150266283,400.0,1.0,1.0,0.0,1.0,31135
75.0,0.8921889150266283,100.0,125.0,5.0,0.8921889150266278,10.0,200.0,3000.0,0.8921889150266283,500.0,0.0,1.0,1.0,0.0,31625
75.0,0.8921889150266283,100.0,125.0,5.0,0.8921889150266278,10.0,200.0,3000.0,0.8921889150266283,450.0,1.0,1.0,0.0,0.0,32345
75.0,0.8921889150266283,100.0,125.0,5.0,0.8921889150266278,10.0,200.0,3000.0,0.8921889150266283,500.0,1.0,1.0,1.0,0.0,31400
75.0,0.8921889150266283,100.0,125.0,5.0,0.8921889150266278,10.0,200.0,3000.0,0.8921889150266283,400.0,1.0,1.0,0.0,1.0,30905
75.0,0.8921889150266283,100.0,125.0,5.0,0.8921889150266278,10.0,200.0,3000.0,0.8921889150266283,450.0,0.0,1.0,0.0,0.0,31535
75.0,0.8921889150266283,100.0,125.0,5.0,0.8921889150266278,10.0,200.0,3000.0,0.8921889150266283,500.0,1.0,1.0,1.0,0.0,31555
75.0,0.8921889150266283,100.0,125.0,5.0,0.8921889150266278,10.0,200.0,3000.0,0.8921889150266283,400.0,1.0,1.0,0.0,1.0,31035
75.0,0.8921889150266283,100.0,125.0,5.0,0.8921889150266278,10.0,200.0,3000.0,0.8921889150266283,450.0,0.0,1.0,0.0,0.0,32050
75.0,0.8921889150266283,100.0,125.0,5.0,0.8921889150266278,10.0,200.0,3000.0,0.8921889150266283,400.0,0.0,1.0,0.0,1.0,30250
75.0,0.8921889150266283,100.0,125.0,5.0,0.8921889150266278,10.0,200.0,3000.0,0.8921889150266283,500.0,0.0,0.0,1.0,0.0,31135
75.0,0.8921889150266283,100.0,125.0,5.0,0.8921889150266278,10.0,200.0,3000.0,0.8921889150266283,450.0,0.0,0.0,0.0,0.0,31815
75.0,0.8921889150266283,100.0,125.0,5.0,0.8921889150266278,10.0,200.0,3000.0,0.8921889150266283,500.0,0.0,0.0,1.0,0.0,31045
75.0,0.8921889150266283,100.0,125.0,5.0,0.8921889150266278,10.0,200.0,3000.0,0.8921889150266283,400.0,0.0,0.0,0.0,1.0,31555
75.0,0.8921889150266283,100.0,125.0,5.0,0.8921889150266278,10.0,200.0,3000.0,0.8921889150266283,450.0,0.0,0.0,0.0,0.0,30575
75.0,0.8921889150266283,100.0,125.0,5.0,0.8921889150266278,10.0,200.0,3000.0,0.8921889150266283,500.0,1.0,0.0,1.0,0.0,31135
75.0,0.8921889150266283,100.0,125.0,5.0,0.8921889150266278,10.0,200.0,3000.0,0.8921889150266283,400.0,1.0,0.0,0.0,1.0,31625
75.0,0.8921889150266283,100.0,125.0,5.0,0.8921889150266278,10.0,200.0,3000.0,0.8921889150266283,450.0,1.0,0.0,0.0,0.0,32345
75.0,0.8921889150266283,100.0,125.0,5.0,0.8921889150266278,10.0,200.0,3000.0,0.8921889150266283,400.0,1.0,0.0,0.0,1.0,31400
75.0,0.8921889150266283,100.0,125.0,5.0,0.8921889150266278,10.0,200.0,3000.0,0.8921889150266283,500.0,1.0,0.0,1.0,0.0,30905
75.0,0.8921889150266283,100.0,125.0,5.0,0.8921889150266278,10.0,200.0,3000.0,0.8921889150266283,500.0,1.0,0.0,1.0,0.0,31535
75.0,0.8921889150266283,100.0,125.0,5.0,0.8921889150266278,10.0,200.0,3000.0,0.8921889150266283,500.0,1.0,0.0,1.0,0.0,31555
75.0,0.8921889150266283,100.0,125.0,5.0,0.8921889150266278,10.0,200.0,3000.0,0.8921889150266283,500.0,1.0,0.0,1.0,0.0,31035
75.0,0.8921889150266283,100.0,125.0,5.0,0.8921889150266278,10.0,200.0,3000.0,0.8921889150266283,450.0,0.0,0.0,0.0,0.0,32050
75.0,0.8921889150266283,100.0,125.0,5.0,0.8921889150266278,10.0,200.0,3000.0,0.8921889150266283,500.0,0.0,0.0,1.0,0.0,30250
75.0,0.8921889150266283,100.0,125.0,5.0,0.8921889150266278,10.0,200.0,3000.0,0.8921889150266283,500.0,0.0,0.0,1.0,0.0,31135
75.0,0.8921889150266283,100.0,125.0,5.0,0.8921889150266278,10.0,200.0,3000.0,0.8921889150266283,500.0,0.0,0.0,1.0,0.0,31815
75.0,0.8921889150266283,100.0,125.0,5.0,0.8921889150266278,10.0,200.0,3000.0,0.8921889150266283,400.0,0.0,0.0,0.0,1.0,31045
75.0,0.8921889150266283,100.0,125.0,5.0,0.8921889150266278,10.0,200.0,3000.0,0.8921889150266283,400.0,0.0,0.0,0.0,1.0,31555
75.0,0.8921889150266283,100.0,125.0,5.0,0.8921889150266278,10.0,200.0,3000.0,0.8921889150266283,400.0,0.0,0.0,0.0,1.0,30575
75.0,0.8921889150266283,100.0,125.0,5.0,0.8921889150266278,10.0,200.0,3000.0,0.8921889150266283,500.0,0.0,0.0,1.0,0.0,31135
75.0,0.8921889150266283,100.0,125.0,5.0,0.8921889150266278,10.0,200.0,3000.0,0.8921889150266283,400.0,1.0,0.0,0.0,1.0,30100
75.0,0.8921889150266283,100.0,125.0,5.0,0.8921889150266278,10.0,200.0,3000.0,0.8921889150266283,450.0,1.0,0.0,0.0,0.0,32085
75.0,0.8921889150266283,100.0,125.0,5.0,0.8921889150266278,10.0,200.0,3000.0,0.8921889150266283,400.0,1.0,0.0,0.0,1.0,31980
75.0,0.8921889150266283,100.0,125.0,5.0,0.8921889150266278,10.0,200.0,3000.0,0.8921889150266283,400.0,1.0,1.0,0.0,1.0,31555
75.0,0.8921889150266283,100.0,125.0,5.0,0.8921889150266278,10.0,200.0,3000.0,0.8921889150266283,450.0,1.0,0.0,0.0,0.0,30405
75.0,0.8921889150266283,100.0,125.0,5.0,0.8921889150266278,10.0,200.0,3000.0,0.8921889150266283,500.0,1.0,1.0,1.0,0.0,31420
75.0,0.8921889150266283,100.0,125.0,5.0,0.8921889150266278,10.0,200.0,3000.0,0.8921889150266283,400.0,1.0,0.0,0.0,1.0,30965
75.0,0.8921889150266283,100.0,125.0,5.0,0.8921889150266278,10.0,200.0,3000.0,0.8921889150266283,450.0,0.0,1.0,0.0,0.0,31140
75.0,0.8921889150266283,100.0,125.0,5.0,0.8921889150266278,10.0,200.0,3000.0,0.8921889150266283,500.0,1.0,1.0,1.0,0.0,27600
75.0,0.8921889150266283,100.0,125.0,5.0,0.8921889150266278,10.0,200.0,3000.0,0.8921889150266283,400.0,0.0,0.0,0.0,1.0,30250
75.0,0.8921889150266283,100.0,125.0,5.0,0.8921889150266278,10.0,200.0,3000.0,0.8921889150266283,450.0,1.0,0.0,0.0,0.0,30610
75.0,0.8921889150266283,100.0,125.0,5.0,0.8921889150266278,10.0,200.0,3000.0,0.8921889150266283,400.0,0.0,0.0,0.0,1.0,30575
75.0,0.8921889150266283,100.0,125.0,5.0,0.8921889150266278,10.0,200.0,3000.0,0.8921889150266283,500.0,0.0,1.0,1.0,0.0,30075
75.0,0.8921889150266283,100.0,125.0,5.0,0.8921889150266278,10.0,200.0,3000.0,0.8921889150266283,450.0,1.0,1.0,0.0,0.0,31605
75.0,0.8921889150266283,100.0,125.0,5.0,0.8921889150266278,10.0,200.0,3000.0,0.8921889150266283,500.0,0.0,1.0,1.0,0.0,31065
75.0,0.8921889150266283,100.0,125.0,5.0,0.8921889150266278,10.0,200.0,3000.0,0.8921889150266283,400.0,1.0,1.0,0.0,1.0,31135
75.0,0.8921889150266283,100.0,125.0,5.0,0.8921889150266278,10.0,200.0,3000.0,0.8921889150266283,450.0,0.0,1.0,0.0,0.0,32080
75.0,0.8921889150266283,100.0,125.0,5.0,0.8921889150266278,10.0,200.0,3000.0,0.8921889150266283,500.0,1.0,1.0,1.0,0.0,31135
75.0,0.8921889150266283,100.0,125.0,5.0,0.8921889150266278,10.0,200.0,3000.0,0.8921889150266283,400.0,0.0,0.0,0.0,1.0,31810
75.0,0.8921889150266283,100.0,125.0,5.0,0.8921889150266278,10.0,200.0,3000.0,0.8921889150266283,450.0,1.0,0.0,0.0,0.0,30885
75.0,0.8921889150266283,100.0,125.0,5.0,0.8921889150266278,10.0,200.0,3000.0,0.8921889150266283,400.0,1.0,0.0,0.0,1.0,31430
75.0,0.8921889150266283,100.0,125.0,5.0,0.8921889150266278,10.0,200.0,3000.0,0.8921889150266283,500.0,0.0,0.0,1.0,0.0,30755
75.0,0.8921889150266283,100.0,125.0,5.0,0.8921889150266278,10.0,200.0,3000.0,0.8921889150266283,450.0,1.0,0.0,0.0,0.0,30945
75.0,0.8921889150266283,100.0,125.0,5.0,0.8921889150266278,10.0,200.0,3000.0,0.8921889150266283,500.0,1.0,0.0,1.0,0.0,31815
75.0,0.8921889150266283,100.0,125.0,5.0,0.8921889150266278,10.0,200.0,3000.0,0.8921889150266283,400.0,0.0,0.0,0.0,1.0,30460
75.0,0.8921889150266283,100.0,125.0,5.0,0.8921889150266278,10.0,200.0,3000.0,0.8921889150266283,450.0,1.0,0.0,0.0,0.0,30960
75.0,0.8921889150266283,100.0,125.0,5.0,0.8921889150266278,10.0,200.0,3000.0,0.8921889150266283,500.0,1.0,0.0,1.0,0.0,32020
75.0,0.8921889150266283,100.0,125.0,5.0,0.8921889150266278,10.0,200.0,3000.0,0.8921889150266283,400.0,1.0,0.0,0.0,1.0,32090
75.0,0.8921889150266283,100.0,125.0,5.0,0.8921889150266278,10.0,200.0,3000.0,0.8921889150266283,450.0,1.0,0.0,0.0,0.0,31780
75.0,0.8921889150266283,100.0,125.0,5.0,0.8921889150266278,10.0,200.0,3000.0,0.8921889150266283,400.0,0.0,0.0,0.0,1.0,30795
75.0,0.8921889150266283,100.0,125.0,5.0,0.8921889150266278,10.0,200.0,3000.0,0.8921889150266283,500.0,1.0,0.0,1.0,0.0,31045
75.0,0.8921889150266283,100.0,125.0,5.0,0.8921889150266278,10.0,200.0,3000.0,0.8921889150266283,500.0,0.0,0.0,1.0,0.0,30575
75.0,0.8921889150266283,100.0,125.0,5.0,0.8921889150266278,10.0,200.0,3000.0,0.8921889150266283,500.0,1.0,0.0,1.0,0.0,32155
75.0,0.8921889150266283,100.0,125.0,5.0,0.8921889150266278,10.0,200.0,3000.0,0.8921889150266283,500.0,1.0,0.0,1.0,0.0,30355
75.0,0.8921889150266283,100.0,125.0,5.0,0.8921889150266278,10.0,200.0,3000.0,0.8921889150266283,450.0,0.0,0.0,0.0,0.0,31625
75.0,0.8921889150266283,100.0,125.0,5.0,0.8921889150266278,10.0,200.0,3000.0,0.8921889150266283,500.0,1.0,0.0,1.0,0.0,32345
75.0,0.8921889150266283,100.0,125.0,5.0,0.8921889150266278,10.0,200.0,3000.0,0.8921889150266283,500.0,0.0,0.0,1.0,0.0,31400
75.0,0.8921889150266283,100.0,125.0,5.0,0.8921889150266278,10.0,200.0,3000.0,0.8921889150266283,500.0,0.0,0.0,1.0,0.0,30540
75.0,0.8921889150266283,100.0,125.0,5.0,0.8921889150266278,10.0,200.0,3000.0,0.8921889150266283,400.0,1.0,0.0,0.0,1.0,30905
75.0,0.8921889150266283,100.0,125.0,5.0,0.8921889150266278,10.0,200.0,3000.0,0.8921889150266283,400.0,0.0,0.0,0.0,1.0,30805
75.0,0.8921889150266283,100.0,125.0,5.0,0.8921889150266278,10.0,200.0,3000.0,0.8921889150266283,400.0,0.0,0.0,0.0,1.0,31535
75.0,0.8921889150266283,100.0,125.0,5.0,0.8921889150266278,10.0,200.0,3000.0,0.8921889150266283,500.0,0.0,0.0,1.0,0.0,31555
75.0,0.8921889150266283,100.0,125.0,5.0,0.8921889150266278,10.0,200.0,3000.0,0.8921889150266283,400.0,0.0,0.0,0.0,1.0,30545
75.0,0.8921889150266283,100.0,125.0,5.0,0.8921889150266278,10.0,200.0,3000.0,0.8921889150266283,450.0,1.0,0.0,0.0,0.0,31920
75.0,0.8921889150266283,100.0,125.0,5.0,0.8921889150266278,10.0,200.0,3000.0,0.8921889150266283,400.0,0.0,0.0,0.0,1.0,31035
75.0,0.8921889150266283,100.0,125.0,5.0,0.8921889150266278,10.0,200.0,3000.0,0.8921889150266283,400.0,1.0,1.0,0.0,1.0,30805
75.0,0.8921889150266283,100.0,125.0,5.0,0.8921889150266278,10.0,200.0,3000.0,0.8921889150266283,450.0,1.0,1.0,0.0,0.0,30285
75.0,0.8921889150266283,100.0,125.0,5.0,0.8921889150266278,10.0,200.0,3000.0,0.8921889150266283,500.0,0.0,1.0,1.0,0.0,32050
75.0,0.8921889150266283,100.0,125.0,5.0,0.8921889150266278,10.0,200.0,3000.0,0.8921889150266283,400.0,1.0,1.0,0.0,1.0,30855
75.0,0.8921889150266283,100.0,125.0,5.0,0.8921889150266278,10.0,200.0,3000.0,0.8921889150266283,450.0,1.0,1.0,0.0,0.0,30250
75.0,0.8921889150266283,100.0,125.0,5.0,0.8921889150266278,10.0,200.0,3000.0,0.8921889150266283,500.0,1.0,1.0,1.0,0.0,30610
75.0,0.8921889150266283,100.0,125.0,5.0,0.8921889150266278,10.0,200.0,3000.0,0.8921889150266283,400.0,0.0,1.0,0.0,1.0,30075
75.0,0.8921889150266283,100.0,125.0,5.0,0.8921889150266278,10.0,200.0,3000.0,0.8921889150266283,450.0,0.0,1.0,0.0,0.0,31065
75.0,0.8921889150266283,100.0,125.0,5.0,0.8921889150266278,10.0,200.0,3000.0,0.8921889150266283,400.0,0.0,1.0,0.0,1.0,31135
75.0,0.8921889150266283,100.0,125.0,5.0,0.8921889150266278,10.0,200.0,3000.0,0.8921889150266283,500.0,1.0,1.0,1.0,0.0,31810
75.0,0.8921889150266283,100.0,125.0,5.0,0.8921889150266278,10.0,200.0,3000.0,0.8921889150266283,450.0,0.0,1.0,0.0,0.0,30755
75.0,0.8921889150266283,100.0,125.0,5.0,0.8921889150266278,10.0,200.0,3000.0,0.8921889150266283,500.0,1.0,1.0,1.0,0.0,31815
75.0,0.8921889150266283,100.0,125.0,5.0,0.8921889150266278,10.0,200.0,3000.0,0.8921889150266283,400.0,0.0,0.0,0.0,1.0,32090
75.0,0.8921889150266283,100.0,125.0,5.0,0.8921889150266278,10.0,200.0,3000.0,0.8921889150266283,450.0,0.0,0.0,0.0,0.0,31045
75.0,0.8921889150266283,100.0,125.0,5.0,0.8921889150266278,10.0,200.0,3000.0,0.8921889150266283,500.0,1.0,0.0,1.0,0.0,32155
75.0,0.8921889150266283,100.0,125.0,5.0,0.8921889150266278,10.0,200.0,3000.0,0.8921889150266283,400.0,1.0,0.0,0.0,1.0,31400
75.0,0.8921889150266283,100.0,125.0,5.0,0.8921889150266278,10.0,200.0,3000.0,0.8921889150266283,450.0,0.0,0.0,0.0,0.0,30805
75.0,0.8921889150266283,100.0,125.0,5.0,0.8921889150266278,10.0,200.0,3000.0,0.8921889150266283,400.0,1.0,0.0,0.0,1.0,31555
75.0,0.8921889150266283,100.0,125.0,5.0,0.8921889150266278,10.0,200.0,3000.0,0.8921889150266283,500.0,0.0,0.0,1.0,0.0,30250
75.0,0.8921889150266283,100.0,125.0,5.0,0.8921889150266278,10.0,200.0,3000.0,0.8921889150266283,450.0,1.0,0.0,0.0,0.0,30610
75.0,0.8921889150266283,100.0,125.0,5.0,0.8921889150266278,10.0,200.0,3000.0,0.8921889150266283,500.0,1.0,1.0,1.0,0.0,30575
75.0,0.8921889150266283,100.0,125.0,5.0,0.8921889150266278,10.0,200.0,3000.0,0.8921889150266283,400.0,0.0,1.0,0.0,1.0,31605
75.0,0.8921889150266283,100.0,125.0,5.0,0.8921889150266278,10.0,200.0,3000.0,0.8921889150266283,450.0,1.0,1.0,0.0,0.0,31135
75.0,0.8921889150266283,100.0,125.0,5.0,0.8921889150266278,10.0,200.0,3000.0,0.8921889150266283,500.0,0.0,1.0,1.0,0.0,32080
75.0,0.8921889150266283,100.0,125.0,5.0,0.8921889150266278,10.0,200.0,3000.0,0.8921889150266283,400.0,1.0,1.0,0.0,1.0,30885
75.0,0.8921889150266283,100.0,125.0,5.0,0.8921889150266278,10.0,200.0,3000.0,0.8921889150266283,450.0,0.0,1.0,0.0,0.0,30945
75.0,0.8921889150266283,100.0,125.0,5.0,0.8921889150266278,10.0,200.0,3000.0,0.8921889150266283,400.0,0.0,1.0,0.0,1.0,30460
75.0,0.8921889150266283,100.0,125.0,5.0,0.8921889150266278,10.0,200.0,3000.0,0.8921889150266283,500.0,1.0,0.0,1.0,0.0,31780
75.0,0.8921889150266283,100.0,125.0,5.0,0.8921889150266278,10.0,200.0,3000.0,0.8921889150266283,500.0,0.0,0.0,1.0,0.0,30575
75.0,0.8921889150266283,100.0,125.0,5.0,0.8921889150266278,10.0,200.0,3000.0,0.8921889150266283,500.0,1.0,0.0,1.0,0.0,30355
75.0,0.8921889150266283,100.0,125.0,5.0,0.8921889150266278,10.0,200.0,3000.0,0.8921889150266283,500.0,0.0,0.0,1.0,0.0,30540
75.0,0.8921889150266283,100.0,125.0,5.0,0.8921889150266278,10.0,200.0,3000.0,0.8921889150266283,450.0,1.0,0.0,0.0,0.0,31535
75.0,0.8921889150266283,100.0,125.0,5.0,0.8921889150266278,10.0,200.0,3000.0,0.8921889150266283,500.0,0.0,0.0,1.0,0.0,30545
75.0,0.8921889150266283,100.0,125.0,5.0,0.8921889150266278,10.0,200.0,3000.0,0.8921889150266283,500.0,1.0,0.0,1.0,0.0,31625
75.0,0.8921889150266283,100.0,125.0,5.0,0.8921889150266278,10.0,200.0,3000.0,0.8921889150266283,500.0,1.0,0.0,1.0,0.0,32345
75.0,0.8921889150266283,100.0,125.0,5.0,0.8921889150266278,10.0,200.0,3000.0,0.8921889150266283,400.0,1.0,1.0,0.0,1.0,31400
75.0,0.8921889150266283,100.0,125.0,5.0,0.8921889150266278,10.0,200.0,3000.0,0.8921889150266283,400.0,1.0,1.0,0.0,1.0,30905
75.0,0.8921889150266283,100.0,125.0,5.0,0.8921889150266278,10.0,200.0,3000.0,0.8921889150266283,400.0,0.0,1.0,0.0,1.0,31535
75.0,0.8921889150266283,100.0,125.0,5.0,0.8921889150266278,10.0,200.0,3000.0,0.8921889150266283,500.0,1.0,1.0,1.0,0.0,31555
75.0,0.8921889150266283,100.0,125.0,5.0,0.8921889150266278,10.0,200.0,3000.0,0.8921889150266283,400.0,1.0,1.0,0.0,1.0,31035
75.0,0.8921889150266283,100.0,125.0,5.0,0.8921889150266278,10.0,200.0,3000.0,0.8921889150266283,450.0,0.0,1.0,0.0,0.0,32050
75.0,0.8921889150266283,100.0,125.0,5.0,0.8921889150266278,10.0,200.0,3000.0,0.8921889150266283,400.0,1.0,1.0,0.0,1.0,30250
75.0,0.8921889150266283,100.0,125.0,5.0,0.8921889150266278,10.0,200.0,3000.0,0.8921889150266283,400.0,1.0,1.0,0.0,1.0,31135
75.0,0.8921889150266283,100.0,125.0,5.0,0.8921889150266278,10.0,200.0,3000.0,0.8921889150266283,450.0,0.0,1.0,0.0,0.0,31815
75.0,0.8921889150266283,100.0,125.0,5.0,0.8921889150266278,10.0,200.0,3000.0,0.8921889150266283,500.0,1.0,1.0,1.0,0.0,31045
75.0,0.8921889150266283,100.0,125.0,5.0,0.8921889150266278,10.0,200.0,3000.0,0.8921889150266283,400.0,1.0,1.0,0.0,1.0,31555
75.0,0.8921889150266283,100.0,125.0,5.0,0.8921889150266278,10.0,200.0,3000.0,0.8921889150266283,450.0,1.0,1.0,0.0,0.0,30575
75.0,0.8921889150266283,100.0,125.0,5.0,0.8921889150266278,10.0,200.0,3000.0,0.8921889150266283,500.0,0.0,0.0,1.0,0.0,31135
75.0,0.8921889150266283,100.0,125.0,5.0,0.8921889150266278,10.0,200.0,3000.0,0.8921889150266283,400.0,1.0,0.0,0.0,1.0,31625
75.0,0.8921889150266283,100.0,125.0,5.0,0.8921889150266278,10.0,200.0,3000.0,0.8921889150266283,450.0,1.0,0.0,0.0,0.0,32345
75.0,0.8921889150266283,100.0,125.0,5.0,0.8921889150266278,10.0,200.0,3000.0,0.8921889150266283,400.0,0.0,0.0,0.0,1.0,31400
75.0,0.8921889150266283,100.0,125.0,5.0,0.8921889150266278,10.0,200.0,3000.0,0.8921889150266283,500.0,0.0,0.0,1.0,0.0,30905
75.0,0.8921889150266283,100.0,125.0,5.0,0.8921889150266278,10.0,200.0,3000.0,0.8921889150266283,450.0,0.0,0.0,0.0,0.0,31535
75.0,0.8921889150266283,100.0,125.0,5.0,0.8921889150266278,10.0,200.0,3000.0,0.8921889150266283,500.0,0.0,0.0,1.0,0.0,31555
75.0,0.8921889150266283,100.0,125.0,5.0,0.8921889150266278,10.0,200.0,3000.0,0.8921889150266283,400.0,0.0,1.0,0.0,1.0,31035
75.0,0.8921889150266283,100.0,125.0,5.0,0.8921889150266278,10.0,200.0,3000.0,0.8921889150266283,450.0,0.0,1.0,0.0,0.0,32050
75.0,0.8921889150266283,100.0,125.0,5.0,0.8921889150266278,10.0,200.0,3000.0,0.8921889150266283,500.0,0.0,1.0,1.0,0.0,30250
75.0,0.8921889150266283,100.0,125.0,5.0,0.8921889150266278,10.0,200.0,3000.0,0.8921889150266283,400.0,1.0,1.0,0.0,1.0,31135
75.0,0.8921889150266283,100.0,125.0,5.0,0.8921889150266278,10.0,200.0,3000.0,0.8921889150266283,450.0,1.0,1.0,0.0,0.0,31815
75.0,0.8921889150266283,100.0,125.0,5.0,0.8921889150266278,10.0,200.0,3000.0,0.8921889150266283,400.0,1.0,1.0,0.0,1.0,31045
75.0,0.8921889150266283,100.0,125.0,5.0,0.8921889150266278,10.0,200.0,3000.0,0.8921889150266283,500.0,1.0,0.0,1.0,0.0,31555
75.0,0.8921889150266283,100.0,125.0,5.0,0.8921889150266278,10.0,200.0,3000.0,0.8921889150266283,450.0,1.0,0.0,0.0,0.0,30575
75.0,0.8921889150266283,100.0,125.0,5.0,0.8921889150266278,10.0,200.0,3000.0,0.8921889150266283,500.0,1.0,0.0,1.0,0.0,31135
75.0,0.8921889150266283,100.0,125.0,5.0,0.8921889150266278,10.0,200.0,3000.0,0.8921889150266283,400.0,1.0,0.0,0.0,1.0,31625
75.0,0.8921889150266283,100.0,125.0,5.0,0.8921889150266278,10.0,200.0,3000.0,0.8921889150266283,450.0,1.0,0.0,0.0,0.0,32345
75.0,0.8921889150266283,100.0,125.0,5.0,0.8921889150266278,10.0,200.0,3000.0,0.8921889150266283,500.0,0.0,1.0,1.0,0.0,31400
75.0,0.8921889150266283,100.0,125.0,5.0,0.8921889150266278,10.0,200.0,3000.0,0.8921889150266283,400.0,0.0,1.0,0.0,1.0,30905
75.0,0.8921889150266283,100.0,125.0,5.0,0.8921889150266278,10.0,200.0,3000.0,0.8921889150266283,450.0,0.0,1.0,0.0,0.0,31535
75.0,0.8921889150266283,100.0,125.0,5.0,0.8921889150266278,10.0,200.0,3000.0,0.8921889150266283,400.0,0.0,1.0,0.0,1.0,31555
75.0,0.8921889150266283,100.0,125.0,5.0,0.8921889150266278,10.0,200.0,3000.0,0.8921889150266283,500.0,1.0,1.0,1.0,0.0,31035
75.0,0.8921889150266283,100.0,125.0,5.0,0.8921889150266278,10.0,200.0,3000.0,0.8921889150266283,500.0,0.0,0.0,1.0,0.0,32050
75.0,0.8921889150266283,100.0,125.0,5.0,0.8921889150266278,10.0,200.0,3000.0,0.8921889150266283,500.0,0.0,0.0,1.0,0.0,30250
75.0,0.8921889150266283,100.0,125.0,5.0,0.8921889150266278,10.0,200.0,3000.0,0.8921889150266283,500.0,0.0,0.0,1.0,0.0,31135
75.0,0.8921889150266283,100.0,125.0,5.0,0.8921889150266278,10.0,200.0,3000.0,0.8921889150266283,450.0,1.0,0.0,0.0,0.0,31815
75.0,0.8921889150266283,100.0,125.0,5.0,0.8921889150266278,10.0,200.0,3000.0,0.8921889150266283,500.0,1.0,0.0,1.0,0.0,31045
75.0,0.8921889150266283,100.0,125.0,5.0,0.8921889150266278,10.0,200.0,3000.0,0.8921889150266283,500.0,1.0,0.0,1.0,0.0,31555
75.0,0.8921889150266283,100.0,125.0,5.0,0.8921889150266278,10.0,200.0,3000.0,0.8921889150266283,500.0,1.0,0.0,1.0,0.0,30575
75.0,0.8921889150266283,100.0,125.0,5.0,0.8921889150266278,10.0,200.0,3000.0,0.8921889150266283,400.0,1.0,0.0,0.0,1.0,31135
75.0,0.8921889150266283,100.0,125.0,5.0,0.8921889150266278,10.0,200.0,3000.0,0.8921889150266283,400.0,1.0,0.0,0.0,1.0,31625
75.0,0.8921889150266283,100.0,125.0,5.0,0.8921889150266278,10.0,200.0,3000.0,0.8921889150266283,400.0,1.0,1.0,0.0,1.0,32345
75.0,0.8921889150266283,100.0,125.0,5.0,0.8921889150266278,10.0,200.0,3000.0,0.8921889150266283,500.0,0.0,1.0,1.0,0.0,31400
75.0,0.8921889150266283,100.0,125.0,5.0,0.8921889150266278,10.0,200.0,3000.0,0.8921889150266283,400.0,1.0,1.0,0.0,1.0,30905
75.0,0.8921889150266283,100.0,125.0,5.0,0.8921889150266278,10.0,200.0,3000.0,0.8921889150266283,450.0,0.0,1.0,0.0,0.0,31535
75.0,0.8921889150266283,100.0,125.0,5.0,0.8921889150266278,10.0,200.0,3000.0,0.8921889150266283,400.0,1.0,1.0,0.0,1.0,31555
75.0,0.8921889150266283,100.0,125.0,5.0,0.8921889150266278,10.0,200.0,3000.0,0.8921889150266283,400.0,0.0,1.0,0.0,1.0,31035
75.0,0.8921889150266283,100.0,125.0,5.0,0.8921889150266278,10.0,200.0,3000.0,0.8921889150266283,450.0,0.0,0.0,0.0,0.0,32050
75.0,0.8921889150266283,100.0,125.0,5.0,0.8921889150266278,10.0,200.0,3000.0,0.8921889150266283,500.0,1.0,0.0,1.0,0.0,30250
75.0,0.8921889150266283,100.0,125.0,5.0,0.8921889150266278,10.0,200.0,3000.0,0.8921889150266283,400.0,0.0,0.0,0.0,1.0,31135
75.0,0.8921889150266283,100.0,125.0,5.0,0.8921889150266278,10.0,200.0,3000.0,0.8921889150266283,450.0,1.0,0.0,0.0,0.0,31815
75.0,0.8921889150266283,100.0,125.0,5.0,0.8921889150266278,10.0,200.0,3000.0,0.8921889150266283,500.0,0.0,0.0,1.0,0.0,31045
75.0,0.8921889150266283,100.0,125.0,5.0,0.8921889150266278,10.0,200.0,3000.0,0.8921889150266283,400.0,1.0,0.0,0.0,1.0,31555
75.0,0.8921889150266283,100.0,125.0,5.0,0.8921889150266278,10.0,200.0,3000.0,0.8921889150266283,450.0,0.0,0.0,0.0,0.0,30575
75.0,0.8921889150266283,100.0,125.0,5.0,0.8921889150266278,10.0,200.0,3000.0,0.8921889150266283,400.0,1.0,0.0,0.0,1.0,31135
75.0,0.8921889150266283,100.0,125.0,5.0,0.8921889150266278,10.0,200.0,3000.0,0.8921889150266283,500.0,1.0,0.0,1.0,0.0,31625
75.0,0.8921889150266283,100.0,125.0,5.0,0.8921889150266278,10.0,200.0,3000.0,0.8921889150266283,450.0,0.0,0.0,0.0,0.0,32345
75.0,0.8921889150266283,100.0,125.0,5.0,0.8921889150266278,10.0,200.0,3000.0,0.8921889150266283,500.0,1.0,0.0,1.0,0.0,31400
75.0,0.8921889150266283,100.0,125.0,5.0,0.8921889150266278,10.0,200.0,3000.0,0.8921889150266283,400.0,1.0,0.0,0.0,1.0,30905
75.0,0.8921889150266283,100.0,125.0,5.0,0.8921889150266278,10.0,200.0,3000.0,0.8921889150266283,450.0,0.0,1.0,0.0,0.0,31535
75.0,0.8921889150266283,100.0,125.0,5.0,0.8921889150266278,10.0,200.0,3000.0,0.8921889150266283,500.0,1.0,1.0,1.0,0.0,31555
75.0,0.8921889150266283,100.0,125.0,5.0,0.8921889150266278,10.0,200.0,3000.0,0.8921889150266283,400.0,1.0,1.0,0.0,1.0,31035
75.0,0.8921889150266283,100.0,125.0,5.0,0.8921889150266278,10.0,200.0,3000.0,0.8921889150266283,450.0,1.0,1.0,0.0,0.0,32050
75.0,0.8921889150266283,100.0,125.0,5.0,0.8921889150266278,10.0,200.0,3000.0,0.8921889150266283,400.0,1.0,1.0,0.0,1.0,30250
75.0,0.8921889150266283,100.0,125.0,5.0,0.8921889150266278,10.0,200.0,3000.0,0.8921889150266283,500.0,0.0,1.0,1.0,0.0,31135
75.0,0.8921889150266283,100.0,125.0,5.0,0.8921889150266278,10.0,200.0,3000.0,0.8921889150266283,450.0,1.0,1.0,0.0,0.0,31815
75.0,0.8921889150266283,100.0,125.0,5.0,0.8921889150266278,10.0,200.0,3000.0,0.8921889150266283,500.0,0.0,1.0,1.0,0.0,31045
75.0,0.8921889150266283,100.0,125.0,5.0,0.8921889150266278,10.0,200.0,3000.0,0.8921889150266283,400.0,1.0,1.0,0.0,1.0,31555
75.0,0.8921889150266283,100.0,125.0,5.0,0.8921889150266278,10.0,200.0,3000.0,0.8921889150266283,450.0,1.0,1.0,0.0,0.0,30575
75.0,0.8921889150266283,100.0,125.0,5.0,0.8921889150266278,10.0,200.0,3000.0,0.8921889150266283,500.0,0.0,1.0,1.0,0.0,31135
75.0,0.8921889150266283,100.0,125.0,5.0,0.8921889150266278,10.0,200.0,3000.0,0.8921889150266283,400.0,1.0,1.0,0.0,1.0,30100
75.0,0.8921889150266283,100.0,125.0,5.0,0.8921889150266278,10.0,200.0,3000.0,0.8921889150266283,450.0,0.0,1.0,0.0,0.0,32085
75.0,0.8921889150266283,100.0,125.0,5.0,0.8921889150266278,10.0,200.0,3000.0,0.8921889150266283,400.0,0.0,0.0,0.0,1.0,31980
75.0,0.8921889150266283,100.0,125.0,5.0,0.8921889150266278,10.0,200.0,3000.0,0.8921889150266283,500.0,1.0,0.0,1.0,0.0,31555
75.0,0.8921889150266283,100.0,125.0,5.0,0.8921889150266278,10.0,200.0,3000.0,0.8921889150266283,500.0,0.0,0.0,1.0,0.0,30405
75.0,0.8921889150266283,100.0,125.0,5.0,0.8921889150266278,10.0,200.0,3000.0,0.8921889150266283,500.0,0.0,0.0,1.0,0.0,31420
75.0,0.8921889150266283,100.0,125.0,5.0,0.8921889150266278,10.0,200.0,3000.0,0.8921889150266283,500.0,0.0,0.0,1.0,0.0,30965
75.0,0.8921889150266283,100.0,125.0,5.0,0.8921889150266278,10.0,200.0,3000.0,0.8921889150266283,450.0,0.0,0.0,0.0,0.0,31140
75.0,0.8921889150266283,100.0,125.0,5.0,0.8921889150266278,10.0,200.0,3000.0,0.8921889150266283,500.0,1.0,0.0,1.0,0.0,29580
75.0,0.8921889150266283,100.0,125.0,5.0,0.8921889150266278,10.0,200.0,3000.0,0.8921889150266283,500.0,0.0,0.0,1.0,0.0,29365
75.0,0.8921889150266283,100.0,125.0,5.0,0.8921889150266278,10.0,200.0,3000.0,0.8921889150266283,500.0,1.0,1.0,1.0,0.0,29180
75.0,0.8921889150266283,100.0,125.0,5.0,0.8921889150266278,10.0,200.0,3000.0,0.8921889150266283,400.0,1.0,1.0,0.0,1.0,30250
75.0,0.8921889150266283,100.0,125.0,5.0,0.8921889150266278,10.0,200.0,3000.0,0.8921889150266283,400.0,0.0,1.0,0.0,1.0,30610
75.0,0.8921889150266283,100.0,125.0,5.0,0.8921889150266278,10.0,200.0,3000.0,0.8921889150266283,400.0,1.0,1.0,0.0,1.0,30575
75.0,0.8921889150266283,100.0,125.0,5.0,0.8921889150266278,10.0,200.0,3000.0,0.8921889150266283,500.0,1.0,1.0,1.0,0.0,30075
75.0,0.8921889150266283,100.0,125.0,5.0,0.8921889150266278,10.0,200.0,3000.0,0.8921889150266283,400.0,1.0,1.0,0.0,1.0,31605
75.0,0.8921889150266283,100.0,125.0,5.0,0.8921889150266278,10.0,200.0,3000.0,0.8921889150266283,450.0,0.0,1.0,0.0,0.0,31065
75.0,0.8921889150266283,100.0,125.0,5.0,0.8921889150266278,10.0,200.0,3000.0,0.8921889150266283,400.0,0.0,1.0,0.0,1.0,31135
75.0,0.8921889150266283,100.0,125.0,5.0,0.8921889150266278,10.0,200.0,3000.0,0.8921889150266283,400.0,0.0,1.0,0.0,1.0,32080
60.0,0.196545950528651,80.0,100.0,4.0,0.1965459505286501,8.0,160.0,2400.0,0.1965459505286507,360.0,1.0,1.0,0.0,0.0,24908
60.0,0.196545950528651,80.0,100.0,4.0,0.1965459505286501,8.0,160.0,2400.0,0.1965459505286507,400.0,0.0,1.0,1.0,0.0,25448
60.0,0.196545950528651,80.0,100.0,4.0,0.1965459505286501,8.0,160.0,2400.0,0.1965459505286507,320.0,1.0,1.0,0.0,1.0,24708
60.0,0.196545950528651,80.0,100.0,4.0,0.1965459505286501,8.0,160.0,2400.0,0.1965459505286507,360.0,0.0,0.0,0.0,0.0,25144
60.0,0.196545950528651,80.0,100.0,4.0,0.1965459505286501,8.0,160.0,2400.0,0.1965459505286507,400.0,0.0,0.0,1.0,0.0,24604
60.0,0.196545950528651,80.0,100.0,4.0,0.1965459505286501,8.0,160.0,2400.0,0.1965459505286507,320.0,1.0,0.0,0.0,1.0,24756
60.0,0.196545950528651,80.0,100.0,4.0,0.1965459505286501,8.0,160.0,2400.0,0.1965459505286507,360.0,1.0,0.0,0.0,0.0,25452
60.0,0.196545950528651,80.0,100.0,4.0,0.1965459505286501,8.0,160.0,2400.0,0.1965459505286507,320.0,0.0,0.0,0.0,1.0,24368
60.0,0.196545950528651,80.0,100.0,4.0,0.1965459505286501,8.0,160.0,2400.0,0.1965459505286507,400.0,1.0,0.0,1.0,0.0,24768
60.0,0.196545950528651,80.0,100.0,4.0,0.1965459505286501,8.0,160.0,2400.0,0.1965459505286507,360.0,0.0,0.0,0.0,0.0,25616
60.0,0.196545950528651,80.0,100.0,4.0,0.1965459505286501,8.0,160.0,2400.0,0.1965459505286507,400.0,1.0,0.0,1.0,0.0,25672
60.0,0.196545950528651,80.0,100.0,4.0,0.1965459505286501,8.0,160.0,2400.0,0.1965459505286507,320.0,1.0,0.0,0.0,1.0,25424
60.0,0.196545950528651,80.0,100.0,4.0,0.1965459505286501,8.0,160.0,2400.0,0.1965459505286507,360.0,0.0,0.0,0.0,0.0,24636
60.0,0.196545950528651,80.0,100.0,4.0,0.1965459505286501,8.0,160.0,2400.0,0.1965459505286507,400.0,1.0,0.0,1.0,0.0,24836
60.0,0.196545950528651,80.0,100.0,4.0,0.1965459505286501,8.0,160.0,2400.0,0.1965459505286507,320.0,0.0,0.0,0.0,1.0,24460
60.0,0.196545950528651,80.0,100.0,4.0,0.1965459505286501,8.0,160.0,2400.0,0.1965459505286507,360.0,1.0,0.0,0.0,0.0,25724
60.0,0.196545950528651,80.0,100.0,4.0,0.1965459505286501,8.0,160.0,2400.0,0.1965459505286507,320.0,0.0,0.0,0.0,1.0,24284
60.0,0.196545950528651,80.0,100.0,4.0,0.1965459505286501,8.0,160.0,2400.0,0.1965459505286507,400.0,0.0,0.0,1.0,0.0,25300
60.0,0.196545950528651,80.0,100.0,4.0,0.1965459505286501,8.0,160.0,2400.0,0.1965459505286507,360.0,1.0,1.0,0.0,0.0,25876
60.0,0.196545950528651,80.0,100.0,4.0,0.1965459505286501,8.0,160.0,2400.0,0.1965459505286507,400.0,0.0,1.0,1.0,0.0,25120
60.0,0.196545950528651,80.0,100.0,4.0,0.1965459505286501,8.0,160.0,2400.0,0.1965459505286507,320.0,1.0,1.0,0.0,1.0,24432
60.0,0.196545950528651,80.0,100.0,4.0,0.1965459505286501,8.0,160.0,2400.0,0.1965459505286507,360.0,0.0,1.0,0.0,0.0,24724
60.0,0.196545950528651,80.0,100.0,4.0,0.1965459505286501,8.0,160.0,2400.0,0.1965459505286507,400.0,1.0,1.0,1.0,0.0,24644
60.0,0.196545950528651,80.0,100.0,4.0,0.1965459505286501,8.0,160.0,2400.0,0.1965459505286507,320.0,0.0,1.0,0.0,1.0,25228
60.0,0.196545950528651,80.0,100.0,4.0,0.1965459505286501,8.0,160.0,2400.0,0.1965459505286507,360.0,1.0,1.0,0.0,0.0,25244
60.0,0.196545950528651,80.0,100.0,4.0,0.1965459505286501,8.0,160.0,2400.0,0.1965459505286507,320.0,1.0,1.0,0.0,1.0,24436
60.0,0.196545950528651,80.0,100.0,4.0,0.1965459505286501,8.0,160.0,2400.0,0.1965459505286507,400.0,1.0,1.0,1.0,0.0,25536
60.0,0.196545950528651,80.0,100.0,4.0,0.1965459505286501,8.0,160.0,2400.0,0.1965459505286507,400.0,1.0,1.0,1.0,0.0,24828
60.0,0.196545950528651,80.0,100.0,4.0,0.1965459505286501,8.0,160.0,2400.0,0.1965459505286507,400.0,0.0,1.0,1.0,0.0,24644
60.0,0.196545950528651,80.0,100.0,4.0,0.1965459505286501,8.0,160.0,2400.0,0.1965459505286507,400.0,1.0,1.0,1.0,0.0,24228
60.0,0.196545950528651,80.0,100.0,4.0,0.1965459505286501,8.0,160.0,2400.0,0.1965459505286507,360.0,1.0,1.0,0.0,0.0,25640
60.0,0.196545950528651,80.0,100.0,4.0,0.1965459505286501,8.0,160.0,2400.0,0.1965459505286507,400.0,0.0,1.0,1.0,0.0,24684
60.0,0.196545950528651,80.0,100.0,4.0,0.1965459505286501,8.0,160.0,2400.0,0.1965459505286507,400.0,1.0,1.0,1.0,0.0,24200
60.0,0.196545950528651,80.0,100.0,4.0,0.1965459505286501,8.0,160.0,2400.0,0.1965459505286507,400.0,1.0,1.0,1.0,0.0,24488
60.0,0.196545950528651,80.0,100.0,4.0,0.1965459505286501,8.0,160.0,2400.0,0.1965459505286507,320.0,0.0,1.0,0.0,1.0,24060
60.0,0.196545950528651,80.0,100.0,4.0,0.1965459505286501,8.0,160.0,2400.0,0.1965459505286507,320.0,1.0,1.0,0.0,1.0,24852
60.0,0.196545950528651,80.0,100.0,4.0,0.1965459505286501,8.0,160.0,2400.0,0.1965459505286507,320.0,1.0,1.0,0.0,1.0,24908
60.0,0.196545950528651,80.0,100.0,4.0,0.1965459505286501,8.0,160.0,2400.0,0.1965459505286507,400.0,1.0,1.0,1.0,0.0,25448
60.0,0.196545950528651,80.0,100.0,4.0,0.1965459505286501,8.0,160.0,2400.0,0.1965459505286507,320.0,0.0,1.0,0.0,1.0,24604
60.0,0.196545950528651,80.0,100.0,4.0,0.1965459505286501,8.0,160.0,2400.0,0.1965459505286507,360.0,1.0,0.0,0.0,0.0,25452
60.0,0.196545950528651,80.0,100.0,4.0,0.1965459505286501,8.0,160.0,2400.0,0.1965459505286507,320.0,1.0,0.0,0.0,1.0,25672
60.0,0.196545950528651,80.0,100.0,4.0,0.1965459505286501,8.0,160.0,2400.0,0.1965459505286507,320.0,0.0,0.0,0.0,1.0,24836
60.0,0.196545950528651,80.0,100.0,4.0,0.1965459505286501,8.0,160.0,2400.0,0.1965459505286507,360.0,0.0,0.0,0.0,0.0,25724
60.0,0.196545950528651,80.0,100.0,4.0,0.1965459505286501,8.0,160.0,2400.0,0.1965459505286507,400.0,0.0,0.0,1.0,0.0,25120
60.0,0.196545950528651,80.0,100.0,4.0,0.1965459505286501,8.0,160.0,2400.0,0.1965459505286507,320.0,0.0,0.0,0.0,1.0,24644
60.0,0.196545950528651,80.0,100.0,4.0,0.1965459505286501,8.0,160.0,2400.0,0.1965459505286507,360.0,0.0,0.0,0.0,0.0,25244
60.0,0.196545950528651,80.0,100.0,4.0,0.1965459505286501,8.0,160.0,2400.0,0.1965459505286507,400.0,0.0,0.0,1.0,0.0,24200
60.0,0.196545950528651,80.0,100.0,4.0,0.1965459505286501,8.0,160.0,2400.0,0.1965459505286507,320.0,0.0,0.0,0.0,1.0,24488
60.0,0.196545950528651,80.0,100.0,4.0,0.1965459505286501,8.0,160.0,2400.0,0.1965459505286507,360.0,1.0,0.0,0.0,0.0,24460
60.0,0.196545950528651,80.0,100.0,4.0,0.1965459505286501,8.0,160.0,2400.0,0.1965459505286507,320.0,1.0,0.0,0.0,1.0,25284
60.0,0.196545950528651,80.0,100.0,4.0,0.1965459505286501,8.0,160.0,2400.0,0.1965459505286507,400.0,1.0,0.0,1.0,0.0,24908
60.0,0.196545950528651,80.0,100.0,4.0,0.1965459505286501,8.0,160.0,2400.0,0.1965459505286507,360.0,1.0,0.0,0.0,0.0,25664
60.0,0.196545950528651,80.0,100.0,4.0,0.1965459505286501,8.0,160.0,2400.0,0.1965459505286507,400.0,1.0,0.0,1.0,0.0,24708
60.0,0.196545950528651,80.0,100.0,4.0,0.1965459505286501,8.0,160.0,2400.0,0.1965459505286507,320.0,1.0,0.0,0.0,1.0,24756
60.0,0.196545950528651,80.0,100.0,4.0,0.1965459505286501,8.0,160.0,2400.0,0.1965459505286507,360.0,1.0,0.0,0.0,0.0,24368
60.0,0.196545950528651,80.0,100.0,4.0,0.1965459505286501,8.0,160.0,2400.0,0.1965459505286507,400.0,1.0,0.0,1.0,0.0,25424
60.0,0.196545950528651,80.0,100.0,4.0,0.1965459505286501,8.0,160.0,2400.0,0.1965459505286507,320.0,0.0,0.0,0.0,1.0,24460
60.0,0.196545950528651,80.0,100.0,4.0,0.1965459505286501,8.0,160.0,2400.0,0.1965459505286507,360.0,0.0,0.0,0.0,0.0,24284
60.0,0.196545950528651,80.0,100.0,4.0,0.1965459505286501,8.0,160.0,2400.0,0.1965459505286507,320.0,0.0,0.0,0.0,1.0,24432
60.0,0.196545950528651,80.0,100.0,4.0,0.1965459505286501,8.0,160.0,2400.0,0.1965459505286507,400.0,0.0,0.0,1.0,0.0,25228
60.0,0.196545950528651,80.0,100.0,4.0,0.1965459505286501,8.0,160.0,2400.0,0.1965459505286507,360.0,0.0,0.0,0.0,0.0,24436
60.0,0.196545950528651,80.0,100.0,4.0,0.1965459505286501,8.0,160.0,2400.0,0.1965459505286507,400.0,0.0,0.0,1.0,0.0,25300
60.0,0.196545950528651,80.0,100.0,4.0,0.1965459505286501,8.0,160.0,2400.0,0.1965459505286507,320.0,0.0,0.0,0.0,1.0,25876
60.0,0.196545950528651,80.0,100.0,4.0,0.1965459505286501,8.0,160.0,2400.0,0.1965459505286507,360.0,0.0,0.0,0.0,0.0,25120
60.0,0.196545950528651,80.0,100.0,4.0,0.1965459505286501,8.0,160.0,2400.0,0.1965459505286507,400.0,1.0,0.0,1.0,0.0,24724
60.0,0.196545950528651,80.0,100.0,4.0,0.1965459505286501,8.0,160.0,2400.0,0.1965459505286507,320.0,1.0,0.0,0.0,1.0,25228
60.0,0.196545950528651,80.0,100.0,4.0,0.1965459505286501,8.0,160.0,2400.0,0.1965459505286507,360.0,1.0,0.0,0.0,0.0,25244
60.0,0.196545950528651,80.0,100.0,4.0,0.1965459505286501,8.0,160.0,2400.0,0.1965459505286507,320.0,1.0,0.0,0.0,1.0,24828
60.0,0.196545950528651,80.0,100.0,4.0,0.1965459505286501,8.0,160.0,2400.0,0.1965459505286507,400.0,1.0,0.0,1.0,0.0,25640
60.0,0.196545950528651,80.0,100.0,4.0,0.1965459505286501,8.0,160.0,2400.0,0.1965459505286507,400.0,1.0,0.0,1.0,0.0,24200
60.0,0.196545950528651,80.0,100.0,4.0,0.1965459505286501,8.0,160.0,2400.0,0.1965459505286507,400.0,1.0,0.0,1.0,0.0,24908
60.0,0.196545950528651,80.0,100.0,4.0,0.1965459505286501,8.0,160.0,2400.0,0.1965459505286507,400.0,0.0,0.0,1.0,0.0,25452
60.0,0.196545950528651,80.0,100.0,4.0,0.1965459505286501,8.0,160.0,2400.0,0.1965459505286507,360.0,1.0,0.0,0.0,0.0,24836
60.0,0.196545950528651,80.0,100.0,4.0,0.1965459505286501,8.0,160.0,2400.0,0.1965459505286507,400.0,0.0,0.0,1.0,0.0,25244
60.0,0.196545950528651,80.0,100.0,4.0,0.1965459505286501,8.0,160.0,2400.0,0.1965459505286507,400.0,1.0,0.0,1.0,0.0,24460
60.0,0.196545950528651,80.0,100.0,4.0,0.1965459505286501,8.0,160.0,2400.0,0.1965459505286507,400.0,0.0,0.0,1.0,0.0,24908
60.0,0.196545950528651,80.0,100.0,4.0,0.1965459505286501,8.0,160.0,2400.0,0.1965459505286507,320.0,0.0,0.0,0.0,1.0,25300
60.0,0.196545950528651,80.0,100.0,4.0,0.1965459505286501,8.0,160.0,2400.0,0.1965459505286507,320.0,1.0,0.0,0.0,1.0,25876
60.0,0.196545950528651,80.0,100.0,4.0,0.1965459505286501,8.0,160.0,2400.0,0.1965459505286507,320.0,0.0,0.0,0.0,1.0,25120
60.0,0.196545950528651,80.0,100.0,4.0,0.1965459505286501,8.0,160.0,2400.0,0.1965459505286507,400.0,1.0,0.0,1.0,0.0,24724
60.0,0.196545950528651,80.0,100.0,4.0,0.1965459505286501,8.0,160.0,2400.0,0.1965459505286507,320.0,0.0,0.0,0.0,1.0,25228
60.0,0.196545950528651,80.0,100.0,4.0,0.1965459505286501,8.0,160.0,2400.0,0.1965459505286507,360.0,1.0,0.0,0.0,0.0,25244
60.0,0.196545950528651,80.0,100.0,4.0,0.1965459505286501,8.0,160.0,2400.0,0.1965459505286507,320.0,0.0,0.0,0.0,1.0,24828
60.0,0.196545950528651,80.0,100.0,4.0,0.1965459505286501,8.0,160.0,2400.0,0.1965459505286507,320.0,1.0,0.0,0.0,1.0,25640
60.0,0.196545950528651,80.0,100.0,4.0,0.1965459505286501,8.0,160.0,2400.0,0.1965459505286507,360.0,1.0,0.0,0.0,0.0,24200
60.0,0.196545950528651,80.0,100.0,4.0,0.1965459505286501,8.0,160.0,2400.0,0.1965459505286507,400.0,0.0,0.0,1.0,0.0,24908
60.0,0.196545950528651,80.0,100.0,4.0,0.1965459505286501,8.0,160.0,2400.0,0.1965459505286507,320.0,1.0,0.0,0.0,1.0,25452
60.0,0.196545950528651,80.0,100.0,4.0,0.1965459505286501,8.0,160.0,2400.0,0.1965459505286507,360.0,1.0,0.0,0.0,0.0,24836
60.0,0.196545950528651,80.0,100.0,4.0,0.1965459505286501,8.0,160.0,2400.0,0.1965459505286507,400.0,0.0,0.0,1.0,0.0,25244
60.0,0.196545950528651,80.0,100.0,4.0,0.1965459505286501,8.0,160.0,2400.0,0.1965459505286507,320.0,1.0,0.0,0.0,1.0,24460
60.0,0.196545950528651,80.0,100.0,4.0,0.1965459505286501,8.0,160.0,2400.0,0.1965459505286507,360.0,1.0,0.0,0.0,0.0,24908
60.0,0.196545950528651,80.0,100.0,4.0,0.1965459505286501,8.0,160.0,2400.0,0.1965459505286507,320.0,1.0,0.0,0.0,1.0,25300
60.0,0.196545950528651,80.0,100.0,4.0,0.1965459505286501,8.0,160.0,2400.0,0.1965459505286507,400.0,1.0,0.0,1.0,0.0,25876
60.0,0.196545950528651,80.0,100.0,4.0,0.1965459505286501,8.0,160.0,2400.0,0.1965459505286507,360.0,0.0,0.0,0.0,0.0,25120
60.0,0.196545950528651,80.0,100.0,4.0,0.1965459505286501,8.0,160.0,2400.0,0.1965459505286507,400.0,1.0,0.0,1.0,0.0,24724
60.0,0.196545950528651,80.0,100.0,4.0,0.1965459505286501,8.0,160.0,2400.0,0.1965459505286507,320.0,0.0,0.0,0.0,1.0,25228
60.0,0.196545950528651,80.0,100.0,4.0,0.1965459505286501,8.0,160.0,2400.0,0.1965459505286507,360.0,1.0,0.0,0.0,0.0,25244
60.0,0.196545950528651,80.0,100.0,4.0,0.1965459505286501,8.0,160.0,2400.0,0.1965459505286507,400.0,1.0,0.0,1.0,0.0,24828
60.0,0.196545950528651,80.0,100.0,4.0,0.1965459505286501,8.0,160.0,2400.0,0.1965459505286507,320.0,0.0,0.0,0.0,1.0,25640
60.0,0.196545950528651,80.0,100.0,4.0,0.1965459505286501,8.0,160.0,2400.0,0.1965459505286507,360.0,1.0,0.0,0.0,0.0,24200
60.0,0.196545950528651,80.0,100.0,4.0,0.1965459505286501,8.0,160.0,2400.0,0.1965459505286507,320.0,0.0,0.0,0.0,1.0,24908
60.0,0.196545950528651,80.0,100.0,4.0,0.1965459505286501,8.0,160.0,2400.0,0.1965459505286507,400.0,0.0,0.0,1.0,0.0,25452
60.0,0.196545950528651,80.0,100.0,4.0,0.1965459505286501,8.0,160.0,2400.0,0.1965459505286507,360.0,1.0,0.0,0.0,0.0,24836
60.0,0.196545950528651,80.0,100.0,4.0,0.1965459505286501,8.0,160.0,2400.0,0.1965459505286507,400.0,0.0,0.0,1.0,0.0,25244
60.0,0.196545950528651,80.0,100.0,4.0,0.1965459505286501,8.0,160.0,2400.0,0.1965459505286507,320.0,0.0,0.0,0.0,1.0,24460
60.0,0.196545950528651,80.0,100.0,4.0,0.1965459505286501,8.0,160.0,2400.0,0.1965459505286507,360.0,0.0,0.0,0.0,0.0,24908
60.0,0.196545950528651,80.0,100.0,4.0,0.1965459505286501,8.0,160.0,2400.0,0.1965459505286507,400.0,0.0,0.0,1.0,0.0,25300
60.0,0.196545950528651,80.0,100.0,4.0,0.1965459505286501,8.0,160.0,2400.0,0.1965459505286507,320.0,1.0,0.0,0.0,1.0,25876
60.0,0.196545950528651,80.0,100.0,4.0,0.1965459505286501,8.0,160.0,2400.0,0.1965459505286507,360.0,0.0,0.0,0.0,0.0,25120
60.0,0.196545950528651,80.0,100.0,4.0,0.1965459505286501,8.0,160.0,2400.0,0.1965459505286507,320.0,1.0,0.0,0.0,1.0,24724
60.0,0.196545950528651,80.0,100.0,4.0,0.1965459505286501,8.0,160.0,2400.0,0.1965459505286507,400.0,1.0,0.0,1.0,0.0,25228
60.0,0.196545950528651,80.0,100.0,4.0,0.1965459505286501,8.0,160.0,2400.0,0.1965459505286507,400.0,0.0,0.0,1.0,0.0,25244
60.0,0.196545950528651,80.0,100.0,4.0,0.1965459505286501,8.0,160.0,2400.0,0.1965459505286507,400.0,1.0,0.0,1.0,0.0,24828
60.0,0.196545950528651,80.0,100.0,4.0,0.1965459505286501,8.0,160.0,2400.0,0.1965459505286507,400.0,1.0,0.0,1.0,0.0,25640
60.0,0.196545950528651,80.0,100.0,4.0,0.1965459505286501,8.0,160.0,2400.0,0.1965459505286507,360.0,1.0,0.0,0.0,0.0,24200
60.0,0.196545950528651,80.0,100.0,4.0,0.1965459505286501,8.0,160.0,2400.0,0.1965459505286507,400.0,0.0,0.0,1.0,0.0,24908
60.0,0.196545950528651,80.0,100.0,4.0,0.1965459505286501,8.0,160.0,2400.0,0.1965459505286507,400.0,0.0,0.0,1.0,0.0,25452
60.0,0.196545950528651,80.0,100.0,4.0,0.1965459505286501,8.0,160.0,2400.0,0.1965459505286507,400.0,0.0,0.0,1.0,0.0,24836
60.0,0.196545950528651,80.0,100.0,4.0,0.1965459505286501,8.0,160.0,2400.0,0.1965459505286507,320.0,1.0,0.0,0.0,1.0,25244
60.0,0.196545950528651,80.0,100.0,4.0,0.1965459505286501,8.0,160.0,2400.0,0.1965459505286507,320.0,0.0,0.0,0.0,1.0,24460
60.0,0.196545950528651,80.0,100.0,4.0,0.1965459505286501,8.0,160.0,2400.0,0.1965459505286507,320.0,1.0,0.0,0.0,1.0,24908
60.0,0.196545950528651,80.0,100.0,4.0,0.1965459505286501,8.0,160.0,2400.0,0.1965459505286507,400.0,0.0,0.0,1.0,0.0,25300
60.0,0.196545950528651,80.0,100.0,4.0,0.1965459505286501,8.0,160.0,2400.0,0.1965459505286507,320.0,0.0,0.0,0.0,1.0,25876
60.0,0.196545950528651,80.0,100.0,4.0,0.1965459505286501,8.0,160.0,2400.0,0.1965459505286507,360.0,1.0,0.0,0.0,0.0,25120
60.0,0.196545950528651,80.0,100.0,4.0,0.1965459505286501,8.0,160.0,2400.0,0.1965459505286507,320.0,1.0,0.0,0.0,1.0,24724
60.0,0.196545950528651,80.0,100.0,4.0,0.1965459505286501,8.0,160.0,2400.0,0.1965459505286507,320.0,0.0,0.0,0.0,1.0,25228
60.0,0.196545950528651,80.0,100.0,4.0,0.1965459505286501,8.0,160.0,2400.0,0.1965459505286507,360.0,1.0,0.0,0.0,0.0,25244
60.0,0.196545950528651,80.0,100.0,4.0,0.1965459505286501,8.0,160.0,2400.0,0.1965459505286507,400.0,0.0,0.0,1.0,0.0,24828
60.0,0.196545950528651,80.0,100.0,4.0,0.1965459505286501,8.0,160.0,2400.0,0.1965459505286507,320.0,1.0,0.0,0.0,1.0,25640
60.0,0.196545950528651,80.0,100.0,4.0,0.1965459505286501,8.0,160.0,2400.0,0.1965459505286507,360.0,1.0,0.0,0.0,0.0,24200
60.0,0.196545950528651,80.0,100.0,4.0,0.1965459505286501,8.0,160.0,2400.0,0.1965459505286507,400.0,0.0,0.0,1.0,0.0,24908
60.0,0.196545950528651,80.0,100.0,4.0,0.1965459505286501,8.0,160.0,2400.0,0.1965459505286507,320.0,1.0,0.0,0.0,1.0,25452
60.0,0.196545950528651,80.0,100.0,4.0,0.1965459505286501,8.0,160.0,2400.0,0.1965459505286507,360.0,0.0,0.0,0.0,0.0,24836
60.0,0.196545950528651,80.0,100.0,4.0,0.1965459505286501,8.0,160.0,2400.0,0.1965459505286507,320.0,1.0,0.0,0.0,1.0,25244
60.0,0.196545950528651,80.0,100.0,4.0,0.1965459505286501,8.0,160.0,2400.0,0.1965459505286507,400.0,0.0,0.0,1.0,0.0,24460
60.0,0.196545950528651,80.0,100.0,4.0,0.1965459505286501,8.0,160.0,2400.0,0.1965459505286507,360.0,0.0,0.0,0.0,0.0,24908
60.0,0.196545950528651,80.0,100.0,4.0,0.1965459505286501,8.0,160.0,2400.0,0.1965459505286507,400.0,1.0,0.0,1.0,0.0,24080
60.0,0.196545950528651,80.0,100.0,4.0,0.1965459505286501,8.0,160.0,2400.0,0.1965459505286507,320.0,0.0,0.0,0.0,1.0,25668
60.0,0.196545950528651,80.0,100.0,4.0,0.1965459505286501,8.0,160.0,2400.0,0.1965459505286507,360.0,1.0,0.0,0.0,0.0,25584
60.0,0.196545950528651,80.0,100.0,4.0,0.1965459505286501,8.0,160.0,2400.0,0.1965459505286507,400.0,0.0,0.0,1.0,0.0,25244
60.0,0.196545950528651,80.0,100.0,4.0,0.1965459505286501,8.0,160.0,2400.0,0.1965459505286507,320.0,1.0,0.0,0.0,1.0,24324
60.0,0.196545950528651,80.0,100.0,4.0,0.1965459505286501,8.0,160.0,2400.0,0.1965459505286507,360.0,0.0,0.0,0.0,0.0,25136
60.0,0.196545950528651,80.0,100.0,4.0,0.1965459505286501,8.0,160.0,2400.0,0.1965459505286507,320.0,1.0,0.0,0.0,1.0,24772
60.0,0.196545950528651,80.0,100.0,4.0,0.1965459505286501,8.0,160.0,2400.0,0.1965459505286507,400.0,1.0,0.0,1.0,0.0,24912
60.0,0.196545950528651,80.0,100.0,4.0,0.1965459505286501,8.0,160.0,2400.0,0.1965459505286507,360.0,1.0,0.0,0.0,0.0,23492
60.0,0.196545950528651,80.0,100.0,4.0,0.1965459505286501,8.0,160.0,2400.0,0.1965459505286507,400.0,1.0,0.0,1.0,0.0,22892
60.0,0.196545950528651,80.0,100.0,4.0,0.1965459505286501,8.0,160.0,2400.0,0.1965459505286507,320.0,0.0,0.0,0.0,1.0,24200
60.0,0.196545950528651,80.0,100.0,4.0,0.1965459505286501,8.0,160.0,2400.0,0.1965459505286507,360.0,1.0,0.0,0.0,0.0,24488
60.0,0.196545950528651,80.0,100.0,4.0,0.1965459505286501,8.0,160.0,2400.0,0.1965459505286507,400.0,1.0,0.0,1.0,0.0,24460
60.0,0.196545950528651,80.0,100.0,4.0,0.1965459505286501,8.0,160.0,2400.0,0.1965459505286507,320.0,0.0,0.0,0.0,1.0,24060
60.0,0.196545950528651,80.0,100.0,4.0,0.1965459505286501,8.0,160.0,2400.0,0.1965459505286507,360.0,1.0,0.0,0.0,0.0,25284
60.0,0.196545950528651,80.0,100.0,4.0,0.1965459505286501,8.0,160.0,2400.0,0.1965459505286507,320.0,1.0,1.0,0.0,1.0,24852
60.0,0.196545950528651,80.0,100.0,4.0,0.1965459505286501,8.0,160.0,2400.0,0.1965459505286507,400.0,0.0,1.0,1.0,0.0,24908
60.0,0.196545950528651,80.0,100.0,4.0,0.1965459505286501,8.0,160.0,2400.0,0.1965459505286507,400.0,1.0,1.0,1.0,0.0,25664
60.0,0.196545950528651,80.0,100.0,4.0,0.1965459505286501,8.0,160.0,2400.0,0.1965459505286507,400.0,1.0,1.0,1.0,0.0,24908
60.0,0.196545950528651,80.0,100.0,4.0,0.1965459505286501,8.0,160.0,2400.0,0.1965459505286507,400.0,1.0,1.0,1.0,0.0,25448
60.0,0.196545950528651,80.0,100.0,4.0,0.1965459505286501,8.0,160.0,2400.0,0.1965459505286507,360.0,0.0,1.0,0.0,0.0,24708
60.0,0.196545950528651,80.0,100.0,4.0,0.1965459505286501,8.0,160.0,2400.0,0.1965459505286507,400.0,1.0,1.0,1.0,0.0,25144
60.0,0.196545950528651,80.0,100.0,4.0,0.1965459505286501,8.0,160.0,2400.0,0.1965459505286507,400.0,1.0,1.0,1.0,0.0,24604
60.0,0.196545950528651,80.0,100.0,4.0,0.1965459505286501,8.0,160.0,2400.0,0.1965459505286507,400.0,0.0,1.0,1.0,0.0,24756
60.0,0.196545950528651,80.0,100.0,4.0,0.1965459505286501,8.0,160.0,2400.0,0.1965459505286507,320.0,0.0,1.0,0.0,1.0,25452
60.0,0.196545950528651,80.0,100.0,4.0,0.1965459505286501,8.0,160.0,2400.0,0.1965459505286507,320.0,0.0,1.0,0.0,1.0,24368
60.0,0.196545950528651,80.0,100.0,4.0,0.1965459505286501,8.0,160.0,2400.0,0.1965459505286507,320.0,0.0,1.0,0.0,1.0,24768
60.0,0.196545950528651,80.0,100.0,4.0,0.1965459505286501,8.0,160.0,2400.0,0.1965459505286507,400.0,0.0,1.0,1.0,0.0,25616
60.0,0.196545950528651,80.0,100.0,4.0,0.1965459505286501,8.0,160.0,2400.0,0.1965459505286507,320.0,0.0,1.0,0.0,1.0,25672
60.0,0.196545950528651,80.0,100.0,4.0,0.1965459505286501,8.0,160.0,2400.0,0.1965459505286507,360.0,0.0,1.0,0.0,0.0,25424
60.0,0.196545950528651,80.0,100.0,4.0,0.1965459505286501,8.0,160.0,2400.0,0.1965459505286507,320.0,1.0,1.0,0.0,1.0,24636
60.0,0.196545950528651,80.0,100.0,4.0,0.1965459505286501,8.0,160.0,2400.0,0.1965459505286507,320.0,1.0,1.0,0.0,1.0,24836
60.0,0.196545950528651,80.0,100.0,4.0,0.1965459505286501,8.0,160.0,2400.0,0.1965459505286507,360.0,1.0,1.0,0.0,0.0,24460
60.0,0.196545950528651,80.0,100.0,4.0,0.1965459505286501,8.0,160.0,2400.0,0.1965459505286507,400.0,1.0,1.0,1.0,0.0,25724
60.0,0.196545950528651,80.0,100.0,4.0,0.1965459505286501,8.0,160.0,2400.0,0.1965459505286507,320.0,1.0,1.0,0.0,1.0,24284
60.0,0.196545950528651,80.0,100.0,4.0,0.1965459505286501,8.0,160.0,2400.0,0.1965459505286507,360.0,1.0,1.0,0.0,0.0,25300
60.0,0.196545950528651,80.0,100.0,4.0,0.1965459505286501,8.0,160.0,2400.0,0.1965459505286507,400.0,1.0,1.0,1.0,0.0,25876
60.0,0.196545950528651,80.0,100.0,4.0,0.1965459505286501,8.0,160.0,2400.0,0.1965459505286507,320.0,1.0,1.0,0.0,1.0,25120
60.0,0.196545950528651,80.0,100.0,4.0,0.1965459505286501,8.0,160.0,2400.0,0.1965459505286507,360.0,0.0,0.0,0.0,0.0,24432
60.0,0.196545950528651,80.0,100.0,4.0,0.1965459505286501,8.0,160.0,2400.0,0.1965459505286507,320.0,0.0,0.0,0.0,1.0,24724
60.0,0.196545950528651,80.0,100.0,4.0,0.1965459505286501,8.0,160.0,2400.0,0.1965459505286507,400.0,0.0,0.0,1.0,0.0,24644
60.0,0.196545950528651,80.0,100.0,4.0,0.1965459505286501,8.0,160.0,2400.0,0.1965459505286507,360.0,0.0,0.0,0.0,0.0,25228
60.0,0.196545950528651,80.0,100.0,4.0,0.1965459505286501,8.0,160.0,2400.0,0.1965459505286507,400.0,0.0,0.0,1.0,0.0,25244
60.0,0.196545950528651,80.0,100.0,4.0,0.1965459505286501,8.0,160.0,2400.0,0.1965459505286507,320.0,0.0,0.0,0.0,1.0,24436
60.0,0.196545950528651,80.0,100.0,4.0,0.1965459505286501,8.0,160.0,2400.0,0.1965459505286507,360.0,0.0,0.0,0.0,0.0,25536
60.0,0.196545950528651,80.0,100.0,4.0,0.1965459505286501,8.0,160.0,2400.0,0.1965459505286507,400.0,0.0,0.0,1.0,0.0,24828
60.0,0.196545950528651,80.0,100.0,4.0,0.1965459505286501,8.0,160.0,2400.0,0.1965459505286507,320.0,1.0,0.0,0.0,1.0,24644
60.0,0.196545950528651,80.0,100.0,4.0,0.1965459505286501,8.0,160.0,2400.0,0.1965459505286507,360.0,1.0,0.0,0.0,0.0,24228
60.0,0.196545950528651,80.0,100.0,4.0,0.1965459505286501,8.0,160.0,2400.0,0.1965459505286507,320.0,1.0,0.0,0.0,1.0,25640
60.0,0.196545950528651,80.0,100.0,4.0,0.1965459505286501,8.0,160.0,2400.0,0.1965459505286507,400.0,1.0,0.0,1.0,0.0,24684
60.0,0.196545950528651,80.0,100.0,4.0,0.1965459505286501,8.0,160.0,2400.0,0.1965459505286507,360.0,1.0,0.0,0.0,0.0,24200
60.0,0.196545950528651,80.0,100.0,4.0,0.1965459505286501,8.0,160.0,2400.0,0.1965459505286507,400.0,1.0,0.0,1.0,0.0,24488
60.0,0.196545950528651,80.0,100.0,4.0,0.1965459505286501,8.0,160.0,2400.0,0.1965459505286507,320.0,1.0,0.0,0.0,1.0,24060
60.0,0.196545950528651,80.0,100.0,4.0,0.1965459505286501,8.0,160.0,2400.0,0.1965459505286507,360.0,0.0,0.0,0.0,0.0,24852
60.0,0.196545950528651,80.0,100.0,4.0,0.1965459505286501,8.0,160.0,2400.0,0.1965459505286507,400.0,1.0,0.0,1.0,0.0,24908
60.0,0.196545950528651,80.0,100.0,4.0,0.1965459505286501,8.0,160.0,2400.0,0.1965459505286507,320.0,0.0,0.0,0.0,1.0,25448
60.0,0.196545950528651,80.0,100.0,4.0,0.1965459505286501,8.0,160.0,2400.0,0.1965459505286507,360.0,1.0,1.0,0.0,0.0,24604
60.0,0.196545950528651,80.0,100.0,4.0,0.1965459505286501,8.0,160.0,2400.0,0.1965459505286507,320.0,0.0,1.0,0.0,1.0,25452
60.0,0.196545950528651,80.0,100.0,4.0,0.1965459505286501,8.0,160.0,2400.0,0.1965459505286507,400.0,0.0,1.0,1.0,0.0,25672
60.0,0.196545950528651,80.0,100.0,4.0,0.1965459505286501,8.0,160.0,2400.0,0.1965459505286507,400.0,1.0,1.0,1.0,0.0,24836
60.0,0.196545950528651,80.0,100.0,4.0,0.1965459505286501,8.0,160.0,2400.0,0.1965459505286507,400.0,0.0,1.0,1.0,0.0,25724
60.0,0.196545950528651,80.0,100.0,4.0,0.1965459505286501,8.0,160.0,2400.0,0.1965459505286507,400.0,1.0,1.0,1.0,0.0,25120
60.0,0.196545950528651,80.0,100.0,4.0,0.1965459505286501,8.0,160.0,2400.0,0.1965459505286507,360.0,0.0,1.0,0.0,0.0,24644
60.0,0.196545950528651,80.0,100.0,4.0,0.1965459505286501,8.0,160.0,2400.0,0.1965459505286507,400.0,1.0,1.0,1.0,0.0,25244
60.0,0.196545950528651,80.0,100.0,4.0,0.1965459505286501,8.0,160.0,2400.0,0.1965459505286507,400.0,0.0,1.0,1.0,0.0,24200
60.0,0.196545950528651,80.0,100.0,4.0,0.1965459505286501,8.0,160.0,2400.0,0.1965459505286507,400.0,1.0,1.0,1.0,0.0,24488
60.0,0.196545950528651,80.0,100.0,4.0,0.1965459505286501,8.0,160.0,2400.0,0.1965459505286507,320.0,1.0,1.0,0.0,1.0,24460
60.0,0.196545950528651,80.0,100.0,4.0,0.1965459505286501,8.0,160.0,2400.0,0.1965459505286507,320.0,0.0,1.0,0.0,1.0,25284
60.0,0.196545950528651,80.0,100.0,4.0,0.1965459505286501,8.0,160.0,2400.0,0.1965459505286507,320.0,1.0,1.0,0.0,1.0,24908
60.0,0.196545950528651,80.0,100.0,4.0,0.1965459505286501,8.0,160.0,2400.0,0.1965459505286507,400.0,1.0,1.0,1.0,0.0,25664
60.0,0.196545950528651,80.0,100.0,4.0,0.1965459505286501,8.0,160.0,2400.0,0.1965459505286507,320.0,0.0,1.0,0.0,1.0,24708
60.0,0.196545950528651,80.0,100.0,4.0,0.1965459505286501,8.0,160.0,2400.0,0.1965459505286507,360.0,1.0,1.0,0.0,0.0,24756
60.0,0.196545950528651,80.0,100.0,4.0,0.1965459505286501,8.0,160.0,2400.0,0.1965459505286507,320.0,1.0,1.0,0.0,1.0,24368
60.0,0.196545950528651,80.0,100.0,4.0,0.1965459505286501,8.0,160.0,2400.0,0.1965459505286507,320.0,1.0,1.0,0.0,1.0,25424
60.0,0.196545950528651,80.0,100.0,4.0,0.1965459505286501,8.0,160.0,2400.0,0.1965459505286507,360.0,1.0,1.0,0.0,0.0,24460
60.0,0.196545950528651,80.0,100.0,4.0,0.1965459505286501,8.0,160.0,2400.0,0.1965459505286507,400.0,0.0,1.0,1.0,0.0,24284
60.0,0.196545950528651,80.0,100.0,4.0,0.1965459505286501,8.0,160.0,2400.0,0.1965459505286507,320.0,1.0,1.0,0.0,1.0,24432
60.0,0.196545950528651,80.0,100.0,4.0,0.1965459505286501,8.0,160.0,2400.0,0.1965459505286507,360.0,0.0,1.0,0.0,0.0,25228
60.0,0.196545950528651,80.0,100.0,4.0,0.1965459505286501,8.0,160.0,2400.0,0.1965459505286507,400.0,1.0,1.0,1.0,0.0,24436
60.0,0.196545950528651,80.0,100.0,4.0,0.1965459505286501,8.0,160.0,2400.0,0.1965459505286507,320.0,1.0,1.0,0.0,1.0,25300
60.0,0.196545950528651,80.0,100.0,4.0,0.1965459505286501,8.0,160.0,2400.0,0.1965459505286507,360.0,0.0,1.0,0.0,0.0,25876
60.0,0.196545950528651,80.0,100.0,4.0,0.1965459505286501,8.0,160.0,2400.0,0.1965459505286507,320.0,1.0,1.0,0.0,1.0,25120
60.0,0.196545950528651,80.0,100.0,4.0,0.1965459505286501,8.0,160.0,2400.0,0.1965459505286507,400.0,0.0,1.0,1.0,0.0,24724
60.0,0.196545950528651,80.0,100.0,4.0,0.1965459505286501,8.0,160.0,2400.0,0.1965459505286507,360.0,0.0,1.0,0.0,0.0,25228
60.0,0.196545950528651,80.0,100.0,4.0,0.1965459505286501,8.0,160.0,2400.0,0.1965459505286507,400.0,1.0,1.0,1.0,0.0,25244
60.0,0.196545950528651,80.0,100.0,4.0,0.1965459505286501,8.0,160.0,2400.0,0.1965459505286507,320.0,0.0,1.0,0.0,1.0,24828
60.0,0.196545950528651,80.0,100.0,4.0,0.1965459505286501,8.0,160.0,2400.0,0.1965459505286507,360.0,0.0,1.0,0.0,0.0,25640
60.0,0.196545950528651,80.0,100.0,4.0,0.1965459505286501,8.0,160.0,2400.0,0.1965459505286507,400.0,0.0,1.0,1.0,0.0,24200
60.0,0.196545950528651,80.0,100.0,4.0,0.1965459505286501,8.0,160.0,2400.0,0.1965459505286507,320.0,0.0,0.0,0.0,1.0,24908
60.0,0.196545950528651,80.0,100.0,4.0,0.1965459505286501,8.0,160.0,2400.0,0.1965459505286507,360.0,1.0,0.0,0.0,0.0,25452
60.0,0.196545950528651,80.0,100.0,4.0,0.1965459505286501,8.0,160.0,2400.0,0.1965459505286507,320.0,0.0,0.0,0.0,1.0,24836
60.0,0.196545950528651,80.0,100.0,4.0,0.1965459505286501,8.0,160.0,2400.0,0.1965459505286507,400.0,1.0,0.0,1.0,0.0,25244
60.0,0.196545950528651,80.0,100.0,4.0,0.1965459505286501,8.0,160.0,2400.0,0.1965459505286507,360.0,1.0,0.0,0.0,0.0,24460
60.0,0.196545950528651,80.0,100.0,4.0,0.1965459505286501,8.0,160.0,2400.0,0.1965459505286507,400.0,0.0,0.0,1.0,0.0,24908
60.0,0.196545950528651,80.0,100.0,4.0,0.1965459505286501,8.0,160.0,2400.0,0.1965459505286507,320.0,1.0,0.0,0.0,1.0,25300
60.0,0.196545950528651,80.0,100.0,4.0,0.1965459505286501,8.0,160.0,2400.0,0.1965459505286507,360.0,1.0,0.0,0.0,0.0,25876
60.0,0.196545950528651,80.0,100.0,4.0,0.1965459505286501,8.0,160.0,2400.0,0.1965459505286507,400.0,1.0,0.0,1.0,0.0,25120
60.0,0.196545950528651,80.0,100.0,4.0,0.1965459505286501,8.0,160.0,2400.0,0.1965459505286507,320.0,0.0,0.0,0.0,1.0,24724
60.0,0.196545950528651,80.0,100.0,4.0,0.1965459505286501,8.0,160.0,2400.0,0.1965459505286507,360.0,0.0,0.0,0.0,0.0,25228
60.0,0.196545950528651,80.0,100.0,4.0,0.1965459505286501,8.0,160.0,2400.0,0.1965459505286507,320.0,0.0,0.0,0.0,1.0,25244
60.0,0.196545950528651,80.0,100.0,4.0,0.1965459505286501,8.0,160.0,2400.0,0.1965459505286507,400.0,1.0,0.0,1.0,0.0,24828
60.0,0.196545950528651,80.0,100.0,4.0,0.1965459505286501,8.0,160.0,2400.0,0.1965459505286507,400.0,0.0,0.0,1.0,0.0,25640
60.0,0.196545950528651,80.0,100.0,4.0,0.1965459505286501,8.0,160.0,2400.0,0.1965459505286507,400.0,1.0,0.0,1.0,0.0,24200
60.0,0.196545950528651,80.0,100.0,4.0,0.1965459505286501,8.0,160.0,2400.0,0.1965459505286507,400.0,0.0,0.0,1.0,0.0,24908
60.0,0.196545950528651,80.0,100.0,4.0,0.1965459505286501,8.0,160.0,2400.0,0.1965459505286507,360.0,0.0,0.0,0.0,0.0,25452
60.0,0.196545950528651,80.0,100.0,4.0,0.1965459505286501,8.0,160.0,2400.0,0.1965459505286507,400.0,1.0,0.0,1.0,0.0,24836
60.0,0.196545950528651,80.0,100.0,4.0,0.1965459505286501,8.0,160.0,2400.0,0.1965459505286507,400.0,1.0,0.0,1.0,0.0,25244
60.0,0.196545950528651,80.0,100.0,4.0,0.1965459505286501,8.0,160.0,2400.0,0.1965459505286507,400.0,0.0,0.0,1.0,0.0,24460
60.0,0.196545950528651,80.0,100.0,4.0,0.1965459505286501,8.0,160.0,2400.0,0.1965459505286507,320.0,1.0,0.0,0.0,1.0,24908
60.0,0.196545950528651,80.0,100.0,4.0,0.1965459505286501,8.0,160.0,2400.0,0.1965459505286507,320.0,0.0,0.0,0.0,1.0,25300
60.0,0.196545950528651,80.0,100.0,4.0,0.1965459505286501,8.0,160.0,2400.0,0.1965459505286507,320.0,1.0,0.0,0.0,1.0,25876
60.0,0.196545950528651,80.0,100.0,4.0,0.1965459505286501,8.0,160.0,2400.0,0.1965459505286507,400.0,1.0,1.0,1.0,0.0,25120
60.0,0.196545950528651,80.0,100.0,4.0,0.1965459505286501,8.0,160.0,2400.0,0.1965459505286507,320.0,0.0,1.0,0.0,1.0,24724
60.0,0.196545950528651,80.0,100.0,4.0,0.1965459505286501,8.0,160.0,2400.0,0.1965459505286507,360.0,1.0,1.0,0.0,0.0,25228
60.0,0.196545950528651,80.0,100.0,4.0,0.1965459505286501,8.0,160.0,2400.0,0.1965459505286507,320.0,0.0,1.0,0.0,1.0,25244
60.0,0.196545950528651,80.0,100.0,4.0,0.1965459505286501,8.0,160.0,2400.0,0.1965459505286507,320.0,1.0,1.0,0.0,1.0,24828
60.0,0.196545950528651,80.0,100.0,4.0,0.1965459505286501,8.0,160.0,2400.0,0.1965459505286507,360.0,0.0,1.0,0.0,0.0,25640
60.0,0.196545950528651,80.0,100.0,4.0,0.1965459505286501,8.0,160.0,2400.0,0.1965459505286507,400.0,0.0,1.0,1.0,0.0,24200
60.0,0.196545950528651,80.0,100.0,4.0,0.1965459505286501,8.0,160.0,2400.0,0.1965459505286507,320.0,1.0,1.0,0.0,1.0,24908
60.0,0.196545950528651,80.0,100.0,4.0,0.1965459505286501,8.0,160.0,2400.0,0.1965459505286507,360.0,0.0,1.0,0.0,0.0,25452
60.0,0.196545950528651,80.0,100.0,4.0,0.1965459505286501,8.0,160.0,2400.0,0.1965459505286507,400.0,1.0,1.0,1.0,0.0,24836
60.0,0.196545950528651,80.0,100.0,4.0,0.1965459505286501,8.0,160.0,2400.0,0.1965459505286507,320.0,0.0,1.0,0.0,1.0,25244
60.0,0.196545950528651,80.0,100.0,4.0,0.1965459505286501,8.0,160.0,2400.0,0.1965459505286507,360.0,1.0,0.0,0.0,0.0,24460
60.0,0.196545950528651,80.0,100.0,4.0,0.1965459505286501,8.0,160.0,2400.0,0.1965459505286507,320.0,0.0,0.0,0.0,1.0,24908
60.0,0.196545950528651,80.0,100.0,4.0,0.1965459505286501,8.0,160.0,2400.0,0.1965459505286507,400.0,1.0,0.0,1.0,0.0,25300
60.0,0.196545950528651,80.0,100.0,4.0,0.1965459505286501,8.0,160.0,2400.0,0.1965459505286507,360.0,1.0,0.0,0.0,0.0,25876
60.0,0.196545950528651,80.0,100.0,4.0,0.1965459505286501,8.0,160.0,2400.0,0.1965459505286507,400.0,1.0,0.0,1.0,0.0,25120
60.0,0.196545950528651,80.0,100.0,4.0,0.1965459505286501,8.0,160.0,2400.0,0.1965459505286507,320.0,1.0,0.0,0.0,1.0,24724
60.0,0.196545950528651,80.0,100.0,4.0,0.1965459505286501,8.0,160.0,2400.0,0.1965459505286507,360.0,0.0,0.0,0.0,0.0,25228
60.0,0.196545950528651,80.0,100.0,4.0,0.1965459505286501,8.0,160.0,2400.0,0.1965459505286507,400.0,1.0,0.0,1.0,0.0,25244
60.0,0.196545950528651,80.0,100.0,4.0,0.1965459505286501,8.0,160.0,2400.0,0.1965459505286507,320.0,1.0,0.0,0.0,1.0,24828
60.0,0.196545950528651,80.0,100.0,4.0,0.1965459505286501,8.0,160.0,2400.0,0.1965459505286507,360.0,0.0,0.0,0.0,0.0,25640
60.0,0.196545950528651,80.0,100.0,4.0,0.1965459505286501,8.0,160.0,2400.0,0.1965459505286507,320.0,1.0,1.0,0.0,1.0,24200
60.0,0.196545950528651,80.0,100.0,4.0,0.1965459505286501,8.0,160.0,2400.0,0.1965459505286507,400.0,1.0,1.0,1.0,0.0,24908
60.0,0.196545950528651,80.0,100.0,4.0,0.1965459505286501,8.0,160.0,2400.0,0.1965459505286507,360.0,0.0,1.0,0.0,0.0,25452
60.0,0.196545950528651,80.0,100.0,4.0,0.1965459505286501,8.0,160.0,2400.0,0.1965459505286507,400.0,1.0,1.0,1.0,0.0,24836
60.0,0.196545950528651,80.0,100.0,4.0,0.1965459505286501,8.0,160.0,2400.0,0.1965459505286507,320.0,1.0,1.0,0.0,1.0,25244
60.0,0.196545950528651,80.0,100.0,4.0,0.1965459505286501,8.0,160.0,2400.0,0.1965459505286507,360.0,1.0,1.0,0.0,0.0,24460
60.0,0.196545950528651,80.0,100.0,4.0,0.1965459505286501,8.0,160.0,2400.0,0.1965459505286507,400.0,0.0,1.0,1.0,0.0,24908
60.0,0.196545950528651,80.0,100.0,4.0,0.1965459505286501,8.0,160.0,2400.0,0.1965459505286507,320.0,1.0,1.0,0.0,1.0,25300
60.0,0.196545950528651,80.0,100.0,4.0,0.1965459505286501,8.0,160.0,2400.0,0.1965459505286507,360.0,1.0,1.0,0.0,0.0,25876
60.0,0.196545950528651,80.0,100.0,4.0,0.1965459505286501,8.0,160.0,2400.0,0.1965459505286507,320.0,0.0,1.0,0.0,1.0,25120
60.0,0.196545950528651,80.0,100.0,4.0,0.1965459505286501,8.0,160.0,2400.0,0.1965459505286507,400.0,0.0,1.0,1.0,0.0,24724
60.0,0.196545950528651,80.0,100.0,4.0,0.1965459505286501,8.0,160.0,2400.0,0.1965459505286507,400.0,0.0,1.0,1.0,0.0,25228
60.0,0.196545950528651,80.0,100.0,4.0,0.1965459505286501,8.0,160.0,2400.0,0.1965459505286507,400.0,0.0,1.0,1.0,0.0,25244
60.0,0.196545950528651,80.0,100.0,4.0,0.1965459505286501,8.0,160.0,2400.0,0.1965459505286507,400.0,0.0,1.0,1.0,0.0,24828
60.0,0.196545950528651,80.0,100.0,4.0,0.1965459505286501,8.0,160.0,2400.0,0.1965459505286507,360.0,0.0,1.0,0.0,0.0,25640
60.0,0.196545950528651,80.0,100.0,4.0,0.1965459505286501,8.0,160.0,2400.0,0.1965459505286507,400.0,0.0,1.0,1.0,0.0,24200
60.0,0.196545950528651,80.0,100.0,4.0,0.1965459505286501,8.0,160.0,2400.0,0.1965459505286507,400.0,1.0,1.0,1.0,0.0,24908
60.0,0.196545950528651,80.0,100.0,4.0,0.1965459505286501,8.0,160.0,2400.0,0.1965459505286507,400.0,1.0,1.0,1.0,0.0,25452
60.0,0.196545950528651,80.0,100.0,4.0,0.1965459505286501,8.0,160.0,2400.0,0.1965459505286507,320.0,1.0,1.0,0.0,1.0,24836
60.0,0.196545950528651,80.0,100.0,4.0,0.1965459505286501,8.0,160.0,2400.0,0.1965459505286507,320.0,1.0,1.0,0.0,1.0,25244
60.0,0.196545950528651,80.0,100.0,4.0,0.1965459505286501,8.0,160.0,2400.0,0.1965459505286507,320.0,1.0,1.0,0.0,1.0,24460
60.0,0.196545950528651,80.0,100.0,4.0,0.1965459505286501,8.0,160.0,2400.0,0.1965459505286507,400.0,1.0,1.0,1.0,0.0,24908
60.0,0.196545950528651,80.0,100.0,4.0,0.1965459505286501,8.0,160.0,2400.0,0.1965459505286507,320.0,1.0,0.0,0.0,1.0,24080
60.0,0.196545950528651,80.0,100.0,4.0,0.1965459505286501,8.0,160.0,2400.0,0.1965459505286507,360.0,1.0,0.0,0.0,0.0,25668
60.0,0.196545950528651,80.0,100.0,4.0,0.1965459505286501,8.0,160.0,2400.0,0.1965459505286507,320.0,0.0,0.0,0.0,1.0,25584
60.0,0.196545950528651,80.0,100.0,4.0,0.1965459505286501,8.0,160.0,2400.0,0.1965459505286507,320.0,0.0,0.0,0.0,1.0,25244
60.0,0.196545950528651,80.0,100.0,4.0,0.1965459505286501,8.0,160.0,2400.0,0.1965459505286507,360.0,0.0,0.0,0.0,0.0,24324
60.0,0.196545950528651,80.0,100.0,4.0,0.1965459505286501,8.0,160.0,2400.0,0.1965459505286507,400.0,0.0,0.0,1.0,0.0,25136
60.0,0.196545950528651,80.0,100.0,4.0,0.1965459505286501,8.0,160.0,2400.0,0.1965459505286507,320.0,1.0,0.0,0.0,1.0,24772
60.0,0.196545950528651,80.0,100.0,4.0,0.1965459505286501,8.0,160.0,2400.0,0.1965459505286507,360.0,0.0,0.0,0.0,0.0,24912
60.0,0.196545950528651,80.0,100.0,4.0,0.1965459505286501,8.0,160.0,2400.0,0.1965459505286507,400.0,0.0,0.0,1.0,0.0,23664
60.0,0.196545950528651,80.0,100.0,4.0,0.1965459505286501,8.0,160.0,2400.0,0.1965459505286507,320.0,0.0,0.0,0.0,1.0,24200
60.0,0.196545950528651,80.0,100.0,4.0,0.1965459505286501,8.0,160.0,2400.0,0.1965459505286507,360.0,1.0,0.0,0.0,0.0,24488
60.0,0.196545950528651,80.0,100.0,4.0,0.1965459505286501,8.0,160.0,2400.0,0.1965459505286507,320.0,1.0,1.0,0.0,1.0,24460
60.0,0.196545950528651,80.0,100.0,4.0,0.1965459505286501,8.0,160.0,2400.0,0.1965459505286507,400.0,1.0,1.0,1.0,0.0,24060
60.0,0.196545950528651,80.0,100.0,4.0,0.1965459505286501,8.0,160.0,2400.0,0.1965459505286507,360.0,1.0,1.0,0.0,0.0,25284
60.0,0.196545950528651,80.0,100.0,4.0,0.1965459505286501,8.0,160.0,2400.0,0.1965459505286507,400.0,1.0,1.0,1.0,0.0,24852
60.0,0.196545950528651,80.0,100.0,4.0,0.1965459505286501,8.0,160.0,2400.0,0.1965459505286507,320.0,1.0,1.0,0.0,1.0,24908
60.0,0.196545950528651,80.0,100.0,4.0,0.1965459505286501,8.0,160.0,2400.0,0.1965459505286507,360.0,1.0,1.0,0.0,0.0,25664
60.0,0.196545950528651,80.0,100.0,4.0,0.1965459505286501,8.0,160.0,2400.0,0.1965459505286507,400.0,0.0,1.0,1.0,0.0,24908
60.0,0.196545950528651,80.0,100.0,4.0,0.1965459505286501,8.0,160.0,2400.0,0.1965459505286507,320.0,1.0,1.0,0.0,1.0,25448
60.0,0.196545950528651,80.0,100.0,4.0,0.1965459505286501,8.0,160.0,2400.0,0.1965459505286507,360.0,0.0,1.0,0.0,0.0,24708
60.0,0.196545950528651,80.0,100.0,4.0,0.1965459505286501,8.0,160.0,2400.0,0.1965459505286507,320.0,1.0,1.0,0.0,1.0,25144
60.0,0.196545950528651,80.0,100.0,4.0,0.1965459505286501,8.0,160.0,2400.0,0.1965459505286507,400.0,0.0,1.0,1.0,0.0,24604
60.0,0.196545950528651,80.0,100.0,4.0,0.1965459505286501,8.0,160.0,2400.0,0.1965459505286507,360.0,0.0,1.0,0.0,0.0,24756
60.0,0.196545950528651,80.0,100.0,4.0,0.1965459505286501,8.0,160.0,2400.0,0.1965459505286507,400.0,1.0,1.0,1.0,0.0,25452
60.0,0.196545950528651,80.0,100.0,4.0,0.1965459505286501,8.0,160.0,2400.0,0.1965459505286507,320.0,0.0,0.0,0.0,1.0,24368
60.0,0.196545950528651,80.0,100.0,4.0,0.1965459505286501,8.0,160.0,2400.0,0.1965459505286507,360.0,1.0,0.0,0.0,0.0,24768
60.0,0.196545950528651,80.0,100.0,4.0,0.1965459505286501,8.0,160.0,2400.0,0.1965459505286507,400.0,0.0,0.0,1.0,0.0,25616
60.0,0.196545950528651,80.0,100.0,4.0,0.1965459505286501,8.0,160.0,2400.0,0.1965459505286507,320.0,1.0,0.0,0.0,1.0,25672
60.0,0.196545950528651,80.0,100.0,4.0,0.1965459505286501,8.0,160.0,2400.0,0.1965459505286507,360.0,0.0,0.0,0.0,0.0,25424
60.0,0.196545950528651,80.0,100.0,4.0,0.1965459505286501,8.0,160.0,2400.0,0.1965459505286507,320.0,1.0,0.0,0.0,1.0,24636
60.0,0.196545950528651,80.0,100.0,4.0,0.1965459505286501,8.0,160.0,2400.0,0.1965459505286507,400.0,1.0,0.0,1.0,0.0,24836
60.0,0.196545950528651,80.0,100.0,4.0,0.1965459505286501,8.0,160.0,2400.0,0.1965459505286507,400.0,0.0,0.0,1.0,0.0,24460
60.0,0.196545950528651,80.0,100.0,4.0,0.1965459505286501,8.0,160.0,2400.0,0.1965459505286507,400.0,1.0,0.0,1.0,0.0,25724
60.0,0.196545950528651,80.0,100.0,4.0,0.1965459505286501,8.0,160.0,2400.0,0.1965459505286507,400.0,1.0,1.0,1.0,0.0,24284
60.0,0.196545950528651,80.0,100.0,4.0,0.1965459505286501,8.0,160.0,2400.0,0.1965459505286507,360.0,0.0,1.0,0.0,0.0,25300
60.0,0.196545950528651,80.0,100.0,4.0,0.1965459505286501,8.0,160.0,2400.0,0.1965459505286507,400.0,1.0,1.0,1.0,0.0,25876
60.0,0.196545950528651,80.0,100.0,4.0,0.1965459505286501,8.0,160.0,2400.0,0.1965459505286507,400.0,1.0,1.0,1.0,0.0,25120
60.0,0.196545950528651,80.0,100.0,4.0,0.1965459505286501,8.0,160.0,2400.0,0.1965459505286507,400.0,1.0,1.0,1.0,0.0,24432
60.0,0.196545950528651,80.0,100.0,4.0,0.1965459505286501,8.0,160.0,2400.0,0.1965459505286507,320.0,1.0,1.0,0.0,1.0,24724
60.0,0.196545950528651,80.0,100.0,4.0,0.1965459505286501,8.0,160.0,2400.0,0.1965459505286507,320.0,0.0,1.0,0.0,1.0,24644
60.0,0.196545950528651,80.0,100.0,4.0,0.1965459505286501,8.0,160.0,2400.0,0.1965459505286507,320.0,1.0,1.0,0.0,1.0,25228
60.0,0.196545950528651,80.0,100.0,4.0,0.1965459505286501,8.0,160.0,2400.0,0.1965459505286507,400.0,0.0,1.0,1.0,0.0,25244
60.0,0.196545950528651,80.0,100.0,4.0,0.1965459505286501,8.0,160.0,2400.0,0.1965459505286507,320.0,1.0,1.0,0.0,1.0,24436
60.0,0.196545950528651,80.0,100.0,4.0,0.1965459505286501,8.0,160.0,2400.0,0.1965459505286507,360.0,1.0,0.0,0.0,0.0,25536
60.0,0.196545950528651,80.0,100.0,4.0,0.1965459505286501,8.0,160.0,2400.0,0.1965459505286507,320.0,0.0,0.0,0.0,1.0,24828
60.0,0.196545950528651,80.0,100.0,4.0,0.1965459505286501,8.0,160.0,2400.0,0.1965459505286507,320.0,1.0,0.0,0.0,1.0,24644
60.0,0.196545950528651,80.0,100.0,4.0,0.1965459505286501,8.0,160.0,2400.0,0.1965459505286507,360.0,0.0,0.0,0.0,0.0,24228
60.0,0.196545950528651,80.0,100.0,4.0,0.1965459505286501,8.0,160.0,2400.0,0.1965459505286507,400.0,0.0,0.0,1.0,0.0,25640
60.0,0.196545950528651,80.0,100.0,4.0,0.1965459505286501,8.0,160.0,2400.0,0.1965459505286507,320.0,1.0,0.0,0.0,1.0,24684
60.0,0.196545950528651,80.0,100.0,4.0,0.1965459505286501,8.0,160.0,2400.0,0.1965459505286507,360.0,0.0,0.0,0.0,0.0,24200
60.0,0.196545950528651,80.0,100.0,4.0,0.1965459505286501,8.0,160.0,2400.0,0.1965459505286507,400.0,0.0,0.0,1.0,0.0,24488
60.0,0.196545950528651,80.0,100.0,4.0,0.1965459505286501,8.0,160.0,2400.0,0.1965459505286507,320.0,0.0,0.0,0.0,1.0,24060
60.0,0.196545950528651,80.0,100.0,4.0,0.1965459505286501,8.0,160.0,2400.0,0.1965459505286507,360.0,0.0,0.0,0.0,0.0,24852
60.0,0.196545950528651,80.0,100.0,4.0,0.1965459505286501,8.0,160.0,2400.0,0.1965459505286507,320.0,1.0,0.0,0.0,1.0,24908
60.0,0.196545950528651,80.0,100.0,4.0,0.1965459505286501,8.0,160.0,2400.0,0.1965459505286507,400.0,0.0,1.0,1.0,0.0,25448
60.0,0.196545950528651,80.0,100.0,4.0,0.1965459505286501,8.0,160.0,2400.0,0.1965459505286507,360.0,1.0,1.0,0.0,0.0,24604
60.0,0.196545950528651,80.0,100.0,4.0,0.1965459505286501,8.0,160.0,2400.0,0.1965459505286507,400.0,1.0,1.0,1.0,0.0,25452
60.0,0.196545950528651,80.0,100.0,4.0,0.1965459505286501,8.0,160.0,2400.0,0.1965459505286507,320.0,0.0,1.0,0.0,1.0,25672
60.0,0.196545950528651,80.0,100.0,4.0,0.1965459505286501,8.0,160.0,2400.0,0.1965459505286507,360.0,1.0,1.0,0.0,0.0,24836
60.0,0.196545950528651,80.0,100.0,4.0,0.1965459505286501,8.0,160.0,2400.0,0.1965459505286507,400.0,1.0,1.0,1.0,0.0,25724
60.0,0.196545950528651,80.0,100.0,4.0,0.1965459505286501,8.0,160.0,2400.0,0.1965459505286507,320.0,1.0,1.0,0.0,1.0,25120
60.0,0.196545950528651,80.0,100.0,4.0,0.1965459505286501,8.0,160.0,2400.0,0.1965459505286507,360.0,0.0,1.0,0.0,0.0,24644
60.0,0.196545950528651,80.0,100.0,4.0,0.1965459505286501,8.0,160.0,2400.0,0.1965459505286507,320.0,0.0,1.0,0.0,1.0,25244
60.0,0.196545950528651,80.0,100.0,4.0,0.1965459505286501,8.0,160.0,2400.0,0.1965459505286507,400.0,0.0,1.0,1.0,0.0,24200
60.0,0.196545950528651,80.0,100.0,4.0,0.1965459505286501,8.0,160.0,2400.0,0.1965459505286507,360.0,1.0,1.0,0.0,0.0,24488
60.0,0.196545950528651,80.0,100.0,4.0,0.1965459505286501,8.0,160.0,2400.0,0.1965459505286507,400.0,0.0,1.0,1.0,0.0,24460
60.0,0.196545950528651,80.0,100.0,4.0,0.1965459505286501,8.0,160.0,2400.0,0.1965459505286507,320.0,1.0,0.0,0.0,1.0,25284
60.0,0.196545950528651,80.0,100.0,4.0,0.1965459505286501,8.0,160.0,2400.0,0.1965459505286507,360.0,0.0,0.0,0.0,0.0,24908
60.0,0.196545950528651,80.0,100.0,4.0,0.1965459505286501,8.0,160.0,2400.0,0.1965459505286507,400.0,0.0,0.0,1.0,0.0,25664
60.0,0.196545950528651,80.0,100.0,4.0,0.1965459505286501,8.0,160.0,2400.0,0.1965459505286507,320.0,1.0,0.0,0.0,1.0,24708
60.0,0.196545950528651,80.0,100.0,4.0,0.1965459505286501,8.0,160.0,2400.0,0.1965459505286507,360.0,1.0,0.0,0.0,0.0,24756
60.0,0.196545950528651,80.0,100.0,4.0,0.1965459505286501,8.0,160.0,2400.0,0.1965459505286507,320.0,0.0,0.0,0.0,1.0,24368
60.0,0.196545950528651,80.0,100.0,4.0,0.1965459505286501,8.0,160.0,2400.0,0.1965459505286507,400.0,1.0,0.0,1.0,0.0,25424
60.0,0.196545950528651,80.0,100.0,4.0,0.1965459505286501,8.0,160.0,2400.0,0.1965459505286507,400.0,0.0,0.0,1.0,0.0,24460
60.0,0.196545950528651,80.0,100.0,4.0,0.1965459505286501,8.0,160.0,2400.0,0.1965459505286507,400.0,1.0,0.0,1.0,0.0,24284
60.0,0.196545950528651,80.0,100.0,4.0,0.1965459505286501,8.0,160.0,2400.0,0.1965459505286507,400.0,1.0,0.0,1.0,0.0,24432
60.0,0.196545950528651,80.0,100.0,4.0,0.1965459505286501,8.0,160.0,2400.0,0.1965459505286507,360.0,0.0,1.0,0.0,0.0,25228
60.0,0.196545950528651,80.0,100.0,4.0,0.1965459505286501,8.0,160.0,2400.0,0.1965459505286507,400.0,1.0,1.0,1.0,0.0,24436
60.0,0.196545950528651,80.0,100.0,4.0,0.1965459505286501,8.0,160.0,2400.0,0.1965459505286507,400.0,0.0,1.0,1.0,0.0,25300
60.0,0.196545950528651,80.0,100.0,4.0,0.1965459505286501,8.0,160.0,2400.0,0.1965459505286507,400.0,1.0,1.0,1.0,0.0,25876
60.0,0.196545950528651,80.0,100.0,4.0,0.1965459505286501,8.0,160.0,2400.0,0.1965459505286507,320.0,0.0,1.0,0.0,1.0,25120
60.0,0.196545950528651,80.0,100.0,4.0,0.1965459505286501,8.0,160.0,2400.0,0.1965459505286507,320.0,0.0,1.0,0.0,1.0,24724
60.0,0.196545950528651,80.0,100.0,4.0,0.1965459505286501,8.0,160.0,2400.0,0.1965459505286507,320.0,1.0,1.0,0.0,1.0,25228
60.0,0.196545950528651,80.0,100.0,4.0,0.1965459505286501,8.0,160.0,2400.0,0.1965459505286507,400.0,0.0,1.0,1.0,0.0,25244
60.0,0.196545950528651,80.0,100.0,4.0,0.1965459505286501,8.0,160.0,2400.0,0.1965459505286507,320.0,1.0,1.0,0.0,1.0,24828
60.0,0.196545950528651,80.0,100.0,4.0,0.1965459505286501,8.0,160.0,2400.0,0.1965459505286507,360.0,0.0,1.0,0.0,0.0,25640
60.0,0.196545950528651,80.0,100.0,4.0,0.1965459505286501,8.0,160.0,2400.0,0.1965459505286507,320.0,1.0,1.0,0.0,1.0,24200
60.0,0.196545950528651,80.0,100.0,4.0,0.1965459505286501,8.0,160.0,2400.0,0.1965459505286507,320.0,0.0,1.0,0.0,1.0,24908
60.0,0.196545950528651,80.0,100.0,4.0,0.1965459505286501,8.0,160.0,2400.0,0.1965459505286507,360.0,1.0,1.0,0.0,0.0,25452
60.0,0.196545950528651,80.0,100.0,4.0,0.1965459505286501,8.0,160.0,2400.0,0.1965459505286507,400.0,1.0,1.0,1.0,0.0,24836
60.0,0.196545950528651,80.0,100.0,4.0,0.1965459505286501,8.0,160.0,2400.0,0.1965459505286507,320.0,1.0,1.0,0.0,1.0,25244
60.0,0.196545950528651,80.0,100.0,4.0,0.1965459505286501,8.0,160.0,2400.0,0.1965459505286507,360.0,1.0,1.0,0.0,0.0,24460
60.0,0.196545950528651,80.0,100.0,4.0,0.1965459505286501,8.0,160.0,2400.0,0.1965459505286507,400.0,0.0,1.0,1.0,0.0,24908
60.0,0.196545950528651,80.0,100.0,4.0,0.1965459505286501,8.0,160.0,2400.0,0.1965459505286507,320.0,1.0,1.0,0.0,1.0,25300
60.0,0.196545950528651,80.0,100.0,4.0,0.1965459505286501,8.0,160.0,2400.0,0.1965459505286507,360.0,1.0,1.0,0.0,0.0,25876
60.0,0.196545950528651,80.0,100.0,4.0,0.1965459505286501,8.0,160.0,2400.0,0.1965459505286507,320.0,0.0,1.0,0.0,1.0,25120
60.0,0.196545950528651,80.0,100.0,4.0,0.1965459505286501,8.0,160.0,2400.0,0.1965459505286507,400.0,1.0,1.0,1.0,0.0,24724
60.0,0.196545950528651,80.0,100.0,4.0,0.1965459505286501,8.0,160.0,2400.0,0.1965459505286507,360.0,1.0,1.0,0.0,0.0,25228
60.0,0.196545950528651,80.0,100.0,4.0,0.1965459505286501,8.0,160.0,2400.0,0.1965459505286507,400.0,0.0,1.0,1.0,0.0,25244
60.0,0.196545950528651,80.0,100.0,4.0,0.1965459505286501,8.0,160.0,2400.0,0.1965459505286507,320.0,1.0,1.0,0.0,1.0,24828
60.0,0.196545950528651,80.0,100.0,4.0,0.1965459505286501,8.0,160.0,2400.0,0.1965459505286507,360.0,1.0,1.0,0.0,0.0,25640
60.0,0.196545950528651,80.0,100.0,4.0,0.1965459505286501,8.0,160.0,2400.0,0.1965459505286507,400.0,1.0,1.0,1.0,0.0,24200
60.0,0.196545950528651,80.0,100.0,4.0,0.1965459505286501,8.0,160.0,2400.0,0.1965459505286507,320.0,0.0,1.0,0.0,1.0,24908
60.0,0.196545950528651,80.0,100.0,4.0,0.1965459505286501,8.0,160.0,2400.0,0.1965459505286507,360.0,1.0,1.0,0.0,0.0,25452
60.0,0.196545950528651,80.0,100.0,4.0,0.1965459505286501,8.0,160.0,2400.0,0.1965459505286507,320.0,1.0,1.0,0.0,1.0,24836
60.0,0.196545950528651,80.0,100.0,4.0,0.1965459505286501,8.0,160.0,2400.0,0.1965459505286507,400.0,0.0,1.0,1.0,0.0,25244
60.0,0.196545950528651,80.0,100.0,4.0,0.1965459505286501,8.0,160.0,2400.0,0.1965459505286507,360.0,0.0,1.0,0.0,0.0,24460
60.0,0.196545950528651,80.0,100.0,4.0,0.1965459505286501,8.0,160.0,2400.0,0.1965459505286507,400.0,0.0,1.0,1.0,0.0,24908
60.0,0.196545950528651,80.0,100.0,4.0,0.1965459505286501,8.0,160.0,2400.0,0.1965459505286507,320.0,0.0,1.0,0.0,1.0,25300
60.0,0.196545950528651,80.0,100.0,4.0,0.1965459505286501,8.0,160.0,2400.0,0.1965459505286507,360.0,0.0,1.0,0.0,0.0,25876
60.0,0.196545950528651,80.0,100.0,4.0,0.1965459505286501,8.0,160.0,2400.0,0.1965459505286507,400.0,0.0,1.0,1.0,0.0,25120
60.0,0.196545950528651,80.0,100.0,4.0,0.1965459505286501,8.0,160.0,2400.0,0.1965459505286507,320.0,0.0,1.0,0.0,1.0,24724
60.0,0.196545950528651,80.0,100.0,4.0,0.1965459505286501,8.0,160.0,2400.0,0.1965459505286507,360.0,1.0,0.0,0.0,0.0,25228
60.0,0.196545950528651,80.0,100.0,4.0,0.1965459505286501,8.0,160.0,2400.0,0.1965459505286507,320.0,1.0,0.0,0.0,1.0,25244
60.0,0.196545950528651,80.0,100.0,4.0,0.1965459505286501,8.0,160.0,2400.0,0.1965459505286507,400.0,1.0,0.0,1.0,0.0,24828
60.0,0.196545950528651,80.0,100.0,4.0,0.1965459505286501,8.0,160.0,2400.0,0.1965459505286507,400.0,1.0,0.0,1.0,0.0,25640
60.0,0.196545950528651,80.0,100.0,4.0,0.1965459505286501,8.0,160.0,2400.0,0.1965459505286507,400.0,1.0,0.0,1.0,0.0,24200
60.0,0.196545950528651,80.0,100.0,4.0,0.1965459505286501,8.0,160.0,2400.0,0.1965459505286507,400.0,1.0,0.0,1.0,0.0,24908
60.0,0.196545950528651,80.0,100.0,4.0,0.1965459505286501,8.0,160.0,2400.0,0.1965459505286507,360.0,1.0,0.0,0.0,0.0,25452
60.0,0.196545950528651,80.0,100.0,4.0,0.1965459505286501,8.0,160.0,2400.0,0.1965459505286507,400.0,1.0,0.0,1.0,0.0,24836
60.0,0.196545950528651,80.0,100.0,4.0,0.1965459505286501,8.0,160.0,2400.0,0.1965459505286507,400.0,0.0,0.0,1.0,0.0,25244
60.0,0.196545950528651,80.0,100.0,4.0,0.1965459505286501,8.0,160.0,2400.0,0.1965459505286507,400.0,0.0,0.0,1.0,0.0,24460
60.0,0.196545950528651,80.0,100.0,4.0,0.1965459505286501,8.0,160.0,2400.0,0.1965459505286507,320.0,0.0,0.0,0.0,1.0,24908
60.0,0.196545950528651,80.0,100.0,4.0,0.1965459505286501,8.0,160.0,2400.0,0.1965459505286507,320.0,0.0,1.0,0.0,1.0,25300
60.0,0.196545950528651,80.0,100.0,4.0,0.1965459505286501,8.0,160.0,2400.0,0.1965459505286507,320.0,0.0,1.0,0.0,1.0,25876
60.0,0.196545950528651,80.0,100.0,4.0,0.1965459505286501,8.0,160.0,2400.0,0.1965459505286507,400.0,0.0,1.0,1.0,0.0,25120
60.0,0.196545950528651,80.0,100.0,4.0,0.1965459505286501,8.0,160.0,2400.0,0.1965459505286507,320.0,0.0,1.0,0.0,1.0,24724
60.0,0.196545950528651,80.0,100.0,4.0,0.1965459505286501,8.0,160.0,2400.0,0.1965459505286507,360.0,0.0,1.0,0.0,0.0,25228
60.0,0.196545950528651,80.0,100.0,4.0,0.1965459505286501,8.0,160.0,2400.0,0.1965459505286507,320.0,1.0,1.0,0.0,1.0,25244
60.0,0.196545950528651,80.0,100.0,4.0,0.1965459505286501,8.0,160.0,2400.0,0.1965459505286507,320.0,1.0,1.0,0.0,1.0,24828
60.0,0.196545950528651,80.0,100.0,4.0,0.1965459505286501,8.0,160.0,2400.0,0.1965459505286507,360.0,1.0,1.0,0.0,0.0,25640
60.0,0.196545950528651,80.0,100.0,4.0,0.1965459505286501,8.0,160.0,2400.0,0.1965459505286507,400.0,1.0,1.0,1.0,0.0,24200
60.0,0.196545950528651,80.0,100.0,4.0,0.1965459505286501,8.0,160.0,2400.0,0.1965459505286507,320.0,1.0,1.0,0.0,1.0,24908
60.0,0.196545950528651,80.0,100.0,4.0,0.1965459505286501,8.0,160.0,2400.0,0.1965459505286507,360.0,1.0,1.0,0.0,0.0,25452
60.0,0.196545950528651,80.0,100.0,4.0,0.1965459505286501,8.0,160.0,2400.0,0.1965459505286507,400.0,1.0,1.0,1.0,0.0,24836
60.0,0.196545950528651,80.0,100.0,4.0,0.1965459505286501,8.0,160.0,2400.0,0.1965459505286507,320.0,0.0,1.0,0.0,1.0,25244
60.0,0.196545950528651,80.0,100.0,4.0,0.1965459505286501,8.0,160.0,2400.0,0.1965459505286507,360.0,1.0,1.0,0.0,0.0,24460
60.0,0.196545950528651,80.0,100.0,4.0,0.1965459505286501,8.0,160.0,2400.0,0.1965459505286507,320.0,0.0,1.0,0.0,1.0,24908
60.0,0.196545950528651,80.0,100.0,4.0,0.1965459505286501,8.0,160.0,2400.0,0.1965459505286507,400.0,1.0,1.0,1.0,0.0,25300
60.0,0.196545950528651,80.0,100.0,4.0,0.1965459505286501,8.0,160.0,2400.0,0.1965459505286507,360.0,0.0,1.0,0.0,0.0,25876
60.0,0.196545950528651,80.0,100.0,4.0,0.1965459505286501,8.0,160.0,2400.0,0.1965459505286507,400.0,0.0,1.0,1.0,0.0,25120
60.0,0.196545950528651,80.0,100.0,4.0,0.1965459505286501,8.0,160.0,2400.0,0.1965459505286507,320.0,1.0,1.0,0.0,1.0,24724
60.0,0.196545950528651,80.0,100.0,4.0,0.1965459505286501,8.0,160.0,2400.0,0.1965459505286507,360.0,0.0,1.0,0.0,0.0,25228
60.0,0.196545950528651,80.0,100.0,4.0,0.1965459505286501,8.0,160.0,2400.0,0.1965459505286507,400.0,1.0,1.0,1.0,0.0,25244
60.0,0.196545950528651,80.0,100.0,4.0,0.1965459505286501,8.0,160.0,2400.0,0.1965459505286507,320.0,0.0,1.0,0.0,1.0,24828
60.0,0.196545950528651,80.0,100.0,4.0,0.1965459505286501,8.0,160.0,2400.0,0.1965459505286507,360.0,1.0,1.0,0.0,0.0,25640
60.0,0.196545950528651,80.0,100.0,4.0,0.1965459505286501,8.0,160.0,2400.0,0.1965459505286507,320.0,0.0,1.0,0.0,1.0,24200
60.0,0.196545950528651,80.0,100.0,4.0,0.1965459505286501,8.0,160.0,2400.0,0.1965459505286507,400.0,1.0,1.0,1.0,0.0,24908
60.0,0.196545950528651,80.0,100.0,4.0,0.1965459505286501,8.0,160.0,2400.0,0.1965459505286507,360.0,1.0,1.0,0.0,0.0,25452
60.0,0.196545950528651,80.0,100.0,4.0,0.1965459505286501,8.0,160.0,2400.0,0.1965459505286507,400.0,0.0,1.0,1.0,0.0,24836
60.0,0.196545950528651,80.0,100.0,4.0,0.1965459505286501,8.0,160.0,2400.0,0.1965459505286507,320.0,1.0,1.0,0.0,1.0,25244
60.0,0.196545950528651,80.0,100.0,4.0,0.1965459505286501,8.0,160.0,2400.0,0.1965459505286507,360.0,1.0,1.0,0.0,0.0,24460
60.0,0.196545950528651,80.0,100.0,4.0,0.1965459505286501,8.0,160.0,2400.0,0.1965459505286507,400.0,0.0,1.0,1.0,0.0,24908
60.0,0.196545950528651,80.0,100.0,4.0,0.1965459505286501,8.0,160.0,2400.0,0.1965459505286507,320.0,1.0,1.0,0.0,1.0,24080
60.0,0.196545950528651,80.0,100.0,4.0,0.1965459505286501,8.0,160.0,2400.0,0.1965459505286507,360.0,1.0,0.0,0.0,0.0,25668
60.0,0.196545950528651,80.0,100.0,4.0,0.1965459505286501,8.0,160.0,2400.0,0.1965459505286507,320.0,1.0,0.0,0.0,1.0,25584
60.0,0.196545950528651,80.0,100.0,4.0,0.1965459505286501,8.0,160.0,2400.0,0.1965459505286507,400.0,1.0,0.0,1.0,0.0,25244
60.0,0.196545950528651,80.0,100.0,4.0,0.1965459505286501,8.0,160.0,2400.0,0.1965459505286507,400.0,0.0,0.0,1.0,0.0,24324
60.0,0.196545950528651,80.0,100.0,4.0,0.1965459505286501,8.0,160.0,2400.0,0.1965459505286507,400.0,1.0,0.0,1.0,0.0,25136
60.0,0.196545950528651,80.0,100.0,4.0,0.1965459505286501,8.0,160.0,2400.0,0.1965459505286507,400.0,0.0,0.0,1.0,0.0,24772
60.0,0.196545950528651,80.0,100.0,4.0,0.1965459505286501,8.0,160.0,2400.0,0.1965459505286507,360.0,1.0,0.0,0.0,0.0,24912
60.0,0.196545950528651,80.0,100.0,4.0,0.1965459505286501,8.0,160.0,2400.0,0.1965459505286507,400.0,1.0,0.0,1.0,0.0,23616
60.0,0.196545950528651,80.0,100.0,4.0,0.1965459505286501,8.0,160.0,2400.0,0.1965459505286507,400.0,0.0,0.0,1.0,0.0,23424
60.0,0.196545950528651,80.0,100.0,4.0,0.1965459505286501,8.0,160.0,2400.0,0.1965459505286507,400.0,1.0,0.0,1.0,0.0,22568
60.0,0.196545950528651,80.0,100.0,4.0,0.1965459505286501,8.0,160.0,2400.0,0.1965459505286507,320.0,0.0,0.0,0.0,1.0,24000
60.0,0.196545950528651,80.0,100.0,4.0,0.1965459505286501,8.0,160.0,2400.0,0.1965459505286507,320.0,0.0,0.0,0.0,1.0,23544
60.0,0.196545950528651,80.0,100.0,4.0,0.1965459505286501,8.0,160.0,2400.0,0.1965459505286507,320.0,1.0,0.0,0.0,1.0,23704
60.0,0.196545950528651,80.0,100.0,4.0,0.1965459505286501,8.0,160.0,2400.0,0.1965459505286507,400.0,0.0,0.0,1.0,0.0,22360
60.0,0.196545950528651,80.0,100.0,4.0,0.1965459505286501,8.0,160.0,2400.0,0.1965459505286507,320.0,0.0,0.0,0.0,1.0,21888
60.0,0.196545950528651,80.0,100.0,4.0,0.1965459505286501,8.0,160.0,2400.0,0.1965459505286507,360.0,0.0,0.0,0.0,0.0,23532
60.0,0.196545950528651,80.0,100.0,4.0,0.1965459505286501,8.0,160.0,2400.0,0.1965459505286507,320.0,0.0,1.0,0.0,1.0,22812
60.0,0.196545950528651,80.0,100.0,4.0,0.1965459505286501,8.0,160.0,2400.0,0.1965459505286507,320.0,1.0,1.0,0.0,1.0,23632
60.0,0.196545950528651,80.0,100.0,4.0,0.1965459505286501,8.0,160.0,2400.0,0.1965459505286507,360.0,0.0,1.0,0.0,0.0,23728
60.0,0.196545950528651,80.0,100.0,4.0,0.1965459505286501,8.0,160.0,2400.0,0.1965459505286507,400.0,1.0,1.0,1.0,0.0,22108
60.0,0.196545950528651,80.0,100.0,4.0,0.1965459505286501,8.0,160.0,2400.0,0.1965459505286507,320.0,1.0,1.0,0.0,1.0,21640
60.0,0.196545950528651,80.0,100.0,4.0,0.1965459505286501,8.0,160.0,2400.0,0.1965459505286507,360.0,0.0,1.0,0.0,0.0,22892
60.0,0.196545950528651,80.0,100.0,4.0,0.1965459505286501,8.0,160.0,2400.0,0.1965459505286507,400.0,1.0,1.0,1.0,0.0,21852
60.0,0.196545950528651,80.0,100.0,4.0,0.1965459505286501,8.0,160.0,2400.0,0.1965459505286507,320.0,1.0,1.0,0.0,1.0,22512
60.0,0.196545950528651,80.0,100.0,4.0,0.1965459505286501,8.0,160.0,2400.0,0.1965459505286507,360.0,1.0,0.0,0.0,0.0,23120
60.0,0.196545950528651,80.0,100.0,4.0,0.1965459505286501,8.0,160.0,2400.0,0.1965459505286507,320.0,0.0,0.0,0.0,1.0,22576
60.0,0.196545950528651,80.0,100.0,4.0,0.1965459505286501,8.0,160.0,2400.0,0.1965459505286507,400.0,0.0,0.0,1.0,0.0,23420
60.0,0.196545950528651,80.0,100.0,4.0,0.1965459505286501,8.0,160.0,2400.0,0.1965459505286507,360.0,0.0,0.0,0.0,0.0,23492
60.0,0.196545950528651,80.0,100.0,4.0,0.1965459505286501,8.0,160.0,2400.0,0.1965459505286507,400.0,1.0,0.0,1.0,0.0,23532
60.0,0.196545950528651,80.0,100.0,4.0,0.1965459505286501,8.0,160.0,2400.0,0.1965459505286507,320.0,0.0,0.0,0.0,1.0,23632
60.0,0.196545950528651,80.0,100.0,4.0,0.1965459505286501,8.0,160.0,2400.0,0.1965459505286507,360.0,1.0,0.0,0.0,0.0,23344
60.0,0.196545950528651,80.0,100.0,4.0,0.1965459505286501,8.0,160.0,2400.0,0.1965459505286507,400.0,0.0,0.0,1.0,0.0,23444
60.0,0.196545950528651,80.0,100.0,4.0,0.1965459505286501,8.0,160.0,2400.0,0.1965459505286507,320.0,0.0,0.0,0.0,1.0,21640
60.0,0.196545950528651,80.0,100.0,4.0,0.1965459505286501,8.0,160.0,2400.0,0.1965459505286507,360.0,1.0,1.0,0.0,0.0,22892
60.0,0.196545950528651,80.0,100.0,4.0,0.1965459505286501,8.0,160.0,2400.0,0.1965459505286507,320.0,1.0,1.0,0.0,1.0,23020
60.0,0.196545950528651,80.0,100.0,4.0,0.1965459505286501,8.0,160.0,2400.0,0.1965459505286507,400.0,0.0,1.0,1.0,0.0,22512
60.0,0.196545950528651,80.0,100.0,4.0,0.1965459505286501,8.0,160.0,2400.0,0.1965459505286507,360.0,1.0,1.0,0.0,0.0,21968
60.0,0.196545950528651,80.0,100.0,4.0,0.1965459505286501,8.0,160.0,2400.0,0.1965459505286507,400.0,0.0,1.0,1.0,0.0,23452
60.0,0.196545950528651,80.0,100.0,4.0,0.1965459505286501,8.0,160.0,2400.0,0.1965459505286507,320.0,1.0,1.0,0.0,1.0,23032
60.0,0.196545950528651,80.0,100.0,4.0,0.1965459505286501,8.0,160.0,2400.0,0.1965459505286507,360.0,1.0,1.0,0.0,0.0,23492
60.0,0.196545950528651,80.0,100.0,4.0,0.1965459505286501,8.0,160.0,2400.0,0.1965459505286507,400.0,0.0,1.0,1.0,0.0,23532
60.0,0.196545950528651,80.0,100.0,4.0,0.1965459505286501,8.0,160.0,2400.0,0.1965459505286507,320.0,1.0,1.0,0.0,1.0,23856
60.0,0.196545950528651,80.0,100.0,4.0,0.1965459505286501,8.0,160.0,2400.0,0.1965459505286507,360.0,0.0,1.0,0.0,0.0,22020
60.0,0.196545950528651,80.0,100.0,4.0,0.1965459505286501,8.0,160.0,2400.0,0.1965459505286507,320.0,1.0,1.0,0.0,1.0,22108
60.0,0.196545950528651,80.0,100.0,4.0,0.1965459505286501,8.0,160.0,2400.0,0.1965459505286507,400.0,0.0,1.0,1.0,0.0,21640
60.0,0.196545950528651,80.0,100.0,4.0,0.1965459505286501,8.0,160.0,2400.0,0.1965459505286507,400.0,0.0,1.0,1.0,0.0,23520
60.0,0.196545950528651,80.0,100.0,4.0,0.1965459505286501,8.0,160.0,2400.0,0.1965459505286507,400.0,1.0,1.0,1.0,0.0,21852
60.0,0.196545950528651,80.0,100.0,4.0,0.1965459505286501,8.0,160.0,2400.0,0.1965459505286507,400.0,0.0,1.0,1.0,0.0,23372
60.0,0.196545950528651,80.0,100.0,4.0,0.1965459505286501,8.0,160.0,2400.0,0.1965459505286507,360.0,1.0,1.0,0.0,0.0,23664
60.0,0.196545950528651,80.0,100.0,4.0,0.1965459505286501,8.0,160.0,2400.0,0.1965459505286507,400.0,0.0,1.0,1.0,0.0,21812
60.0,0.196545950528651,80.0,100.0,4.0,0.1965459505286501,8.0,160.0,2400.0,0.1965459505286507,400.0,1.0,1.0,1.0,0.0,23856
60.0,0.196545950528651,80.0,100.0,4.0,0.1965459505286501,8.0,160.0,2400.0,0.1965459505286507,400.0,0.0,0.0,1.0,0.0,23492
60.0,0.196545950528651,80.0,100.0,4.0,0.1965459505286501,8.0,160.0,2400.0,0.1965459505286507,320.0,1.0,0.0,0.0,1.0,23532
60.0,0.196545950528651,80.0,100.0,4.0,0.1965459505286501,8.0,160.0,2400.0,0.1965459505286507,320.0,1.0,0.0,0.0,1.0,23104
60.0,0.196545950528651,80.0,100.0,4.0,0.1965459505286501,8.0,160.0,2400.0,0.1965459505286507,320.0,1.0,0.0,0.0,1.0,23344
60.0,0.196545950528651,80.0,100.0,4.0,0.1965459505286501,8.0,160.0,2400.0,0.1965459505286507,400.0,1.0,0.0,1.0,0.0,22108
60.0,0.196545950528651,80.0,100.0,4.0,0.1965459505286501,8.0,160.0,2400.0,0.1965459505286507,320.0,0.0,0.0,0.0,1.0,22372
60.0,0.196545950528651,80.0,100.0,4.0,0.1965459505286501,8.0,160.0,2400.0,0.1965459505286507,360.0,1.0,0.0,0.0,0.0,22892
60.0,0.196545950528651,80.0,100.0,4.0,0.1965459505286501,8.0,160.0,2400.0,0.1965459505286507,320.0,1.0,0.0,0.0,1.0,21852
60.0,0.196545950528651,80.0,100.0,4.0,0.1965459505286501,8.0,160.0,2400.0,0.1965459505286507,320.0,0.0,0.0,0.0,1.0,21968
60.0,0.196545950528651,80.0,100.0,4.0,0.1965459505286501,8.0,160.0,2400.0,0.1965459505286507,360.0,1.0,0.0,0.0,0.0,22120
60.0,0.196545950528651,80.0,100.0,4.0,0.1965459505286501,8.0,160.0,2400.0,0.1965459505286507,400.0,1.0,1.0,1.0,0.0,21812
60.0,0.196545950528651,80.0,100.0,4.0,0.1965459505286501,8.0,160.0,2400.0,0.1965459505286507,320.0,0.0,1.0,0.0,1.0,22448
60.0,0.196545950528651,80.0,100.0,4.0,0.1965459505286501,8.0,160.0,2400.0,0.1965459505286507,360.0,1.0,1.0,0.0,0.0,23492
60.0,0.196545950528651,80.0,100.0,4.0,0.1965459505286501,8.0,160.0,2400.0,0.1965459505286507,400.0,1.0,1.0,1.0,0.0,22312
60.0,0.196545950528651,80.0,100.0,4.0,0.1965459505286501,8.0,160.0,2400.0,0.1965459505286507,320.0,1.0,1.0,0.0,1.0,23632
60.0,0.196545950528651,80.0,100.0,4.0,0.1965459505286501,8.0,160.0,2400.0,0.1965459505286507,360.0,0.0,1.0,0.0,0.0,23344
60.0,0.196545950528651,80.0,100.0,4.0,0.1965459505286501,8.0,160.0,2400.0,0.1965459505286507,320.0,1.0,1.0,0.0,1.0,22108
60.0,0.196545950528651,80.0,100.0,4.0,0.1965459505286501,8.0,160.0,2400.0,0.1965459505286507,400.0,1.0,1.0,1.0,0.0,23996
60.0,0.196545950528651,80.0,100.0,4.0,0.1965459505286501,8.0,160.0,2400.0,0.1965459505286507,360.0,0.0,1.0,0.0,0.0,22892
60.0,0.196545950528651,80.0,100.0,4.0,0.1965459505286501,8.0,160.0,2400.0,0.1965459505286507,400.0,0.0,1.0,1.0,0.0,22252
60.0,0.196545950528651,80.0,100.0,4.0,0.1965459505286501,8.0,160.0,2400.0,0.1965459505286507,320.0,0.0,1.0,0.0,1.0,23452
60.0,0.196545950528651,80.0,100.0,4.0,0.1965459505286501,8.0,160.0,2400.0,0.1965459505286507,360.0,0.0,0.0,0.0,0.0,23420
60.0,0.196545950528651,80.0,100.0,4.0,0.1965459505286501,8.0,160.0,2400.0,0.1965459505286507,400.0,0.0,0.0,1.0,0.0,23304
60.0,0.196545950528651,80.0,100.0,4.0,0.1965459505286501,8.0,160.0,2400.0,0.1965459505286507,320.0,0.0,0.0,0.0,1.0,22448
60.0,0.196545950528651,80.0,100.0,4.0,0.1965459505286501,8.0,160.0,2400.0,0.1965459505286507,360.0,0.0,0.0,0.0,0.0,23492
60.0,0.196545950528651,80.0,100.0,4.0,0.1965459505286501,8.0,160.0,2400.0,0.1965459505286507,320.0,1.0,0.0,0.0,1.0,23080
60.0,0.196545950528651,80.0,100.0,4.0,0.1965459505286501,8.0,160.0,2400.0,0.1965459505286507,400.0,1.0,0.0,1.0,0.0,23344
60.0,0.196545950528651,80.0,100.0,4.0,0.1965459505286501,8.0,160.0,2400.0,0.1965459505286507,360.0,1.0,0.0,0.0,0.0,22892
60.0,0.196545950528651,80.0,100.0,4.0,0.1965459505286501,8.0,160.0,2400.0,0.1965459505286507,400.0,1.0,0.0,1.0,0.0,22860
60.0,0.196545950528651,80.0,100.0,4.0,0.1965459505286501,8.0,160.0,2400.0,0.1965459505286507,320.0,1.0,0.0,0.0,1.0,23492
60.0,0.196545950528651,80.0,100.0,4.0,0.1965459505286501,8.0,160.0,2400.0,0.1965459505286507,360.0,1.0,0.0,0.0,0.0,22892
60.0,0.196545950528651,80.0,100.0,4.0,0.1965459505286501,8.0,160.0,2400.0,0.1965459505286507,400.0,1.0,1.0,1.0,0.0,23344
60.0,0.196545950528651,80.0,100.0,4.0,0.1965459505286501,8.0,160.0,2400.0,0.1965459505286507,320.0,1.0,1.0,0.0,1.0,22892
60.0,0.196545950528651,80.0,100.0,4.0,0.1965459505286501,8.0,160.0,2400.0,0.1965459505286507,360.0,0.0,1.0,0.0,0.0,23844
60.0,0.196545950528651,80.0,100.0,4.0,0.1965459505286501,8.0,160.0,2400.0,0.1965459505286507,320.0,0.0,1.0,0.0,1.0,23492
60.0,0.196545950528651,80.0,100.0,4.0,0.1965459505286501,8.0,160.0,2400.0,0.1965459505286507,400.0,0.0,1.0,1.0,0.0,23216
60.0,0.196545950528651,80.0,100.0,4.0,0.1965459505286501,8.0,160.0,2400.0,0.1965459505286507,400.0,0.0,1.0,1.0,0.0,22892
60.0,0.196545950528651,80.0,100.0,4.0,0.1965459505286501,8.0,160.0,2400.0,0.1965459505286507,400.0,0.0,1.0,1.0,0.0,23420
60.0,0.196545950528651,80.0,100.0,4.0,0.1965459505286501,8.0,160.0,2400.0,0.1965459505286507,400.0,0.0,1.0,1.0,0.0,23112
60.0,0.196545950528651,80.0,100.0,4.0,0.1965459505286501,8.0,160.0,2400.0,0.1965459505286507,360.0,0.0,1.0,0.0,0.0,23632
60.0,0.196545950528651,80.0,100.0,4.0,0.1965459505286501,8.0,160.0,2400.0,0.1965459505286507,400.0,0.0,1.0,1.0,0.0,23876
60.0,0.196545950528651,80.0,100.0,4.0,0.1965459505286501,8.0,160.0,2400.0,0.1965459505286507,400.0,1.0,1.0,1.0,0.0,21640
60.0,0.196545950528651,80.0,100.0,4.0,0.1965459505286501,8.0,160.0,2400.0,0.1965459505286507,400.0,1.0,1.0,1.0,0.0,22512
60.0,0.196545950528651,80.0,100.0,4.0,0.1965459505286501,8.0,160.0,2400.0,0.1965459505286507,320.0,1.0,1.0,0.0,1.0,23776
60.0,0.196545950528651,80.0,100.0,4.0,0.1965459505286501,8.0,160.0,2400.0,0.1965459505286507,320.0,1.0,0.0,0.0,1.0,23664
60.0,0.196545950528651,80.0,100.0,4.0,0.1965459505286501,8.0,160.0,2400.0,0.1965459505286507,320.0,1.0,0.0,0.0,1.0,23976
60.0,0.196545950528651,80.0,100.0,4.0,0.1965459505286501,8.0,160.0,2400.0,0.1965459505286507,400.0,1.0,0.0,1.0,0.0,23420
60.0,0.196545950528651,80.0,100.0,4.0,0.1965459505286501,8.0,160.0,2400.0,0.1965459505286507,320.0,1.0,0.0,0.0,1.0,23988
60.0,0.196545950528651,80.0,100.0,4.0,0.1965459505286501,8.0,160.0,2400.0,0.1965459505286507,360.0,0.0,0.0,0.0,0.0,22448
60.0,0.196545950528651,80.0,100.0,4.0,0.1965459505286501,8.0,160.0,2400.0,0.1965459505286507,320.0,1.0,0.0,0.0,1.0,22668
60.0,0.196545950528651,80.0,100.0,4.0,0.1965459505286501,8.0,160.0,2400.0,0.1965459505286507,320.0,0.0,0.0,0.0,1.0,23420
60.0,0.196545950528651,80.0,100.0,4.0,0.1965459505286501,8.0,160.0,2400.0,0.1965459505286507,360.0,1.0,0.0,0.0,0.0,23344
60.0,0.196545950528651,80.0,100.0,4.0,0.1965459505286501,8.0,160.0,2400.0,0.1965459505286507,400.0,0.0,0.0,1.0,0.0,22080
60.0,0.196545950528651,80.0,100.0,4.0,0.1965459505286501,8.0,160.0,2400.0,0.1965459505286507,320.0,0.0,0.0,0.0,1.0,22892
60.0,0.196545950528651,80.0,100.0,4.0,0.1965459505286501,8.0,160.0,2400.0,0.1965459505286507,360.0,1.0,0.0,0.0,0.0,22476
60.0,0.196545950528651,80.0,100.0,4.0,0.1965459505286501,8.0,160.0,2400.0,0.1965459505286507,400.0,0.0,1.0,1.0,0.0,23492
60.0,0.196545950528651,80.0,100.0,4.0,0.1965459505286501,8.0,160.0,2400.0,0.1965459505286507,320.0,1.0,1.0,0.0,1.0,23876
60.0,0.196545950528651,80.0,100.0,4.0,0.1965459505286501,8.0,160.0,2400.0,0.1965459505286507,360.0,0.0,1.0,0.0,0.0,22892
60.0,0.196545950528651,80.0,100.0,4.0,0.1965459505286501,8.0,160.0,2400.0,0.1965459505286507,320.0,1.0,1.0,0.0,1.0,23664
60.0,0.196545950528651,80.0,100.0,4.0,0.1965459505286501,8.0,160.0,2400.0,0.1965459505286507,400.0,0.0,1.0,1.0,0.0,23680
60.0,0.196545950528651,80.0,100.0,4.0,0.1965459505286501,8.0,160.0,2400.0,0.1965459505286507,360.0,1.0,1.0,0.0,0.0,22180
60.0,0.196545950528651,80.0,100.0,4.0,0.1965459505286501,8.0,160.0,2400.0,0.1965459505286507,400.0,1.0,1.0,1.0,0.0,22892
60.0,0.196545950528651,80.0,100.0,4.0,0.1965459505286501,8.0,160.0,2400.0,0.1965459505286507,320.0,0.0,1.0,0.0,1.0,23876
60.0,0.196545950528651,80.0,100.0,4.0,0.1965459505286501,8.0,160.0,2400.0,0.1965459505286507,360.0,1.0,1.0,0.0,0.0,22936
60.0,0.196545950528651,80.0,100.0,4.0,0.1965459505286501,8.0,160.0,2400.0,0.1965459505286507,400.0,1.0,1.0,1.0,0.0,22080
60.0,0.196545950528651,80.0,100.0,4.0,0.1965459505286501,8.0,160.0,2400.0,0.1965459505286507,320.0,0.0,1.0,0.0,1.0,23708
60.0,0.196545950528651,80.0,100.0,4.0,0.1965459505286501,8.0,160.0,2400.0,0.1965459505286507,360.0,1.0,1.0,0.0,0.0,22076
60.0,0.196545950528651,80.0,100.0,4.0,0.1965459505286501,8.0,160.0,2400.0,0.1965459505286507,320.0,1.0,1.0,0.0,1.0,23076
60.0,0.196545950528651,80.0,100.0,4.0,0.1965459505286501,8.0,160.0,2400.0,0.1965459505286507,400.0,1.0,1.0,1.0,0.0,22380
60.0,0.196545950528651,80.0,100.0,4.0,0.1965459505286501,8.0,160.0,2400.0,0.1965459505286507,360.0,1.0,0.0,0.0,0.0,22320
60.0,0.196545950528651,80.0,100.0,4.0,0.1965459505286501,8.0,160.0,2400.0,0.1965459505286507,400.0,0.0,0.0,1.0,0.0,22696
60.0,0.196545950528651,80.0,100.0,4.0,0.1965459505286501,8.0,160.0,2400.0,0.1965459505286507,320.0,1.0,0.0,0.0,1.0,23596
60.0,0.196545950528651,80.0,100.0,4.0,0.1965459505286501,8.0,160.0,2400.0,0.1965459505286507,360.0,0.0,0.0,0.0,0.0,22492
60.0,0.196545950528651,80.0,100.0,4.0,0.1965459505286501,8.0,160.0,2400.0,0.1965459505286507,400.0,1.0,0.0,1.0,0.0,23016
60.0,0.196545950528651,80.0,100.0,4.0,0.1965459505286501,8.0,160.0,2400.0,0.1965459505286507,320.0,1.0,0.0,0.0,1.0,22080
60.0,0.196545950528651,80.0,100.0,4.0,0.1965459505286501,8.0,160.0,2400.0,0.1965459505286507,360.0,0.0,0.0,0.0,0.0,22892
60.0,0.196545950528651,80.0,100.0,4.0,0.1965459505286501,8.0,160.0,2400.0,0.1965459505286507,320.0,1.0,0.0,0.0,1.0,22080
60.0,0.196545950528651,80.0,100.0,4.0,0.1965459505286501,8.0,160.0,2400.0,0.1965459505286507,400.0,0.0,0.0,1.0,0.0,23076
60.0,0.196545950528651,80.0,100.0,4.0,0.1965459505286501,8.0,160.0,2400.0,0.1965459505286507,400.0,0.0,0.0,1.0,0.0,22696
60.0,0.196545950528651,80.0,100.0,4.0,0.1965459505286501,8.0,160.0,2400.0,0.1965459505286507,400.0,1.0,0.0,1.0,0.0,23016
60.0,0.196545950528651,80.0,100.0,4.0,0.1965459505286501,8.0,160.0,2400.0,0.1965459505286507,400.0,0.0,0.0,1.0,0.0,23492
60.0,0.196545950528651,80.0,100.0,4.0,0.1965459505286501,8.0,160.0,2400.0,0.1965459505286507,360.0,0.0,0.0,0.0,0.0,23344
60.0,0.196545950528651,80.0,100.0,4.0,0.1965459505286501,8.0,160.0,2400.0,0.1965459505286507,400.0,0.0,0.0,1.0,0.0,22892
60.0,0.196545950528651,80.0,100.0,4.0,0.1965459505286501,8.0,160.0,2400.0,0.1965459505286507,400.0,0.0,0.0,1.0,0.0,23664
60.0,0.196545950528651,80.0,100.0,4.0,0.1965459505286501,8.0,160.0,2400.0,0.1965459505286507,400.0,1.0,0.0,1.0,0.0,23492
60.0,0.196545950528651,80.0,100.0,4.0,0.1965459505286501,8.0,160.0,2400.0,0.1965459505286507,320.0,0.0,0.0,0.0,1.0,22892
60.0,0.196545950528651,80.0,100.0,4.0,0.1965459505286501,8.0,160.0,2400.0,0.1965459505286507,320.0,1.0,0.0,0.0,1.0,23632
60.0,0.196545950528651,80.0,100.0,4.0,0.1965459505286501,8.0,160.0,2400.0,0.1965459505286507,320.0,1.0,0.0,0.0,1.0,23344
60.0,0.196545950528651,80.0,100.0,4.0,0.1965459505286501,8.0,160.0,2400.0,0.1965459505286507,400.0,0.0,0.0,1.0,0.0,22108
60.0,0.196545950528651,80.0,100.0,4.0,0.1965459505286501,8.0,160.0,2400.0,0.1965459505286507,320.0,1.0,0.0,0.0,1.0,21640
60.0,0.196545950528651,80.0,100.0,4.0,0.1965459505286501,8.0,160.0,2400.0,0.1965459505286507,360.0,1.0,0.0,0.0,0.0,22892
60.0,0.196545950528651,80.0,100.0,4.0,0.1965459505286501,8.0,160.0,2400.0,0.1965459505286507,320.0,1.0,0.0,0.0,1.0,21852
60.0,0.196545950528651,80.0,100.0,4.0,0.1965459505286501,8.0,160.0,2400.0,0.1965459505286507,320.0,0.0,0.0,0.0,1.0,22512
60.0,0.196545950528651,80.0,100.0,4.0,0.1965459505286501,8.0,160.0,2400.0,0.1965459505286507,360.0,0.0,0.0,0.0,0.0,21968
60.0,0.196545950528651,80.0,100.0,4.0,0.1965459505286501,8.0,160.0,2400.0,0.1965459505286507,400.0,0.0,0.0,1.0,0.0,23664
60.0,0.196545950528651,80.0,100.0,4.0,0.1965459505286501,8.0,160.0,2400.0,0.1965459505286507,320.0,1.0,0.0,0.0,1.0,23452
60.0,0.196545950528651,80.0,100.0,4.0,0.1965459505286501,8.0,160.0,2400.0,0.1965459505286507,360.0,0.0,0.0,0.0,0.0,21812
60.0,0.196545950528651,80.0,100.0,4.0,0.1965459505286501,8.0,160.0,2400.0,0.1965459505286507,400.0,1.0,0.0,1.0,0.0,23532
60.0,0.196545950528651,80.0,100.0,4.0,0.1965459505286501,8.0,160.0,2400.0,0.1965459505286507,320.0,0.0,0.0,0.0,1.0,23344
60.0,0.196545950528651,80.0,100.0,4.0,0.1965459505286501,8.0,160.0,2400.0,0.1965459505286507,360.0,0.0,0.0,0.0,0.0,22892
60.0,0.196545950528651,80.0,100.0,4.0,0.1965459505286501,8.0,160.0,2400.0,0.1965459505286507,320.0,1.0,0.0,0.0,1.0,23568
60.0,0.196545950528651,80.0,100.0,4.0,0.1965459505286501,8.0,160.0,2400.0,0.1965459505286507,400.0,1.0,0.0,1.0,0.0,22564
60.0,0.196545950528651,80.0,100.0,4.0,0.1965459505286501,8.0,160.0,2400.0,0.1965459505286507,360.0,0.0,0.0,0.0,0.0,23024
60.0,0.196545950528651,80.0,100.0,4.0,0.1965459505286501,8.0,160.0,2400.0,0.1965459505286507,400.0,1.0,0.0,1.0,0.0,22320
60.0,0.196545950528651,80.0,100.0,4.0,0.1965459505286501,8.0,160.0,2400.0,0.1965459505286507,320.0,0.0,0.0,0.0,1.0,22100
45.0,-0.4990970139693267,60.0,75.0,3.0,-0.4990970139693271,6.0,120.0,1800.0,-0.4990970139693269,270.0,1.0,0.0,0.0,0.0,16827
45.0,-0.4990970139693267,60.0,75.0,3.0,-0.4990970139693271,6.0,120.0,1800.0,-0.4990970139693269,300.0,1.0,0.0,1.0,0.0,17571
45.0,-0.4990970139693267,60.0,75.0,3.0,-0.4990970139693271,6.0,120.0,1800.0,-0.4990970139693269,240.0,0.0,0.0,0.0,1.0,17208
45.0,-0.4990970139693267,60.0,75.0,3.0,-0.4990970139693271,6.0,120.0,1800.0,-0.4990970139693269,270.0,1.0,0.0,0.0,0.0,16935
45.0,-0.4990970139693267,60.0,75.0,3.0,-0.4990970139693271,6.0,120.0,1800.0,-0.4990970139693269,240.0,0.0,0.0,0.0,1.0,17751
45.0,-0.4990970139693267,60.0,75.0,3.0,-0.4990970139693271,6.0,120.0,1800.0,-0.4990970139693269,300.0,1.0,0.0,1.0,0.0,17001
45.0,-0.4990970139693267,60.0,75.0,3.0,-0.4990970139693271,6.0,120.0,1800.0,-0.4990970139693269,270.0,0.0,0.0,0.0,0.0,16611
45.0,-0.4990970139693267,60.0,75.0,3.0,-0.4990970139693271,6.0,120.0,1800.0,-0.4990970139693269,300.0,0.0,0.0,1.0,0.0,17949
45.0,-0.4990970139693267,60.0,75.0,3.0,-0.4990970139693271,6.0,120.0,1800.0,-0.4990970139693269,240.0,1.0,0.0,0.0,1.0,16581
45.0,-0.4990970139693267,60.0,75.0,3.0,-0.4990970139693271,6.0,120.0,1800.0,-0.4990970139693269,270.0,0.0,0.0,0.0,0.0,16230
45.0,-0.4990970139693267,60.0,75.0,3.0,-0.4990970139693271,6.0,120.0,1800.0,-0.4990970139693269,300.0,1.0,1.0,1.0,0.0,17169
45.0,-0.4990970139693267,60.0,75.0,3.0,-0.4990970139693271,6.0,120.0,1800.0,-0.4990970139693269,240.0,0.0,1.0,0.0,1.0,16389
45.0,-0.4990970139693267,60.0,75.0,3.0,-0.4990970139693271,6.0,120.0,1800.0,-0.4990970139693269,270.0,1.0,1.0,0.0,0.0,16884
45.0,-0.4990970139693267,60.0,75.0,3.0,-0.4990970139693271,6.0,120.0,1800.0,-0.4990970139693269,240.0,0.0,1.0,0.0,1.0,17748
45.0,-0.4990970139693267,60.0,75.0,3.0,-0.4990970139693271,6.0,120.0,1800.0,-0.4990970139693269,300.0,1.0,1.0,1.0,0.0,16359
45.0,-0.4990970139693267,60.0,75.0,3.0,-0.4990970139693271,6.0,120.0,1800.0,-0.4990970139693269,300.0,1.0,1.0,1.0,0.0,16836
45.0,-0.4990970139693267,60.0,75.0,3.0,-0.4990970139693271,6.0,120.0,1800.0,-0.4990970139693269,300.0,1.0,1.0,1.0,0.0,17619
45.0,-0.4990970139693267,60.0,75.0,3.0,-0.4990970139693271,6.0,120.0,1800.0,-0.4990970139693269,300.0,1.0,1.0,1.0,0.0,17649
45.0,-0.4990970139693267,60.0,75.0,3.0,-0.4990970139693271,6.0,120.0,1800.0,-0.4990970139693269,270.0,0.0,1.0,0.0,0.0,17508
45.0,-0.4990970139693267,60.0,75.0,3.0,-0.4990970139693271,6.0,120.0,1800.0,-0.4990970139693269,300.0,1.0,1.0,1.0,0.0,16923
45.0,-0.4990970139693267,60.0,75.0,3.0,-0.4990970139693271,6.0,120.0,1800.0,-0.4990970139693269,300.0,1.0,1.0,1.0,0.0,16575
45.0,-0.4990970139693267,60.0,75.0,3.0,-0.4990970139693271,6.0,120.0,1800.0,-0.4990970139693269,300.0,0.0,1.0,1.0,0.0,17208
45.0,-0.4990970139693267,60.0,75.0,3.0,-0.4990970139693271,6.0,120.0,1800.0,-0.4990970139693269,240.0,1.0,0.0,0.0,1.0,17001
45.0,-0.4990970139693267,60.0,75.0,3.0,-0.4990970139693271,6.0,120.0,1800.0,-0.4990970139693269,240.0,1.0,0.0,0.0,1.0,17169
45.0,-0.4990970139693267,60.0,75.0,3.0,-0.4990970139693271,6.0,120.0,1800.0,-0.4990970139693269,240.0,0.0,0.0,0.0,1.0,17619
45.0,-0.4990970139693267,60.0,75.0,3.0,-0.4990970139693271,6.0,120.0,1800.0,-0.4990970139693269,300.0,1.0,0.0,1.0,0.0,17748
45.0,-0.4990970139693267,60.0,75.0,3.0,-0.4990970139693271,6.0,120.0,1800.0,-0.4990970139693269,240.0,1.0,0.0,0.0,1.0,17619
45.0,-0.4990970139693267,60.0,75.0,3.0,-0.4990970139693271,6.0,120.0,1800.0,-0.4990970139693269,270.0,1.0,0.0,0.0,0.0,17508
45.0,-0.4990970139693267,60.0,75.0,3.0,-0.4990970139693271,6.0,120.0,1800.0,-0.4990970139693269,240.0,0.0,0.0,0.0,1.0,17169
45.0,-0.4990970139693267,60.0,75.0,3.0,-0.4990970139693271,6.0,120.0,1800.0,-0.4990970139693269,240.0,1.0,0.0,0.0,1.0,17565
45.0,-0.4990970139693267,60.0,75.0,3.0,-0.4990970139693271,6.0,120.0,1800.0,-0.4990970139693269,270.0,1.0,0.0,0.0,0.0,17619
45.0,-0.4990970139693267,60.0,75.0,3.0,-0.4990970139693271,6.0,120.0,1800.0,-0.4990970139693269,300.0,0.0,0.0,1.0,0.0,17724
45.0,-0.4990970139693267,60.0,75.0,3.0,-0.4990970139693271,6.0,120.0,1800.0,-0.4990970139693269,240.0,0.0,0.0,0.0,1.0,17508
45.0,-0.4990970139693267,60.0,75.0,3.0,-0.4990970139693271,6.0,120.0,1800.0,-0.4990970139693269,270.0,0.0,1.0,0.0,0.0,16581
45.0,-0.4990970139693267,60.0,75.0,3.0,-0.4990970139693271,6.0,120.0,1800.0,-0.4990970139693269,300.0,0.0,1.0,1.0,0.0,16230
45.0,-0.4990970139693267,60.0,75.0,3.0,-0.4990970139693271,6.0,120.0,1800.0,-0.4990970139693269,240.0,0.0,1.0,0.0,1.0,16965
45.0,-0.4990970139693267,60.0,75.0,3.0,-0.4990970139693271,6.0,120.0,1800.0,-0.4990970139693269,270.0,0.0,1.0,0.0,0.0,17316
45.0,-0.4990970139693267,60.0,75.0,3.0,-0.4990970139693271,6.0,120.0,1800.0,-0.4990970139693269,240.0,0.0,1.0,0.0,1.0,16902
45.0,-0.4990970139693267,60.0,75.0,3.0,-0.4990970139693271,6.0,120.0,1800.0,-0.4990970139693269,300.0,1.0,1.0,1.0,0.0,17136
45.0,-0.4990970139693267,60.0,75.0,3.0,-0.4990970139693271,6.0,120.0,1800.0,-0.4990970139693269,270.0,1.0,1.0,0.0,0.0,17280
45.0,-0.4990970139693267,60.0,75.0,3.0,-0.4990970139693271,6.0,120.0,1800.0,-0.4990970139693269,300.0,1.0,1.0,1.0,0.0,17553
45.0,-0.4990970139693267,60.0,75.0,3.0,-0.4990970139693271,6.0,120.0,1800.0,-0.4990970139693269,240.0,1.0,1.0,0.0,1.0,17793
45.0,-0.4990970139693267,60.0,75.0,3.0,-0.4990970139693271,6.0,120.0,1800.0,-0.4990970139693269,270.0,1.0,1.0,0.0,0.0,17898
45.0,-0.4990970139693267,60.0,75.0,3.0,-0.4990970139693271,6.0,120.0,1800.0,-0.4990970139693269,300.0,1.0,1.0,1.0,0.0,17178
45.0,-0.4990970139693267,60.0,75.0,3.0,-0.4990970139693271,6.0,120.0,1800.0,-0.4990970139693269,240.0,1.0,1.0,0.0,1.0,16920
45.0,-0.4990970139693267,60.0,75.0,3.0,-0.4990970139693271,6.0,120.0,1800.0,-0.4990970139693269,270.0,1.0,0.0,0.0,0.0,17418
45.0,-0.4990970139693267,60.0,75.0,3.0,-0.4990970139693271,6.0,120.0,1800.0,-0.4990970139693269,240.0,0.0,0.0,0.0,1.0,17301
45.0,-0.4990970139693267,60.0,75.0,3.0,-0.4990970139693271,6.0,120.0,1800.0,-0.4990970139693269,300.0,0.0,0.0,1.0,0.0,17046
45.0,-0.4990970139693267,60.0,75.0,3.0,-0.4990970139693271,6.0,120.0,1800.0,-0.4990970139693269,270.0,0.0,0.0,0.0,0.0,17403
45.0,-0.4990970139693267,60.0,75.0,3.0,-0.4990970139693271,6.0,120.0,1800.0,-0.4990970139693269,300.0,0.0,0.0,1.0,0.0,17019
45.0,-0.4990970139693267,60.0,75.0,3.0,-0.4990970139693271,6.0,120.0,1800.0,-0.4990970139693269,240.0,1.0,0.0,0.0,1.0,17181
45.0,-0.4990970139693267,60.0,75.0,3.0,-0.4990970139693271,6.0,120.0,1800.0,-0.4990970139693269,270.0,0.0,0.0,0.0,0.0,17469
45.0,-0.4990970139693267,60.0,75.0,3.0,-0.4990970139693271,6.0,120.0,1800.0,-0.4990970139693269,300.0,0.0,0.0,1.0,0.0,17826
45.0,-0.4990970139693267,60.0,75.0,3.0,-0.4990970139693271,6.0,120.0,1800.0,-0.4990970139693269,240.0,0.0,0.0,0.0,1.0,17361
45.0,-0.4990970139693267,60.0,75.0,3.0,-0.4990970139693271,6.0,120.0,1800.0,-0.4990970139693269,270.0,1.0,0.0,0.0,0.0,17721
45.0,-0.4990970139693267,60.0,75.0,3.0,-0.4990970139693271,6.0,120.0,1800.0,-0.4990970139693269,240.0,1.0,0.0,0.0,1.0,17271
45.0,-0.4990970139693267,60.0,75.0,3.0,-0.4990970139693271,6.0,120.0,1800.0,-0.4990970139693269,300.0,1.0,0.0,1.0,0.0,17601
45.0,-0.4990970139693267,60.0,75.0,3.0,-0.4990970139693271,6.0,120.0,1800.0,-0.4990970139693269,300.0,1.0,0.0,1.0,0.0,17910
45.0,-0.4990970139693267,60.0,75.0,3.0,-0.4990970139693271,6.0,120.0,1800.0,-0.4990970139693269,300.0,1.0,0.0,1.0,0.0,17991
45.0,-0.4990970139693267,60.0,75.0,3.0,-0.4990970139693271,6.0,120.0,1800.0,-0.4990970139693269,300.0,1.0,0.0,1.0,0.0,17166
45.0,-0.4990970139693267,60.0,75.0,3.0,-0.4990970139693271,6.0,120.0,1800.0,-0.4990970139693269,270.0,1.0,0.0,0.0,0.0,16476
45.0,-0.4990970139693267,60.0,75.0,3.0,-0.4990970139693271,6.0,120.0,1800.0,-0.4990970139693269,300.0,0.0,0.0,1.0,0.0,17748
45.0,-0.4990970139693267,60.0,75.0,3.0,-0.4990970139693271,6.0,120.0,1800.0,-0.4990970139693269,300.0,1.0,0.0,1.0,0.0,17589
45.0,-0.4990970139693267,60.0,75.0,3.0,-0.4990970139693271,6.0,120.0,1800.0,-0.4990970139693269,300.0,0.0,0.0,1.0,0.0,17565
45.0,-0.4990970139693267,60.0,75.0,3.0,-0.4990970139693271,6.0,120.0,1800.0,-0.4990970139693269,240.0,1.0,0.0,0.0,1.0,16359
45.0,-0.4990970139693267,60.0,75.0,3.0,-0.4990970139693271,6.0,120.0,1800.0,-0.4990970139693269,240.0,0.0,0.0,0.0,1.0,16836
45.0,-0.4990970139693267,60.0,75.0,3.0,-0.4990970139693271,6.0,120.0,1800.0,-0.4990970139693269,240.0,0.0,0.0,0.0,1.0,17619
45.0,-0.4990970139693267,60.0,75.0,3.0,-0.4990970139693271,6.0,120.0,1800.0,-0.4990970139693269,300.0,1.0,0.0,1.0,0.0,17649
45.0,-0.4990970139693267,60.0,75.0,3.0,-0.4990970139693271,6.0,120.0,1800.0,-0.4990970139693269,240.0,0.0,0.0,0.0,1.0,17169
45.0,-0.4990970139693267,60.0,75.0,3.0,-0.4990970139693271,6.0,120.0,1800.0,-0.4990970139693269,270.0,1.0,0.0,0.0,0.0,17508
45.0,-0.4990970139693267,60.0,75.0,3.0,-0.4990970139693271,6.0,120.0,1800.0,-0.4990970139693269,240.0,0.0,0.0,0.0,1.0,17169
45.0,-0.4990970139693267,60.0,75.0,3.0,-0.4990970139693271,6.0,120.0,1800.0,-0.4990970139693269,240.0,1.0,0.0,0.0,1.0,16476
45.0,-0.4990970139693267,60.0,75.0,3.0,-0.4990970139693271,6.0,120.0,1800.0,-0.4990970139693269,270.0,0.0,0.0,0.0,0.0,17619
45.0,-0.4990970139693267,60.0,75.0,3.0,-0.4990970139693271,6.0,120.0,1800.0,-0.4990970139693269,300.0,1.0,0.0,1.0,0.0,17508
45.0,-0.4990970139693267,60.0,75.0,3.0,-0.4990970139693271,6.0,120.0,1800.0,-0.4990970139693269,240.0,1.0,1.0,0.0,1.0,17169
45.0,-0.4990970139693267,60.0,75.0,3.0,-0.4990970139693271,6.0,120.0,1800.0,-0.4990970139693269,270.0,0.0,1.0,0.0,0.0,17748
45.0,-0.4990970139693267,60.0,75.0,3.0,-0.4990970139693271,6.0,120.0,1800.0,-0.4990970139693269,300.0,1.0,1.0,1.0,0.0,17619
45.0,-0.4990970139693267,60.0,75.0,3.0,-0.4990970139693271,6.0,120.0,1800.0,-0.4990970139693269,240.0,1.0,1.0,0.0,1.0,17508
45.0,-0.4990970139693267,60.0,75.0,3.0,-0.4990970139693271,6.0,120.0,1800.0,-0.4990970139693269,270.0,0.0,1.0,0.0,0.0,17169
45.0,-0.4990970139693267,60.0,75.0,3.0,-0.4990970139693271,6.0,120.0,1800.0,-0.4990970139693269,240.0,1.0,1.0,0.0,1.0,17619
45.0,-0.4990970139693267,60.0,75.0,3.0,-0.4990970139693271,6.0,120.0,1800.0,-0.4990970139693269,300.0,1.0,1.0,1.0,0.0,17724
45.0,-0.4990970139693267,60.0,75.0,3.0,-0.4990970139693271,6.0,120.0,1800.0,-0.4990970139693269,270.0,1.0,1.0,0.0,0.0,17508
45.0,-0.4990970139693267,60.0,75.0,3.0,-0.4990970139693271,6.0,120.0,1800.0,-0.4990970139693269,300.0,1.0,1.0,1.0,0.0,16581
45.0,-0.4990970139693267,60.0,75.0,3.0,-0.4990970139693271,6.0,120.0,1800.0,-0.4990970139693269,240.0,0.0,1.0,0.0,1.0,16230
45.0,-0.4990970139693267,60.0,75.0,3.0,-0.4990970139693271,6.0,120.0,1800.0,-0.4990970139693269,270.0,1.0,1.0,0.0,0.0,17169
45.0,-0.4990970139693267,60.0,75.0,3.0,-0.4990970139693271,6.0,120.0,1800.0,-0.4990970139693269,300.0,0.0,1.0,1.0,0.0,16389
45.0,-0.4990970139693267,60.0,75.0,3.0,-0.4990970139693271,6.0,120.0,1800.0,-0.4990970139693269,240.0,1.0,1.0,0.0,1.0,16884
45.0,-0.4990970139693267,60.0,75.0,3.0,-0.4990970139693271,6.0,120.0,1800.0,-0.4990970139693269,270.0,1.0,0.0,0.0,0.0,16476
45.0,-0.4990970139693267,60.0,75.0,3.0,-0.4990970139693271,6.0,120.0,1800.0,-0.4990970139693269,240.0,0.0,0.0,0.0,1.0,17748
45.0,-0.4990970139693267,60.0,75.0,3.0,-0.4990970139693271,6.0,120.0,1800.0,-0.4990970139693269,300.0,1.0,0.0,1.0,0.0,17589
45.0,-0.4990970139693267,60.0,75.0,3.0,-0.4990970139693271,6.0,120.0,1800.0,-0.4990970139693269,270.0,0.0,0.0,0.0,0.0,16359
45.0,-0.4990970139693267,60.0,75.0,3.0,-0.4990970139693271,6.0,120.0,1800.0,-0.4990970139693269,300.0,0.0,0.0,1.0,0.0,17649
45.0,-0.4990970139693267,60.0,75.0,3.0,-0.4990970139693271,6.0,120.0,1800.0,-0.4990970139693269,240.0,1.0,0.0,0.0,1.0,17508
45.0,-0.4990970139693267,60.0,75.0,3.0,-0.4990970139693271,6.0,120.0,1800.0,-0.4990970139693269,270.0,0.0,0.0,0.0,0.0,17169
45.0,-0.4990970139693267,60.0,75.0,3.0,-0.4990970139693271,6.0,120.0,1800.0,-0.4990970139693269,300.0,0.0,0.0,1.0,0.0,16476
45.0,-0.4990970139693267,60.0,75.0,3.0,-0.4990970139693271,6.0,120.0,1800.0,-0.4990970139693269,240.0,0.0,0.0,0.0,1.0,17619
45.0,-0.4990970139693267,60.0,75.0,3.0,-0.4990970139693271,6.0,120.0,1800.0,-0.4990970139693269,270.0,0.0,0.0,0.0,0.0,17508
45.0,-0.4990970139693267,60.0,75.0,3.0,-0.4990970139693271,6.0,120.0,1800.0,-0.4990970139693269,240.0,1.0,0.0,0.0,1.0,17169
45.0,-0.4990970139693267,60.0,75.0,3.0,-0.4990970139693271,6.0,120.0,1800.0,-0.4990970139693269,300.0,0.0,0.0,1.0,0.0,16476
45.0,-0.4990970139693267,60.0,75.0,3.0,-0.4990970139693271,6.0,120.0,1800.0,-0.4990970139693269,300.0,1.0,0.0,1.0,0.0,17619
45.0,-0.4990970139693267,60.0,75.0,3.0,-0.4990970139693271,6.0,120.0,1800.0,-0.4990970139693269,300.0,1.0,0.0,1.0,0.0,17508
45.0,-0.4990970139693267,60.0,75.0,3.0,-0.4990970139693271,6.0,120.0,1800.0,-0.4990970139693269,300.0,0.0,0.0,1.0,0.0,17748
45.0,-0.4990970139693267,60.0,75.0,3.0,-0.4990970139693271,6.0,120.0,1800.0,-0.4990970139693269,270.0,1.0,0.0,0.0,0.0,17169
45.0,-0.4990970139693267,60.0,75.0,3.0,-0.4990970139693271,6.0,120.0,1800.0,-0.4990970139693269,300.0,1.0,0.0,1.0,0.0,17565
45.0,-0.4990970139693267,60.0,75.0,3.0,-0.4990970139693271,6.0,120.0,1800.0,-0.4990970139693269,300.0,1.0,0.0,1.0,0.0,17619
45.0,-0.4990970139693267,60.0,75.0,3.0,-0.4990970139693271,6.0,120.0,1800.0,-0.4990970139693269,300.0,0.0,0.0,1.0,0.0,17724
45.0,-0.4990970139693267,60.0,75.0,3.0,-0.4990970139693271,6.0,120.0,1800.0,-0.4990970139693269,240.0,0.0,0.0,0.0,1.0,17508
45.0,-0.4990970139693267,60.0,75.0,3.0,-0.4990970139693271,6.0,120.0,1800.0,-0.4990970139693269,240.0,0.0,0.0,0.0,1.0,16581
45.0,-0.4990970139693267,60.0,75.0,3.0,-0.4990970139693271,6.0,120.0,1800.0,-0.4990970139693269,240.0,1.0,0.0,0.0,1.0,16230
45.0,-0.4990970139693267,60.0,75.0,3.0,-0.4990970139693271,6.0,120.0,1800.0,-0.4990970139693269,300.0,0.0,0.0,1.0,0.0,17169
45.0,-0.4990970139693267,60.0,75.0,3.0,-0.4990970139693271,6.0,120.0,1800.0,-0.4990970139693269,240.0,1.0,0.0,0.0,1.0,16389
45.0,-0.4990970139693267,60.0,75.0,3.0,-0.4990970139693271,6.0,120.0,1800.0,-0.4990970139693269,270.0,0.0,1.0,0.0,0.0,16884
45.0,-0.4990970139693267,60.0,75.0,3.0,-0.4990970139693271,6.0,120.0,1800.0,-0.4990970139693269,240.0,0.0,0.0,0.0,1.0,17748
45.0,-0.4990970139693267,60.0,75.0,3.0,-0.4990970139693271,6.0,120.0,1800.0,-0.4990970139693269,240.0,1.0,1.0,0.0,1.0,16359
45.0,-0.4990970139693267,60.0,75.0,3.0,-0.4990970139693271,6.0,120.0,1800.0,-0.4990970139693269,270.0,1.0,0.0,0.0,0.0,16836
45.0,-0.4990970139693267,60.0,75.0,3.0,-0.4990970139693271,6.0,120.0,1800.0,-0.4990970139693269,300.0,0.0,1.0,1.0,0.0,17619
45.0,-0.4990970139693267,60.0,75.0,3.0,-0.4990970139693271,6.0,120.0,1800.0,-0.4990970139693269,240.0,1.0,1.0,0.0,1.0,17649
45.0,-0.4990970139693267,60.0,75.0,3.0,-0.4990970139693271,6.0,120.0,1800.0,-0.4990970139693269,270.0,0.0,0.0,0.0,0.0,17508
45.0,-0.4990970139693267,60.0,75.0,3.0,-0.4990970139693271,6.0,120.0,1800.0,-0.4990970139693269,300.0,1.0,0.0,1.0,0.0,17169
45.0,-0.4990970139693267,60.0,75.0,3.0,-0.4990970139693271,6.0,120.0,1800.0,-0.4990970139693269,240.0,1.0,0.0,0.0,1.0,16476
45.0,-0.4990970139693267,60.0,75.0,3.0,-0.4990970139693271,6.0,120.0,1800.0,-0.4990970139693269,270.0,0.0,1.0,0.0,0.0,17619
45.0,-0.4990970139693267,60.0,75.0,3.0,-0.4990970139693271,6.0,120.0,1800.0,-0.4990970139693269,240.0,1.0,1.0,0.0,1.0,17508
45.0,-0.4990970139693267,60.0,75.0,3.0,-0.4990970139693271,6.0,120.0,1800.0,-0.4990970139693269,300.0,0.0,1.0,1.0,0.0,17169
45.0,-0.4990970139693267,60.0,75.0,3.0,-0.4990970139693271,6.0,120.0,1800.0,-0.4990970139693269,270.0,1.0,1.0,0.0,0.0,17619
45.0,-0.4990970139693267,60.0,75.0,3.0,-0.4990970139693271,6.0,120.0,1800.0,-0.4990970139693269,300.0,0.0,1.0,1.0,0.0,17748
45.0,-0.4990970139693267,60.0,75.0,3.0,-0.4990970139693271,6.0,120.0,1800.0,-0.4990970139693269,240.0,0.0,1.0,0.0,1.0,17619
45.0,-0.4990970139693267,60.0,75.0,3.0,-0.4990970139693271,6.0,120.0,1800.0,-0.4990970139693269,270.0,1.0,0.0,0.0,0.0,17508
45.0,-0.4990970139693267,60.0,75.0,3.0,-0.4990970139693271,6.0,120.0,1800.0,-0.4990970139693269,300.0,0.0,0.0,1.0,0.0,17169
45.0,-0.4990970139693267,60.0,75.0,3.0,-0.4990970139693271,6.0,120.0,1800.0,-0.4990970139693269,240.0,1.0,0.0,0.0,1.0,17565
45.0,-0.4990970139693267,60.0,75.0,3.0,-0.4990970139693271,6.0,120.0,1800.0,-0.4990970139693269,270.0,0.0,0.0,0.0,0.0,17619
45.0,-0.4990970139693267,60.0,75.0,3.0,-0.4990970139693271,6.0,120.0,1800.0,-0.4990970139693269,240.0,1.0,0.0,0.0,1.0,17724
45.0,-0.4990970139693267,60.0,75.0,3.0,-0.4990970139693271,6.0,120.0,1800.0,-0.4990970139693269,300.0,0.0,0.0,1.0,0.0,17508
45.0,-0.4990970139693267,60.0,75.0,3.0,-0.4990970139693271,6.0,120.0,1800.0,-0.4990970139693269,270.0,1.0,0.0,0.0,0.0,16581
45.0,-0.4990970139693267,60.0,75.0,3.0,-0.4990970139693271,6.0,120.0,1800.0,-0.4990970139693269,300.0,1.0,0.0,1.0,0.0,16230
45.0,-0.4990970139693267,60.0,75.0,3.0,-0.4990970139693271,6.0,120.0,1800.0,-0.4990970139693269,240.0,1.0,0.0,0.0,1.0,16389
45.0,-0.4990970139693267,60.0,75.0,3.0,-0.4990970139693271,6.0,120.0,1800.0,-0.4990970139693269,270.0,1.0,0.0,0.0,0.0,17748
45.0,-0.4990970139693267,60.0,75.0,3.0,-0.4990970139693271,6.0,120.0,1800.0,-0.4990970139693269,300.0,0.0,0.0,1.0,0.0,17589
45.0,-0.4990970139693267,60.0,75.0,3.0,-0.4990970139693271,6.0,120.0,1800.0,-0.4990970139693269,240.0,1.0,0.0,0.0,1.0,17565
45.0,-0.4990970139693267,60.0,75.0,3.0,-0.4990970139693271,6.0,120.0,1800.0,-0.4990970139693269,270.0,1.0,0.0,0.0,0.0,16359
45.0,-0.4990970139693267,60.0,75.0,3.0,-0.4990970139693271,6.0,120.0,1800.0,-0.4990970139693269,240.0,0.0,0.0,0.0,1.0,16836
45.0,-0.4990970139693267,60.0,75.0,3.0,-0.4990970139693271,6.0,120.0,1800.0,-0.4990970139693269,300.0,1.0,0.0,1.0,0.0,17619
45.0,-0.4990970139693267,60.0,75.0,3.0,-0.4990970139693271,6.0,120.0,1800.0,-0.4990970139693269,300.0,1.0,0.0,1.0,0.0,17649
45.0,-0.4990970139693267,60.0,75.0,3.0,-0.4990970139693271,6.0,120.0,1800.0,-0.4990970139693269,300.0,0.0,0.0,1.0,0.0,17508
45.0,-0.4990970139693267,60.0,75.0,3.0,-0.4990970139693271,6.0,120.0,1800.0,-0.4990970139693269,300.0,1.0,0.0,1.0,0.0,17169
45.0,-0.4990970139693267,60.0,75.0,3.0,-0.4990970139693271,6.0,120.0,1800.0,-0.4990970139693269,270.0,1.0,0.0,0.0,0.0,16476
45.0,-0.4990970139693267,60.0,75.0,3.0,-0.4990970139693271,6.0,120.0,1800.0,-0.4990970139693269,300.0,1.0,0.0,1.0,0.0,17508
45.0,-0.4990970139693267,60.0,75.0,3.0,-0.4990970139693271,6.0,120.0,1800.0,-0.4990970139693269,300.0,0.0,0.0,1.0,0.0,17619
45.0,-0.4990970139693267,60.0,75.0,3.0,-0.4990970139693271,6.0,120.0,1800.0,-0.4990970139693269,300.0,1.0,0.0,1.0,0.0,17508
45.0,-0.4990970139693267,60.0,75.0,3.0,-0.4990970139693271,6.0,120.0,1800.0,-0.4990970139693269,240.0,1.0,0.0,0.0,1.0,17169
45.0,-0.4990970139693267,60.0,75.0,3.0,-0.4990970139693271,6.0,120.0,1800.0,-0.4990970139693269,240.0,0.0,0.0,0.0,1.0,17748
45.0,-0.4990970139693267,60.0,75.0,3.0,-0.4990970139693271,6.0,120.0,1800.0,-0.4990970139693269,240.0,0.0,0.0,0.0,1.0,17619
45.0,-0.4990970139693267,60.0,75.0,3.0,-0.4990970139693271,6.0,120.0,1800.0,-0.4990970139693269,300.0,0.0,0.0,1.0,0.0,17508
45.0,-0.4990970139693267,60.0,75.0,3.0,-0.4990970139693271,6.0,120.0,1800.0,-0.4990970139693269,240.0,0.0,0.0,0.0,1.0,17169
45.0,-0.4990970139693267,60.0,75.0,3.0,-0.4990970139693271,6.0,120.0,1800.0,-0.4990970139693269,270.0,0.0,1.0,0.0,0.0,17565
45.0,-0.4990970139693267,60.0,75.0,3.0,-0.4990970139693271,6.0,120.0,1800.0,-0.4990970139693269,240.0,0.0,1.0,0.0,1.0,17619
45.0,-0.4990970139693267,60.0,75.0,3.0,-0.4990970139693271,6.0,120.0,1800.0,-0.4990970139693269,240.0,0.0,1.0,0.0,1.0,17724
45.0,-0.4990970139693267,60.0,75.0,3.0,-0.4990970139693271,6.0,120.0,1800.0,-0.4990970139693269,270.0,1.0,1.0,0.0,0.0,16581
45.0,-0.4990970139693267,60.0,75.0,3.0,-0.4990970139693271,6.0,120.0,1800.0,-0.4990970139693269,300.0,1.0,1.0,1.0,0.0,16389
45.0,-0.4990970139693267,60.0,75.0,3.0,-0.4990970139693271,6.0,120.0,1800.0,-0.4990970139693269,240.0,1.0,1.0,0.0,1.0,16884
45.0,-0.4990970139693267,60.0,75.0,3.0,-0.4990970139693271,6.0,120.0,1800.0,-0.4990970139693269,270.0,1.0,1.0,0.0,0.0,16476
45.0,-0.4990970139693267,60.0,75.0,3.0,-0.4990970139693271,6.0,120.0,1800.0,-0.4990970139693269,300.0,1.0,1.0,1.0,0.0,17748
45.0,-0.4990970139693267,60.0,75.0,3.0,-0.4990970139693271,6.0,120.0,1800.0,-0.4990970139693269,240.0,1.0,1.0,0.0,1.0,17589
45.0,-0.4990970139693267,60.0,75.0,3.0,-0.4990970139693271,6.0,120.0,1800.0,-0.4990970139693269,270.0,1.0,1.0,0.0,0.0,17565
45.0,-0.4990970139693267,60.0,75.0,3.0,-0.4990970139693271,6.0,120.0,1800.0,-0.4990970139693269,240.0,1.0,1.0,0.0,1.0,16359
45.0,-0.4990970139693267,60.0,75.0,3.0,-0.4990970139693271,6.0,120.0,1800.0,-0.4990970139693269,300.0,0.0,1.0,1.0,0.0,16836
45.0,-0.4990970139693267,60.0,75.0,3.0,-0.4990970139693271,6.0,120.0,1800.0,-0.4990970139693269,270.0,0.0,0.0,0.0,0.0,17619
45.0,-0.4990970139693267,60.0,75.0,3.0,-0.4990970139693271,6.0,120.0,1800.0,-0.4990970139693269,300.0,0.0,0.0,1.0,0.0,17649
45.0,-0.4990970139693267,60.0,75.0,3.0,-0.4990970139693271,6.0,120.0,1800.0,-0.4990970139693269,240.0,0.0,0.0,0.0,1.0,17169
45.0,-0.4990970139693267,60.0,75.0,3.0,-0.4990970139693271,6.0,120.0,1800.0,-0.4990970139693269,270.0,0.0,0.0,0.0,0.0,17508
45.0,-0.4990970139693267,60.0,75.0,3.0,-0.4990970139693271,6.0,120.0,1800.0,-0.4990970139693269,300.0,0.0,0.0,1.0,0.0,17169
45.0,-0.4990970139693267,60.0,75.0,3.0,-0.4990970139693271,6.0,120.0,1800.0,-0.4990970139693269,240.0,0.0,0.0,0.0,1.0,16476
45.0,-0.4990970139693267,60.0,75.0,3.0,-0.4990970139693271,6.0,120.0,1800.0,-0.4990970139693269,270.0,0.0,0.0,0.0,0.0,17619
45.0,-0.4990970139693267,60.0,75.0,3.0,-0.4990970139693271,6.0,120.0,1800.0,-0.4990970139693269,240.0,1.0,0.0,0.0,1.0,17508
45.0,-0.4990970139693267,60.0,75.0,3.0,-0.4990970139693271,6.0,120.0,1800.0,-0.4990970139693269,300.0,1.0,1.0,1.0,0.0,17169
45.0,-0.4990970139693267,60.0,75.0,3.0,-0.4990970139693271,6.0,120.0,1800.0,-0.4990970139693269,270.0,1.0,1.0,0.0,0.0,17748
45.0,-0.4990970139693267,60.0,75.0,3.0,-0.4990970139693271,6.0,120.0,1800.0,-0.4990970139693269,300.0,1.0,1.0,1.0,0.0,17619
45.0,-0.4990970139693267,60.0,75.0,3.0,-0.4990970139693271,6.0,120.0,1800.0,-0.4990970139693269,240.0,1.0,1.0,0.0,1.0,17508
45.0,-0.4990970139693267,60.0,75.0,3.0,-0.4990970139693271,6.0,120.0,1800.0,-0.4990970139693269,270.0,1.0,1.0,0.0,0.0,17169
45.0,-0.4990970139693267,60.0,75.0,3.0,-0.4990970139693271,6.0,120.0,1800.0,-0.4990970139693269,300.0,1.0,1.0,1.0,0.0,17619
45.0,-0.4990970139693267,60.0,75.0,3.0,-0.4990970139693271,6.0,120.0,1800.0,-0.4990970139693269,240.0,0.0,1.0,0.0,1.0,17673
45.0,-0.4990970139693267,60.0,75.0,3.0,-0.4990970139693271,6.0,120.0,1800.0,-0.4990970139693269,270.0,1.0,0.0,0.0,0.0,17958
45.0,-0.4990970139693267,60.0,75.0,3.0,-0.4990970139693271,6.0,120.0,1800.0,-0.4990970139693269,240.0,0.0,0.0,0.0,1.0,16260
45.0,-0.4990970139693267,60.0,75.0,3.0,-0.4990970139693271,6.0,120.0,1800.0,-0.4990970139693269,300.0,1.0,0.0,1.0,0.0,16362
45.0,-0.4990970139693267,60.0,75.0,3.0,-0.4990970139693271,6.0,120.0,1800.0,-0.4990970139693269,300.0,0.0,0.0,1.0,0.0,16596
45.0,-0.4990970139693267,60.0,75.0,3.0,-0.4990970139693271,6.0,120.0,1800.0,-0.4990970139693269,300.0,0.0,0.0,1.0,0.0,17040
45.0,-0.4990970139693267,60.0,75.0,3.0,-0.4990970139693271,6.0,120.0,1800.0,-0.4990970139693269,300.0,1.0,0.0,1.0,0.0,17508
45.0,-0.4990970139693267,60.0,75.0,3.0,-0.4990970139693271,6.0,120.0,1800.0,-0.4990970139693269,270.0,0.0,0.0,0.0,0.0,17619
45.0,-0.4990970139693267,60.0,75.0,3.0,-0.4990970139693271,6.0,120.0,1800.0,-0.4990970139693269,300.0,1.0,0.0,1.0,0.0,16581
45.0,-0.4990970139693267,60.0,75.0,3.0,-0.4990970139693271,6.0,120.0,1800.0,-0.4990970139693269,300.0,0.0,1.0,1.0,0.0,17748
45.0,-0.4990970139693267,60.0,75.0,3.0,-0.4990970139693271,6.0,120.0,1800.0,-0.4990970139693269,300.0,1.0,1.0,1.0,0.0,17649
45.0,-0.4990970139693267,60.0,75.0,3.0,-0.4990970139693271,6.0,120.0,1800.0,-0.4990970139693269,240.0,0.0,1.0,0.0,1.0,17619
45.0,-0.4990970139693267,60.0,75.0,3.0,-0.4990970139693271,6.0,120.0,1800.0,-0.4990970139693269,240.0,1.0,1.0,0.0,1.0,17565
45.0,-0.4990970139693267,60.0,75.0,3.0,-0.4990970139693271,6.0,120.0,1800.0,-0.4990970139693269,240.0,1.0,1.0,0.0,1.0,16581
45.0,-0.4990970139693267,60.0,75.0,3.0,-0.4990970139693271,6.0,120.0,1800.0,-0.4990970139693269,300.0,0.0,1.0,1.0,0.0,16476
45.0,-0.4990970139693267,60.0,75.0,3.0,-0.4990970139693271,6.0,120.0,1800.0,-0.4990970139693269,240.0,1.0,1.0,0.0,1.0,17565
45.0,-0.4990970139693267,60.0,75.0,3.0,-0.4990970139693271,6.0,120.0,1800.0,-0.4990970139693269,270.0,1.0,1.0,0.0,0.0,17619
45.0,-0.4990970139693267,60.0,75.0,3.0,-0.4990970139693271,6.0,120.0,1800.0,-0.4990970139693269,240.0,0.0,1.0,0.0,1.0,17508
45.0,-0.4990970139693267,60.0,75.0,3.0,-0.4990970139693271,6.0,120.0,1800.0,-0.4990970139693269,240.0,1.0,1.0,0.0,1.0,17619
45.0,-0.4990970139693267,60.0,75.0,3.0,-0.4990970139693271,6.0,120.0,1800.0,-0.4990970139693269,270.0,1.0,1.0,0.0,0.0,17748
45.0,-0.4990970139693267,60.0,75.0,3.0,-0.4990970139693271,6.0,120.0,1800.0,-0.4990970139693269,300.0,1.0,1.0,1.0,0.0,17169
45.0,-0.4990970139693267,60.0,75.0,3.0,-0.4990970139693271,6.0,120.0,1800.0,-0.4990970139693269,240.0,1.0,0.0,0.0,1.0,16596
45.0,-0.4990970139693267,60.0,75.0,3.0,-0.4990970139693271,6.0,120.0,1800.0,-0.4990970139693269,270.0,0.0,0.0,0.0,0.0,17169
45.0,-0.4990970139693267,60.0,75.0,3.0,-0.4990970139693271,6.0,120.0,1800.0,-0.4990970139693269,300.0,1.0,0.0,1.0,0.0,17748
45.0,-0.4990970139693267,60.0,75.0,3.0,-0.4990970139693271,6.0,120.0,1800.0,-0.4990970139693269,240.0,0.0,0.0,0.0,1.0,17619
45.0,-0.4990970139693267,60.0,75.0,3.0,-0.4990970139693271,6.0,120.0,1800.0,-0.4990970139693269,270.0,1.0,0.0,0.0,0.0,17169
45.0,-0.4990970139693267,60.0,75.0,3.0,-0.4990970139693271,6.0,120.0,1800.0,-0.4990970139693269,240.0,1.0,0.0,0.0,1.0,17508
45.0,-0.4990970139693267,60.0,75.0,3.0,-0.4990970139693271,6.0,120.0,1800.0,-0.4990970139693269,300.0,0.0,0.0,1.0,0.0,17748
45.0,-0.4990970139693267,60.0,75.0,3.0,-0.4990970139693271,6.0,120.0,1800.0,-0.4990970139693269,270.0,1.0,1.0,0.0,0.0,17169
45.0,-0.4990970139693267,60.0,75.0,3.0,-0.4990970139693271,6.0,120.0,1800.0,-0.4990970139693269,300.0,0.0,1.0,1.0,0.0,17724
45.0,-0.4990970139693267,60.0,75.0,3.0,-0.4990970139693271,6.0,120.0,1800.0,-0.4990970139693269,240.0,0.0,1.0,0.0,1.0,16230
45.0,-0.4990970139693267,60.0,75.0,3.0,-0.4990970139693271,6.0,120.0,1800.0,-0.4990970139693269,270.0,1.0,1.0,0.0,0.0,17589
45.0,-0.4990970139693267,60.0,75.0,3.0,-0.4990970139693271,6.0,120.0,1800.0,-0.4990970139693269,300.0,0.0,1.0,1.0,0.0,17508
45.0,-0.4990970139693267,60.0,75.0,3.0,-0.4990970139693271,6.0,120.0,1800.0,-0.4990970139693269,240.0,0.0,1.0,0.0,1.0,17508
45.0,-0.4990970139693267,60.0,75.0,3.0,-0.4990970139693271,6.0,120.0,1800.0,-0.4990970139693269,270.0,0.0,0.0,0.0,0.0,17619
45.0,-0.4990970139693267,60.0,75.0,3.0,-0.4990970139693271,6.0,120.0,1800.0,-0.4990970139693269,240.0,0.0,0.0,0.0,1.0,16389
45.0,-0.4990970139693267,60.0,75.0,3.0,-0.4990970139693271,6.0,120.0,1800.0,-0.4990970139693269,300.0,1.0,0.0,1.0,0.0,17748
45.0,-0.4990970139693267,60.0,75.0,3.0,-0.4990970139693271,6.0,120.0,1800.0,-0.4990970139693269,270.0,0.0,0.0,0.0,0.0,16359
45.0,-0.4990970139693267,60.0,75.0,3.0,-0.4990970139693271,6.0,120.0,1800.0,-0.4990970139693269,300.0,1.0,0.0,1.0,0.0,17649
45.0,-0.4990970139693267,60.0,75.0,3.0,-0.4990970139693271,6.0,120.0,1800.0,-0.4990970139693269,240.0,1.0,1.0,0.0,1.0,17169
45.0,-0.4990970139693267,60.0,75.0,3.0,-0.4990970139693271,6.0,120.0,1800.0,-0.4990970139693269,270.0,0.0,1.0,0.0,0.0,17508
45.0,-0.4990970139693267,60.0,75.0,3.0,-0.4990970139693271,6.0,120.0,1800.0,-0.4990970139693269,300.0,1.0,1.0,1.0,0.0,17619
45.0,-0.4990970139693267,60.0,75.0,3.0,-0.4990970139693271,6.0,120.0,1800.0,-0.4990970139693269,240.0,1.0,1.0,0.0,1.0,17619
45.0,-0.4990970139693267,60.0,75.0,3.0,-0.4990970139693271,6.0,120.0,1800.0,-0.4990970139693269,270.0,1.0,1.0,0.0,0.0,16389
45.0,-0.4990970139693267,60.0,75.0,3.0,-0.4990970139693271,6.0,120.0,1800.0,-0.4990970139693269,240.0,0.0,0.0,0.0,1.0,16476
45.0,-0.4990970139693267,60.0,75.0,3.0,-0.4990970139693271,6.0,120.0,1800.0,-0.4990970139693269,300.0,0.0,0.0,1.0,0.0,17169
45.0,-0.4990970139693267,60.0,75.0,3.0,-0.4990970139693271,6.0,120.0,1800.0,-0.4990970139693269,300.0,0.0,0.0,1.0,0.0,17508
45.0,-0.4990970139693267,60.0,75.0,3.0,-0.4990970139693271,6.0,120.0,1800.0,-0.4990970139693269,300.0,1.0,0.0,1.0,0.0,17565
45.0,-0.4990970139693267,60.0,75.0,3.0,-0.4990970139693271,6.0,120.0,1800.0,-0.4990970139693269,300.0,0.0,0.0,1.0,0.0,17508
45.0,-0.4990970139693267,60.0,75.0,3.0,-0.4990970139693271,6.0,120.0,1800.0,-0.4990970139693269,270.0,1.0,0.0,0.0,0.0,17169
45.0,-0.4990970139693267,60.0,75.0,3.0,-0.4990970139693271,6.0,120.0,1800.0,-0.4990970139693269,300.0,0.0,0.0,1.0,0.0,17748
45.0,-0.4990970139693267,60.0,75.0,3.0,-0.4990970139693271,6.0,120.0,1800.0,-0.4990970139693269,300.0,0.0,0.0,1.0,0.0,17619
45.0,-0.4990970139693267,60.0,75.0,3.0,-0.4990970139693271,6.0,120.0,1800.0,-0.4990970139693269,300.0,1.0,0.0,1.0,0.0,17169
45.0,-0.4990970139693267,60.0,75.0,3.0,-0.4990970139693271,6.0,120.0,1800.0,-0.4990970139693269,240.0,1.0,1.0,0.0,1.0,17508
45.0,-0.4990970139693267,60.0,75.0,3.0,-0.4990970139693271,6.0,120.0,1800.0,-0.4990970139693269,240.0,0.0,1.0,0.0,1.0,17169
45.0,-0.4990970139693267,60.0,75.0,3.0,-0.4990970139693271,6.0,120.0,1800.0,-0.4990970139693269,240.0,1.0,1.0,0.0,1.0,17589
45.0,-0.4990970139693267,60.0,75.0,3.0,-0.4990970139693271,6.0,120.0,1800.0,-0.4990970139693269,300.0,0.0,1.0,1.0,0.0,16836
45.0,-0.4990970139693267,60.0,75.0,3.0,-0.4990970139693271,6.0,120.0,1800.0,-0.4990970139693269,240.0,1.0,1.0,0.0,1.0,17508
45.0,-0.4990970139693267,60.0,75.0,3.0,-0.4990970139693271,6.0,120.0,1800.0,-0.4990970139693269,270.0,1.0,1.0,0.0,0.0,17508
45.0,-0.4990970139693267,60.0,75.0,3.0,-0.4990970139693271,6.0,120.0,1800.0,-0.4990970139693269,240.0,0.0,0.0,0.0,1.0,17169
45.0,-0.4990970139693267,60.0,75.0,3.0,-0.4990970139693271,6.0,120.0,1800.0,-0.4990970139693269,240.0,1.0,0.0,0.0,1.0,17508
45.0,-0.4990970139693267,60.0,75.0,3.0,-0.4990970139693271,6.0,120.0,1800.0,-0.4990970139693269,270.0,0.0,0.0,0.0,0.0,17619
45.0,-0.4990970139693267,60.0,75.0,3.0,-0.4990970139693271,6.0,120.0,1800.0,-0.4990970139693269,300.0,1.0,0.0,1.0,0.0,16389
45.0,-0.4990970139693267,60.0,75.0,3.0,-0.4990970139693271,6.0,120.0,1800.0,-0.4990970139693269,240.0,0.0,0.0,0.0,1.0,17748
45.0,-0.4990970139693267,60.0,75.0,3.0,-0.4990970139693271,6.0,120.0,1800.0,-0.4990970139693269,270.0,0.0,0.0,0.0,0.0,16359
45.0,-0.4990970139693267,60.0,75.0,3.0,-0.4990970139693271,6.0,120.0,1800.0,-0.4990970139693269,300.0,1.0,0.0,1.0,0.0,17169
45.0,-0.4990970139693267,60.0,75.0,3.0,-0.4990970139693271,6.0,120.0,1800.0,-0.4990970139693269,240.0,0.0,0.0,0.0,1.0,17619
45.0,-0.4990970139693267,60.0,75.0,3.0,-0.4990970139693271,6.0,120.0,1800.0,-0.4990970139693269,270.0,1.0,0.0,0.0,0.0,16260
45.0,-0.4990970139693267,60.0,75.0,3.0,-0.4990970139693271,6.0,120.0,1800.0,-0.4990970139693269,240.0,0.0,0.0,0.0,1.0,17040
45.0,-0.4990970139693267,60.0,75.0,3.0,-0.4990970139693271,6.0,120.0,1800.0,-0.4990970139693269,300.0,1.0,0.0,1.0,0.0,16581
45.0,-0.4990970139693267,60.0,75.0,3.0,-0.4990970139693271,6.0,120.0,1800.0,-0.4990970139693269,270.0,0.0,0.0,0.0,0.0,17619
45.0,-0.4990970139693267,60.0,75.0,3.0,-0.4990970139693271,6.0,120.0,1800.0,-0.4990970139693269,300.0,1.0,1.0,1.0,0.0,16476
45.0,-0.4990970139693267,60.0,75.0,3.0,-0.4990970139693271,6.0,120.0,1800.0,-0.4990970139693269,240.0,1.0,1.0,0.0,1.0,17508
45.0,-0.4990970139693267,60.0,75.0,3.0,-0.4990970139693271,6.0,120.0,1800.0,-0.4990970139693269,270.0,1.0,1.0,0.0,0.0,17169
45.0,-0.4990970139693267,60.0,75.0,3.0,-0.4990970139693271,6.0,120.0,1800.0,-0.4990970139693269,300.0,1.0,1.0,1.0,0.0,17169
45.0,-0.4990970139693267,60.0,75.0,3.0,-0.4990970139693271,6.0,120.0,1800.0,-0.4990970139693269,240.0,0.0,1.0,0.0,1.0,17748
45.0,-0.4990970139693267,60.0,75.0,3.0,-0.4990970139693271,6.0,120.0,1800.0,-0.4990970139693269,270.0,1.0,1.0,0.0,0.0,17169
45.0,-0.4990970139693267,60.0,75.0,3.0,-0.4990970139693271,6.0,120.0,1800.0,-0.4990970139693269,240.0,1.0,1.0,0.0,1.0,17169
45.0,-0.4990970139693267,60.0,75.0,3.0,-0.4990970139693271,6.0,120.0,1800.0,-0.4990970139693269,300.0,0.0,1.0,1.0,0.0,17724
45.0,-0.4990970139693267,60.0,75.0,3.0,-0.4990970139693271,6.0,120.0,1800.0,-0.4990970139693269,270.0,1.0,1.0,0.0,0.0,16230
45.0,-0.4990970139693267,60.0,75.0,3.0,-0.4990970139693271,6.0,120.0,1800.0,-0.4990970139693269,300.0,1.0,1.0,1.0,0.0,17589
45.0,-0.4990970139693267,60.0,75.0,3.0,-0.4990970139693271,6.0,120.0,1800.0,-0.4990970139693269,240.0,0.0,1.0,0.0,1.0,16836
45.0,-0.4990970139693267,60.0,75.0,3.0,-0.4990970139693271,6.0,120.0,1800.0,-0.4990970139693269,270.0,1.0,1.0,0.0,0.0,17508
45.0,-0.4990970139693267,60.0,75.0,3.0,-0.4990970139693271,6.0,120.0,1800.0,-0.4990970139693269,300.0,1.0,1.0,1.0,0.0,17508
45.0,-0.4990970139693267,60.0,75.0,3.0,-0.4990970139693271,6.0,120.0,1800.0,-0.4990970139693269,240.0,1.0,0.0,0.0,1.0,17169
45.0,-0.4990970139693267,60.0,75.0,3.0,-0.4990970139693271,6.0,120.0,1800.0,-0.4990970139693269,270.0,0.0,0.0,0.0,0.0,17508
45.0,-0.4990970139693267,60.0,75.0,3.0,-0.4990970139693271,6.0,120.0,1800.0,-0.4990970139693269,240.0,1.0,0.0,0.0,1.0,17619
45.0,-0.4990970139693267,60.0,75.0,3.0,-0.4990970139693271,6.0,120.0,1800.0,-0.4990970139693269,300.0,1.0,0.0,1.0,0.0,17748
45.0,-0.4990970139693267,60.0,75.0,3.0,-0.4990970139693271,6.0,120.0,1800.0,-0.4990970139693269,300.0,0.0,0.0,1.0,0.0,17169
45.0,-0.4990970139693267,60.0,75.0,3.0,-0.4990970139693271,6.0,120.0,1800.0,-0.4990970139693269,300.0,0.0,0.0,1.0,0.0,17508
45.0,-0.4990970139693267,60.0,75.0,3.0,-0.4990970139693271,6.0,120.0,1800.0,-0.4990970139693269,300.0,0.0,0.0,1.0,0.0,17619
45.0,-0.4990970139693267,60.0,75.0,3.0,-0.4990970139693271,6.0,120.0,1800.0,-0.4990970139693269,270.0,0.0,0.0,0.0,0.0,17619
45.0,-0.4990970139693267,60.0,75.0,3.0,-0.4990970139693271,6.0,120.0,1800.0,-0.4990970139693269,300.0,0.0,1.0,1.0,0.0,16581
45.0,-0.4990970139693267,60.0,75.0,3.0,-0.4990970139693271,6.0,120.0,1800.0,-0.4990970139693269,300.0,0.0,1.0,1.0,0.0,16389
45.0,-0.4990970139693267,60.0,75.0,3.0,-0.4990970139693271,6.0,120.0,1800.0,-0.4990970139693269,300.0,0.0,1.0,1.0,0.0,17748
45.0,-0.4990970139693267,60.0,75.0,3.0,-0.4990970139693271,6.0,120.0,1800.0,-0.4990970139693269,240.0,1.0,1.0,0.0,1.0,17649
45.0,-0.4990970139693267,60.0,75.0,3.0,-0.4990970139693271,6.0,120.0,1800.0,-0.4990970139693269,240.0,1.0,1.0,0.0,1.0,16476
45.0,-0.4990970139693267,60.0,75.0,3.0,-0.4990970139693271,6.0,120.0,1800.0,-0.4990970139693269,240.0,1.0,1.0,0.0,1.0,17169
45.0,-0.4990970139693267,60.0,75.0,3.0,-0.4990970139693271,6.0,120.0,1800.0,-0.4990970139693269,300.0,1.0,1.0,1.0,0.0,17565
45.0,-0.4990970139693267,60.0,75.0,3.0,-0.4990970139693271,6.0,120.0,1800.0,-0.4990970139693269,240.0,1.0,1.0,0.0,1.0,17748
45.0,-0.4990970139693267,60.0,75.0,3.0,-0.4990970139693271,6.0,120.0,1800.0,-0.4990970139693269,270.0,1.0,1.0,0.0,0.0,17619
45.0,-0.4990970139693267,60.0,75.0,3.0,-0.4990970139693271,6.0,120.0,1800.0,-0.4990970139693269,240.0,1.0,1.0,0.0,1.0,17169
45.0,-0.4990970139693267,60.0,75.0,3.0,-0.4990970139693271,6.0,120.0,1800.0,-0.4990970139693269,240.0,1.0,1.0,0.0,1.0,17508
45.0,-0.4990970139693267,60.0,75.0,3.0,-0.4990970139693271,6.0,120.0,1800.0,-0.4990970139693269,270.0,0.0,1.0,0.0,0.0,17748
45.0,-0.4990970139693267,60.0,75.0,3.0,-0.4990970139693271,6.0,120.0,1800.0,-0.4990970139693269,300.0,0.0,0.0,1.0,0.0,17169
45.0,-0.4990970139693267,60.0,75.0,3.0,-0.4990970139693271,6.0,120.0,1800.0,-0.4990970139693269,240.0,0.0,0.0,0.0,1.0,17724
45.0,-0.4990970139693267,60.0,75.0,3.0,-0.4990970139693271,6.0,120.0,1800.0,-0.4990970139693269,270.0,0.0,0.0,0.0,0.0,16230
45.0,-0.4990970139693267,60.0,75.0,3.0,-0.4990970139693271,6.0,120.0,1800.0,-0.4990970139693269,300.0,0.0,0.0,1.0,0.0,17589
45.0,-0.4990970139693267,60.0,75.0,3.0,-0.4990970139693271,6.0,120.0,1800.0,-0.4990970139693269,240.0,0.0,0.0,0.0,1.0,16836
45.0,-0.4990970139693267,60.0,75.0,3.0,-0.4990970139693271,6.0,120.0,1800.0,-0.4990970139693269,270.0,0.0,0.0,0.0,0.0,17508
45.0,-0.4990970139693267,60.0,75.0,3.0,-0.4990970139693271,6.0,120.0,1800.0,-0.4990970139693269,240.0,0.0,0.0,0.0,1.0,17619
45.0,-0.4990970139693267,60.0,75.0,3.0,-0.4990970139693271,6.0,120.0,1800.0,-0.4990970139693269,300.0,1.0,0.0,1.0,0.0,16389
45.0,-0.4990970139693267,60.0,75.0,3.0,-0.4990970139693271,6.0,120.0,1800.0,-0.4990970139693269,270.0,1.0,0.0,0.0,0.0,17748
45.0,-0.4990970139693267,60.0,75.0,3.0,-0.4990970139693271,6.0,120.0,1800.0,-0.4990970139693269,300.0,1.0,0.0,1.0,0.0,16359
45.0,-0.4990970139693267,60.0,75.0,3.0,-0.4990970139693271,6.0,120.0,1800.0,-0.4990970139693269,240.0,1.0,0.0,0.0,1.0,17649
45.0,-0.4990970139693267,60.0,75.0,3.0,-0.4990970139693271,6.0,120.0,1800.0,-0.4990970139693269,270.0,1.0,0.0,0.0,0.0,17169
45.0,-0.4990970139693267,60.0,75.0,3.0,-0.4990970139693271,6.0,120.0,1800.0,-0.4990970139693269,300.0,1.0,0.0,1.0,0.0,17508
45.0,-0.4990970139693267,60.0,75.0,3.0,-0.4990970139693271,6.0,120.0,1800.0,-0.4990970139693269,240.0,1.0,0.0,0.0,1.0,17619
45.0,-0.4990970139693267,60.0,75.0,3.0,-0.4990970139693271,6.0,120.0,1800.0,-0.4990970139693269,270.0,0.0,0.0,0.0,0.0,17619
45.0,-0.4990970139693267,60.0,75.0,3.0,-0.4990970139693271,6.0,120.0,1800.0,-0.4990970139693269,240.0,1.0,1.0,0.0,1.0,16260
45.0,-0.4990970139693267,60.0,75.0,3.0,-0.4990970139693271,6.0,120.0,1800.0,-0.4990970139693269,300.0,0.0,1.0,1.0,0.0,16581
45.0,-0.4990970139693267,60.0,75.0,3.0,-0.4990970139693271,6.0,120.0,1800.0,-0.4990970139693269,270.0,1.0,1.0,0.0,0.0,17508
45.0,-0.4990970139693267,60.0,75.0,3.0,-0.4990970139693271,6.0,120.0,1800.0,-0.4990970139693269,300.0,0.0,1.0,1.0,0.0,17169
45.0,-0.4990970139693267,60.0,75.0,3.0,-0.4990970139693271,6.0,120.0,1800.0,-0.4990970139693269,240.0,0.0,1.0,0.0,1.0,17169
45.0,-0.4990970139693267,60.0,75.0,3.0,-0.4990970139693271,6.0,120.0,1800.0,-0.4990970139693269,270.0,1.0,1.0,0.0,0.0,17748
45.0,-0.4990970139693267,60.0,75.0,3.0,-0.4990970139693271,6.0,120.0,1800.0,-0.4990970139693269,300.0,0.0,1.0,1.0,0.0,17619
45.0,-0.4990970139693267,60.0,75.0,3.0,-0.4990970139693271,6.0,120.0,1800.0,-0.4990970139693269,240.0,1.0,1.0,0.0,1.0,17169
45.0,-0.4990970139693267,60.0,75.0,3.0,-0.4990970139693271,6.0,120.0,1800.0,-0.4990970139693269,270.0,0.0,1.0,0.0,0.0,17508
45.0,-0.4990970139693267,60.0,75.0,3.0,-0.4990970139693271,6.0,120.0,1800.0,-0.4990970139693269,240.0,1.0,1.0,0.0,1.0,17748
45.0,-0.4990970139693267,60.0,75.0,3.0,-0.4990970139693271,6.0,120.0,1800.0,-0.4990970139693269,300.0,0.0,1.0,1.0,0.0,17169
45.0,-0.4990970139693267,60.0,75.0,3.0,-0.4990970139693271,6.0,120.0,1800.0,-0.4990970139693269,300.0,1.0,1.0,1.0,0.0,17724
45.0,-0.4990970139693267,60.0,75.0,3.0,-0.4990970139693271,6.0,120.0,1800.0,-0.4990970139693269,300.0,1.0,1.0,1.0,0.0,17589
45.0,-0.4990970139693267,60.0,75.0,3.0,-0.4990970139693271,6.0,120.0,1800.0,-0.4990970139693269,300.0,0.0,1.0,1.0,0.0,17508
45.0,-0.4990970139693267,60.0,75.0,3.0,-0.4990970139693271,6.0,120.0,1800.0,-0.4990970139693269,270.0,1.0,1.0,0.0,0.0,17169
45.0,-0.4990970139693267,60.0,75.0,3.0,-0.4990970139693271,6.0,120.0,1800.0,-0.4990970139693269,300.0,1.0,1.0,1.0,0.0,17508
45.0,-0.4990970139693267,60.0,75.0,3.0,-0.4990970139693271,6.0,120.0,1800.0,-0.4990970139693269,300.0,0.0,1.0,1.0,0.0,17619
45.0,-0.4990970139693267,60.0,75.0,3.0,-0.4990970139693271,6.0,120.0,1800.0,-0.4990970139693269,300.0,1.0,1.0,1.0,0.0,16389
45.0,-0.4990970139693267,60.0,75.0,3.0,-0.4990970139693271,6.0,120.0,1800.0,-0.4990970139693269,240.0,1.0,1.0,0.0,1.0,17748
45.0,-0.4990970139693267,60.0,75.0,3.0,-0.4990970139693271,6.0,120.0,1800.0,-0.4990970139693269,240.0,1.0,1.0,0.0,1.0,16359
45.0,-0.4990970139693267,60.0,75.0,3.0,-0.4990970139693271,6.0,120.0,1800.0,-0.4990970139693269,240.0,1.0,1.0,0.0,1.0,17649
45.0,-0.4990970139693267,60.0,75.0,3.0,-0.4990970139693271,6.0,120.0,1800.0,-0.4990970139693269,300.0,0.0,0.0,1.0,0.0,17169
45.0,-0.4990970139693267,60.0,75.0,3.0,-0.4990970139693271,6.0,120.0,1800.0,-0.4990970139693269,240.0,1.0,0.0,0.0,1.0,17508
45.0,-0.4990970139693267,60.0,75.0,3.0,-0.4990970139693271,6.0,120.0,1800.0,-0.4990970139693269,270.0,0.0,0.0,0.0,0.0,17619
45.0,-0.4990970139693267,60.0,75.0,3.0,-0.4990970139693271,6.0,120.0,1800.0,-0.4990970139693269,240.0,1.0,0.0,0.0,1.0,17748
45.0,-0.4990970139693267,60.0,75.0,3.0,-0.4990970139693271,6.0,120.0,1800.0,-0.4990970139693269,240.0,1.0,0.0,0.0,1.0,17649
45.0,-0.4990970139693267,60.0,75.0,3.0,-0.4990970139693271,6.0,120.0,1800.0,-0.4990970139693269,270.0,0.0,0.0,0.0,0.0,16476
45.0,-0.4990970139693267,60.0,75.0,3.0,-0.4990970139693271,6.0,120.0,1800.0,-0.4990970139693269,300.0,1.0,0.0,1.0,0.0,17169
45.0,-0.4990970139693267,60.0,75.0,3.0,-0.4990970139693271,6.0,120.0,1800.0,-0.4990970139693269,240.0,0.0,0.0,0.0,1.0,17508
45.0,-0.4990970139693267,60.0,75.0,3.0,-0.4990970139693271,6.0,120.0,1800.0,-0.4990970139693269,270.0,0.0,0.0,0.0,0.0,17565
45.0,-0.4990970139693267,60.0,75.0,3.0,-0.4990970139693271,6.0,120.0,1800.0,-0.4990970139693269,300.0,1.0,0.0,1.0,0.0,17508
45.0,-0.4990970139693267,60.0,75.0,3.0,-0.4990970139693271,6.0,120.0,1800.0,-0.4990970139693269,240.0,0.0,0.0,0.0,1.0,17169
45.0,-0.4990970139693267,60.0,75.0,3.0,-0.4990970139693271,6.0,120.0,1800.0,-0.4990970139693269,270.0,0.0,0.0,0.0,0.0,17748
45.0,-0.4990970139693267,60.0,75.0,3.0,-0.4990970139693271,6.0,120.0,1800.0,-0.4990970139693269,240.0,0.0,0.0,0.0,1.0,17619
45.0,-0.4990970139693267,60.0,75.0,3.0,-0.4990970139693271,6.0,120.0,1800.0,-0.4990970139693269,300.0,0.0,0.0,1.0,0.0,17508
45.0,-0.4990970139693267,60.0,75.0,3.0,-0.4990970139693271,6.0,120.0,1800.0,-0.4990970139693269,270.0,1.0,0.0,0.0,0.0,17724
45.0,-0.4990970139693267,60.0,75.0,3.0,-0.4990970139693271,6.0,120.0,1800.0,-0.4990970139693269,300.0,0.0,0.0,1.0,0.0,16230
45.0,-0.4990970139693267,60.0,75.0,3.0,-0.4990970139693271,6.0,120.0,1800.0,-0.4990970139693269,240.0,1.0,0.0,0.0,1.0,17589
45.0,-0.4990970139693267,60.0,75.0,3.0,-0.4990970139693271,6.0,120.0,1800.0,-0.4990970139693269,270.0,1.0,0.0,0.0,0.0,16836
45.0,-0.4990970139693267,60.0,75.0,3.0,-0.4990970139693271,6.0,120.0,1800.0,-0.4990970139693269,300.0,0.0,0.0,1.0,0.0,17508
45.0,-0.4990970139693267,60.0,75.0,3.0,-0.4990970139693271,6.0,120.0,1800.0,-0.4990970139693269,240.0,1.0,0.0,0.0,1.0,17508
45.0,-0.4990970139693267,60.0,75.0,3.0,-0.4990970139693271,6.0,120.0,1800.0,-0.4990970139693269,270.0,1.0,0.0,0.0,0.0,17169
45.0,-0.4990970139693267,60.0,75.0,3.0,-0.4990970139693271,6.0,120.0,1800.0,-0.4990970139693269,240.0,1.0,0.0,0.0,1.0,17508
45.0,-0.4990970139693267,60.0,75.0,3.0,-0.4990970139693271,6.0,120.0,1800.0,-0.4990970139693269,300.0,0.0,0.0,1.0,0.0,17619
45.0,-0.4990970139693267,60.0,75.0,3.0,-0.4990970139693271,6.0,120.0,1800.0,-0.4990970139693269,270.0,0.0,0.0,0.0,0.0,16389
45.0,-0.4990970139693267,60.0,75.0,3.0,-0.4990970139693271,6.0,120.0,1800.0,-0.4990970139693269,300.0,0.0,0.0,1.0,0.0,16359
45.0,-0.4990970139693267,60.0,75.0,3.0,-0.4990970139693271,6.0,120.0,1800.0,-0.4990970139693269,240.0,1.0,0.0,0.0,1.0,17508
45.0,-0.4990970139693267,60.0,75.0,3.0,-0.4990970139693271,6.0,120.0,1800.0,-0.4990970139693269,270.0,0.0,0.0,0.0,0.0,17619
45.0,-0.4990970139693267,60.0,75.0,3.0,-0.4990970139693271,6.0,120.0,1800.0,-0.4990970139693269,300.0,1.0,0.0,1.0,0.0,17619
45.0,-0.4990970139693267,60.0,75.0,3.0,-0.4990970139693271,6.0,120.0,1800.0,-0.4990970139693269,240.0,0.0,0.0,0.0,1.0,16260
45.0,-0.4990970139693267,60.0,75.0,3.0,-0.4990970139693271,6.0,120.0,1800.0,-0.4990970139693269,270.0,0.0,0.0,0.0,0.0,17040
45.0,-0.4990970139693267,60.0,75.0,3.0,-0.4990970139693271,6.0,120.0,1800.0,-0.4990970139693269,240.0,1.0,0.0,0.0,1.0,16581
45.0,-0.4990970139693267,60.0,75.0,3.0,-0.4990970139693271,6.0,120.0,1800.0,-0.4990970139693269,300.0,1.0,0.0,1.0,0.0,17619
45.0,-0.4990970139693267,60.0,75.0,3.0,-0.4990970139693271,6.0,120.0,1800.0,-0.4990970139693269,300.0,0.0,0.0,1.0,0.0,16476
45.0,-0.4990970139693267,60.0,75.0,3.0,-0.4990970139693271,6.0,120.0,1800.0,-0.4990970139693269,300.0,1.0,0.0,1.0,0.0,17508
45.0,-0.4990970139693267,60.0,75.0,3.0,-0.4990970139693271,6.0,120.0,1800.0,-0.4990970139693269,300.0,0.0,0.0,1.0,0.0,17169
45.0,-0.4990970139693267,60.0,75.0,3.0,-0.4990970139693271,6.0,120.0,1800.0,-0.4990970139693269,270.0,1.0,0.0,0.0,0.0,17169
45.0,-0.4990970139693267,60.0,75.0,3.0,-0.4990970139693271,6.0,120.0,1800.0,-0.4990970139693269,300.0,1.0,0.0,1.0,0.0,17169
45.0,-0.4990970139693267,60.0,75.0,3.0,-0.4990970139693271,6.0,120.0,1800.0,-0.4990970139693269,300.0,0.0,0.0,1.0,0.0,17508
45.0,-0.4990970139693267,60.0,75.0,3.0,-0.4990970139693271,6.0,120.0,1800.0,-0.4990970139693269,300.0,1.0,0.0,1.0,0.0,17748
45.0,-0.4990970139693267,60.0,75.0,3.0,-0.4990970139693271,6.0,120.0,1800.0,-0.4990970139693269,240.0,0.0,0.0,0.0,1.0,17169
45.0,-0.4990970139693267,60.0,75.0,3.0,-0.4990970139693271,6.0,120.0,1800.0,-0.4990970139693269,240.0,1.0,0.0,0.0,1.0,17724
45.0,-0.4990970139693267,60.0,75.0,3.0,-0.4990970139693271,6.0,120.0,1800.0,-0.4990970139693269,240.0,0.0,0.0,0.0,1.0,16230
45.0,-0.4990970139693267,60.0,75.0,3.0,-0.4990970139693271,6.0,120.0,1800.0,-0.4990970139693269,300.0,0.0,0.0,1.0,0.0,17589
45.0,-0.4990970139693267,60.0,75.0,3.0,-0.4990970139693271,6.0,120.0,1800.0,-0.4990970139693269,240.0,1.0,0.0,0.0,1.0,16836
45.0,-0.4990970139693267,60.0,75.0,3.0,-0.4990970139693271,6.0,120.0,1800.0,-0.4990970139693269,270.0,0.0,0.0,0.0,0.0,17508
45.0,-0.4990970139693267,60.0,75.0,3.0,-0.4990970139693271,6.0,120.0,1800.0,-0.4990970139693269,240.0,1.0,0.0,0.0,1.0,17508
45.0,-0.4990970139693267,60.0,75.0,3.0,-0.4990970139693271,6.0,120.0,1800.0,-0.4990970139693269,240.0,0.0,0.0,0.0,1.0,17508
45.0,-0.4990970139693267,60.0,75.0,3.0,-0.4990970139693271,6.0,120.0,1800.0,-0.4990970139693269,270.0,1.0,0.0,0.0,0.0,17748
45.0,-0.4990970139693267,60.0,75.0,3.0,-0.4990970139693271,6.0,120.0,1800.0,-0.4990970139693269,300.0,0.0,0.0,1.0,0.0,16359
45.0,-0.4990970139693267,60.0,75.0,3.0,-0.4990970139693271,6.0,120.0,1800.0,-0.4990970139693269,240.0,1.0,0.0,0.0,1.0,17649
45.0,-0.4990970139693267,60.0,75.0,3.0,-0.4990970139693271,6.0,120.0,1800.0,-0.4990970139693269,270.0,1.0,0.0,0.0,0.0,17169
45.0,-0.4990970139693267,60.0,75.0,3.0,-0.4990970139693271,6.0,120.0,1800.0,-0.4990970139693269,300.0,1.0,0.0,1.0,0.0,17508
45.0,-0.4990970139693267,60.0,75.0,3.0,-0.4990970139693271,6.0,120.0,1800.0,-0.4990970139693269,240.0,1.0,0.0,0.0,1.0,17619
45.0,-0.4990970139693267,60.0,75.0,3.0,-0.4990970139693271,6.0,120.0,1800.0,-0.4990970139693269,270.0,0.0,0.0,0.0,0.0,17619
45.0,-0.4990970139693267,60.0,75.0,3.0,-0.4990970139693271,6.0,120.0,1800.0,-0.4990970139693269,240.0,1.0,0.0,0.0,1.0,16581
45.0,-0.4990970139693267,60.0,75.0,3.0,-0.4990970139693271,6.0,120.0,1800.0,-0.4990970139693269,300.0,1.0,0.0,1.0,0.0,16389
45.0,-0.4990970139693267,60.0,75.0,3.0,-0.4990970139693271,6.0,120.0,1800.0,-0.4990970139693269,270.0,0.0,0.0,0.0,0.0,17748
45.0,-0.4990970139693267,60.0,75.0,3.0,-0.4990970139693271,6.0,120.0,1800.0,-0.4990970139693269,300.0,1.0,0.0,1.0,0.0,16476
45.0,-0.4990970139693267,60.0,75.0,3.0,-0.4990970139693271,6.0,120.0,1800.0,-0.4990970139693269,240.0,1.0,0.0,0.0,1.0,17565
45.0,-0.4990970139693267,60.0,75.0,3.0,-0.4990970139693271,6.0,120.0,1800.0,-0.4990970139693269,270.0,0.0,0.0,0.0,0.0,17508
45.0,-0.4990970139693267,60.0,75.0,3.0,-0.4990970139693271,6.0,120.0,1800.0,-0.4990970139693269,300.0,1.0,0.0,1.0,0.0,17169
45.0,-0.4990970139693267,60.0,75.0,3.0,-0.4990970139693271,6.0,120.0,1800.0,-0.4990970139693269,240.0,1.0,0.0,0.0,1.0,17748
45.0,-0.4990970139693267,60.0,75.0,3.0,-0.4990970139693271,6.0,120.0,1800.0,-0.4990970139693269,270.0,1.0,0.0,0.0,0.0,17619
45.0,-0.4990970139693267,60.0,75.0,3.0,-0.4990970139693271,6.0,120.0,1800.0,-0.4990970139693269,240.0,0.0,0.0,0.0,1.0,17169
45.0,-0.4990970139693267,60.0,75.0,3.0,-0.4990970139693271,6.0,120.0,1800.0,-0.4990970139693269,300.0,1.0,0.0,1.0,0.0,17508
45.0,-0.4990970139693267,60.0,75.0,3.0,-0.4990970139693271,6.0,120.0,1800.0,-0.4990970139693269,270.0,1.0,0.0,0.0,0.0,17748
45.0,-0.4990970139693267,60.0,75.0,3.0,-0.4990970139693271,6.0,120.0,1800.0,-0.4990970139693269,300.0,0.0,0.0,1.0,0.0,17169
45.0,-0.4990970139693267,60.0,75.0,3.0,-0.4990970139693271,6.0,120.0,1800.0,-0.4990970139693269,240.0,0.0,0.0,0.0,1.0,17724
45.0,-0.4990970139693267,60.0,75.0,3.0,-0.4990970139693271,6.0,120.0,1800.0,-0.4990970139693269,270.0,0.0,0.0,0.0,0.0,17589
45.0,-0.4990970139693267,60.0,75.0,3.0,-0.4990970139693271,6.0,120.0,1800.0,-0.4990970139693269,300.0,0.0,0.0,1.0,0.0,17508
45.0,-0.4990970139693267,60.0,75.0,3.0,-0.4990970139693271,6.0,120.0,1800.0,-0.4990970139693269,240.0,0.0,0.0,0.0,1.0,17169
45.0,-0.4990970139693267,60.0,75.0,3.0,-0.4990970139693271,6.0,120.0,1800.0,-0.4990970139693269,270.0,0.0,0.0,0.0,0.0,17508
45.0,-0.4990970139693267,60.0,75.0,3.0,-0.4990970139693271,6.0,120.0,1800.0,-0.4990970139693269,240.0,0.0,0.0,0.0,1.0,17619
45.0,-0.4990970139693267,60.0,75.0,3.0,-0.4990970139693271,6.0,120.0,1800.0,-0.4990970139693269,300.0,1.0,0.0,1.0,0.0,16389
45.0,-0.4990970139693267,60.0,75.0,3.0,-0.4990970139693271,6.0,120.0,1800.0,-0.4990970139693269,300.0,1.0,0.0,1.0,0.0,17748
45.0,-0.4990970139693267,60.0,75.0,3.0,-0.4990970139693271,6.0,120.0,1800.0,-0.4990970139693269,300.0,1.0,0.0,1.0,0.0,16359
45.0,-0.4990970139693267,60.0,75.0,3.0,-0.4990970139693271,6.0,120.0,1800.0,-0.4990970139693269,300.0,1.0,0.0,1.0,0.0,17649
45.0,-0.4990970139693267,60.0,75.0,3.0,-0.4990970139693271,6.0,120.0,1800.0,-0.4990970139693269,270.0,1.0,0.0,0.0,0.0,17169
45.0,-0.4990970139693267,60.0,75.0,3.0,-0.4990970139693271,6.0,120.0,1800.0,-0.4990970139693269,300.0,1.0,0.0,1.0,0.0,17508
45.0,-0.4990970139693267,60.0,75.0,3.0,-0.4990970139693271,6.0,120.0,1800.0,-0.4990970139693269,300.0,1.0,0.0,1.0,0.0,17619
45.0,-0.4990970139693267,60.0,75.0,3.0,-0.4990970139693271,6.0,120.0,1800.0,-0.4990970139693269,300.0,1.0,0.0,1.0,0.0,16581
45.0,-0.4990970139693267,60.0,75.0,3.0,-0.4990970139693271,6.0,120.0,1800.0,-0.4990970139693269,240.0,0.0,0.0,0.0,1.0,17619
45.0,-0.4990970139693267,60.0,75.0,3.0,-0.4990970139693271,6.0,120.0,1800.0,-0.4990970139693269,240.0,0.0,0.0,0.0,1.0,16476
45.0,-0.4990970139693267,60.0,75.0,3.0,-0.4990970139693271,6.0,120.0,1800.0,-0.4990970139693269,240.0,0.0,0.0,0.0,1.0,17508
45.0,-0.4990970139693267,60.0,75.0,3.0,-0.4990970139693271,6.0,120.0,1800.0,-0.4990970139693269,300.0,0.0,0.0,1.0,0.0,17169
45.0,-0.4990970139693267,60.0,75.0,3.0,-0.4990970139693271,6.0,120.0,1800.0,-0.4990970139693269,240.0,1.0,0.0,0.0,1.0,17169
45.0,-0.4990970139693267,60.0,75.0,3.0,-0.4990970139693271,6.0,120.0,1800.0,-0.4990970139693269,270.0,0.0,0.0,0.0,0.0,17748
45.0,-0.4990970139693267,60.0,75.0,3.0,-0.4990970139693271,6.0,120.0,1800.0,-0.4990970139693269,240.0,0.0,0.0,0.0,1.0,17619
45.0,-0.4990970139693267,60.0,75.0,3.0,-0.4990970139693271,6.0,120.0,1800.0,-0.4990970139693269,240.0,0.0,0.0,0.0,1.0,17169
45.0,-0.4990970139693267,60.0,75.0,3.0,-0.4990970139693271,6.0,120.0,1800.0,-0.4990970139693269,270.0,1.0,0.0,0.0,0.0,17508
45.0,-0.4990970139693267,60.0,75.0,3.0,-0.4990970139693271,6.0,120.0,1800.0,-0.4990970139693269,300.0,1.0,0.0,1.0,0.0,17169
45.0,-0.4990970139693267,60.0,75.0,3.0,-0.4990970139693271,6.0,120.0,1800.0,-0.4990970139693269,240.0,1.0,0.0,0.0,1.0,17589
45.0,-0.4990970139693267,60.0,75.0,3.0,-0.4990970139693271,6.0,120.0,1800.0,-0.4990970139693269,270.0,1.0,0.0,0.0,0.0,16836
45.0,-0.4990970139693267,60.0,75.0,3.0,-0.4990970139693271,6.0,120.0,1800.0,-0.4990970139693269,300.0,1.0,0.0,1.0,0.0,17508
45.0,-0.4990970139693267,60.0,75.0,3.0,-0.4990970139693271,6.0,120.0,1800.0,-0.4990970139693269,240.0,1.0,0.0,0.0,1.0,17508
45.0,-0.4990970139693267,60.0,75.0,3.0,-0.4990970139693271,6.0,120.0,1800.0,-0.4990970139693269,270.0,1.0,0.0,0.0,0.0,17169
45.0,-0.4990970139693267,60.0,75.0,3.0,-0.4990970139693271,6.0,120.0,1800.0,-0.4990970139693269,240.0,0.0,0.0,0.0,1.0,17508
45.0,-0.4990970139693267,60.0,75.0,3.0,-0.4990970139693271,6.0,120.0,1800.0,-0.4990970139693269,300.0,1.0,0.0,1.0,0.0,17619
45.0,-0.4990970139693267,60.0,75.0,3.0,-0.4990970139693271,6.0,120.0,1800.0,-0.4990970139693269,270.0,0.0,0.0,0.0,0.0,16389
45.0,-0.4990970139693267,60.0,75.0,3.0,-0.4990970139693271,6.0,120.0,1800.0,-0.4990970139693269,300.0,1.0,0.0,1.0,0.0,17748
45.0,-0.4990970139693267,60.0,75.0,3.0,-0.4990970139693271,6.0,120.0,1800.0,-0.4990970139693269,240.0,0.0,0.0,0.0,1.0,16359
45.0,-0.4990970139693267,60.0,75.0,3.0,-0.4990970139693271,6.0,120.0,1800.0,-0.4990970139693269,270.0,0.0,0.0,0.0,0.0,17169
45.0,-0.4990970139693267,60.0,75.0,3.0,-0.4990970139693271,6.0,120.0,1800.0,-0.4990970139693269,300.0,1.0,0.0,1.0,0.0,17619
45.0,-0.4990970139693267,60.0,75.0,3.0,-0.4990970139693271,6.0,120.0,1800.0,-0.4990970139693269,240.0,0.0,0.0,0.0,1.0,16581
45.0,-0.4990970139693267,60.0,75.0,3.0,-0.4990970139693271,6.0,120.0,1800.0,-0.4990970139693269,270.0,1.0,0.0,0.0,0.0,16389
45.0,-0.4990970139693267,60.0,75.0,3.0,-0.4990970139693271,6.0,120.0,1800.0,-0.4990970139693269,240.0,0.0,0.0,0.0,1.0,17748
45.0,-0.4990970139693267,60.0,75.0,3.0,-0.4990970139693271,6.0,120.0,1800.0,-0.4990970139693269,300.0,1.0,0.0,1.0,0.0,17649
45.0,-0.4990970139693267,60.0,75.0,3.0,-0.4990970139693271,6.0,120.0,1800.0,-0.4990970139693269,270.0,0.0,0.0,0.0,0.0,16476
45.0,-0.4990970139693267,60.0,75.0,3.0,-0.4990970139693271,6.0,120.0,1800.0,-0.4990970139693269,300.0,1.0,0.0,1.0,0.0,17169
45.0,-0.4990970139693267,60.0,75.0,3.0,-0.4990970139693271,6.0,120.0,1800.0,-0.4990970139693269,240.0,1.0,0.0,0.0,1.0,17508
45.0,-0.4990970139693267,60.0,75.0,3.0,-0.4990970139693271,6.0,120.0,1800.0,-0.4990970139693269,270.0,0.0,0.0,0.0,0.0,17565
45.0,-0.4990970139693267,60.0,75.0,3.0,-0.4990970139693271,6.0,120.0,1800.0,-0.4990970139693269,300.0,1.0,0.0,1.0,0.0,17508
45.0,-0.4990970139693267,60.0,75.0,3.0,-0.4990970139693271,6.0,120.0,1800.0,-0.4990970139693269,240.0,1.0,1.0,0.0,1.0,17748
45.0,-0.4990970139693267,60.0,75.0,3.0,-0.4990970139693271,6.0,120.0,1800.0,-0.4990970139693269,270.0,0.0,1.0,0.0,0.0,17508
45.0,-0.4990970139693267,60.0,75.0,3.0,-0.4990970139693271,6.0,120.0,1800.0,-0.4990970139693269,240.0,1.0,1.0,0.0,1.0,17748
45.0,-0.4990970139693267,60.0,75.0,3.0,-0.4990970139693271,6.0,120.0,1800.0,-0.4990970139693269,300.0,1.0,1.0,1.0,0.0,17169
45.0,-0.4990970139693267,60.0,75.0,3.0,-0.4990970139693271,6.0,120.0,1800.0,-0.4990970139693269,300.0,1.0,1.0,1.0,0.0,17724
45.0,-0.4990970139693267,60.0,75.0,3.0,-0.4990970139693271,6.0,120.0,1800.0,-0.4990970139693269,300.0,1.0,1.0,1.0,0.0,16230
45.0,-0.4990970139693267,60.0,75.0,3.0,-0.4990970139693271,6.0,120.0,1800.0,-0.4990970139693269,300.0,0.0,1.0,1.0,0.0,17589
45.0,-0.4990970139693267,60.0,75.0,3.0,-0.4990970139693271,6.0,120.0,1800.0,-0.4990970139693269,270.0,1.0,1.0,0.0,0.0,16836
45.0,-0.4990970139693267,60.0,75.0,3.0,-0.4990970139693271,6.0,120.0,1800.0,-0.4990970139693269,300.0,0.0,1.0,1.0,0.0,17508
45.0,-0.4990970139693267,60.0,75.0,3.0,-0.4990970139693271,6.0,120.0,1800.0,-0.4990970139693269,300.0,1.0,1.0,1.0,0.0,17508
45.0,-0.4990970139693267,60.0,75.0,3.0,-0.4990970139693271,6.0,120.0,1800.0,-0.4990970139693269,300.0,1.0,1.0,1.0,0.0,17169
45.0,-0.4990970139693267,60.0,75.0,3.0,-0.4990970139693271,6.0,120.0,1800.0,-0.4990970139693269,240.0,0.0,1.0,0.0,1.0,17619
45.0,-0.4990970139693267,60.0,75.0,3.0,-0.4990970139693271,6.0,120.0,1800.0,-0.4990970139693269,240.0,1.0,1.0,0.0,1.0,16359
45.0,-0.4990970139693267,60.0,75.0,3.0,-0.4990970139693271,6.0,120.0,1800.0,-0.4990970139693269,240.0,0.0,1.0,0.0,1.0,17649
45.0,-0.4990970139693267,60.0,75.0,3.0,-0.4990970139693271,6.0,120.0,1800.0,-0.4990970139693269,300.0,0.0,1.0,1.0,0.0,17169
45.0,-0.4990970139693267,60.0,75.0,3.0,-0.4990970139693271,6.0,120.0,1800.0,-0.4990970139693269,240.0,1.0,1.0,0.0,1.0,17508
45.0,-0.4990970139693267,60.0,75.0,3.0,-0.4990970139693271,6.0,120.0,1800.0,-0.4990970139693269,270.0,0.0,1.0,0.0,0.0,17619
45.0,-0.4990970139693267,60.0,75.0,3.0,-0.4990970139693271,6.0,120.0,1800.0,-0.4990970139693269,240.0,0.0,1.0,0.0,1.0,17619
45.0,-0.4990970139693267,60.0,75.0,3.0,-0.4990970139693271,6.0,120.0,1800.0,-0.4990970139693269,240.0,0.0,1.0,0.0,1.0,16260
45.0,-0.4990970139693267,60.0,75.0,3.0,-0.4990970139693271,6.0,120.0,1800.0,-0.4990970139693269,270.0,0.0,1.0,0.0,0.0,17040
45.0,-0.4990970139693267,60.0,75.0,3.0,-0.4990970139693271,6.0,120.0,1800.0,-0.4990970139693269,300.0,1.0,1.0,1.0,0.0,16581
45.0,-0.4990970139693267,60.0,75.0,3.0,-0.4990970139693271,6.0,120.0,1800.0,-0.4990970139693269,240.0,0.0,1.0,0.0,1.0,17619
45.0,-0.4990970139693267,60.0,75.0,3.0,-0.4990970139693271,6.0,120.0,1800.0,-0.4990970139693269,270.0,1.0,1.0,0.0,0.0,17508
45.0,-0.4990970139693267,60.0,75.0,3.0,-0.4990970139693271,6.0,120.0,1800.0,-0.4990970139693269,300.0,1.0,0.0,1.0,0.0,17169
45.0,-0.4990970139693267,60.0,75.0,3.0,-0.4990970139693271,6.0,120.0,1800.0,-0.4990970139693269,240.0,0.0,0.0,0.0,1.0,17748
45.0,-0.4990970139693267,60.0,75.0,3.0,-0.4990970139693271,6.0,120.0,1800.0,-0.4990970139693269,270.0,1.0,0.0,0.0,0.0,17619
45.0,-0.4990970139693267,60.0,75.0,3.0,-0.4990970139693271,6.0,120.0,1800.0,-0.4990970139693269,240.0,1.0,0.0,0.0,1.0,17169
45.0,-0.4990970139693267,60.0,75.0,3.0,-0.4990970139693271,6.0,120.0,1800.0,-0.4990970139693269,300.0,1.0,0.0,1.0,0.0,17508
45.0,-0.4990970139693267,60.0,75.0,3.0,-0.4990970139693271,6.0,120.0,1800.0,-0.4990970139693269,270.0,0.0,0.0,0.0,0.0,17748
45.0,-0.4990970139693267,60.0,75.0,3.0,-0.4990970139693271,6.0,120.0,1800.0,-0.4990970139693269,300.0,0.0,0.0,1.0,0.0,17169
45.0,-0.4990970139693267,60.0,75.0,3.0,-0.4990970139693271,6.0,120.0,1800.0,-0.4990970139693269,240.0,0.0,0.0,0.0,1.0,17724
45.0,-0.4990970139693267,60.0,75.0,3.0,-0.4990970139693271,6.0,120.0,1800.0,-0.4990970139693269,270.0,1.0,0.0,0.0,0.0,16230
45.0,-0.4990970139693267,60.0,75.0,3.0,-0.4990970139693271,6.0,120.0,1800.0,-0.4990970139693269,300.0,0.0,0.0,1.0,0.0,17589
45.0,-0.4990970139693267,60.0,75.0,3.0,-0.4990970139693271,6.0,120.0,1800.0,-0.4990970139693269,240.0,1.0,0.0,0.0,1.0,17508
45.0,-0.4990970139693267,60.0,75.0,3.0,-0.4990970139693271,6.0,120.0,1800.0,-0.4990970139693269,270.0,0.0,0.0,0.0,0.0,17508
45.0,-0.4990970139693267,60.0,75.0,3.0,-0.4990970139693271,6.0,120.0,1800.0,-0.4990970139693269,240.0,0.0,0.0,0.0,1.0,17619
45.0,-0.4990970139693267,60.0,75.0,3.0,-0.4990970139693271,6.0,120.0,1800.0,-0.4990970139693269,300.0,1.0,0.0,1.0,0.0,16389
45.0,-0.4990970139693267,60.0,75.0,3.0,-0.4990970139693271,6.0,120.0,1800.0,-0.4990970139693269,270.0,1.0,0.0,0.0,0.0,17748
45.0,-0.4990970139693267,60.0,75.0,3.0,-0.4990970139693271,6.0,120.0,1800.0,-0.4990970139693269,300.0,0.0,0.0,1.0,0.0,16359
45.0,-0.4990970139693267,60.0,75.0,3.0,-0.4990970139693271,6.0,120.0,1800.0,-0.4990970139693269,240.0,1.0,0.0,0.0,1.0,17649
45.0,-0.4990970139693267,60.0,75.0,3.0,-0.4990970139693271,6.0,120.0,1800.0,-0.4990970139693269,270.0,0.0,0.0,0.0,0.0,17169
45.0,-0.4990970139693267,60.0,75.0,3.0,-0.4990970139693271,6.0,120.0,1800.0,-0.4990970139693269,300.0,1.0,1.0,1.0,0.0,17508
45.0,-0.4990970139693267,60.0,75.0,3.0,-0.4990970139693271,6.0,120.0,1800.0,-0.4990970139693269,240.0,1.0,1.0,0.0,1.0,17619
45.0,-0.4990970139693267,60.0,75.0,3.0,-0.4990970139693271,6.0,120.0,1800.0,-0.4990970139693269,270.0,0.0,1.0,0.0,0.0,17619
45.0,-0.4990970139693267,60.0,75.0,3.0,-0.4990970139693271,6.0,120.0,1800.0,-0.4990970139693269,240.0,1.0,1.0,0.0,1.0,16389
45.0,-0.4990970139693267,60.0,75.0,3.0,-0.4990970139693271,6.0,120.0,1800.0,-0.4990970139693269,300.0,0.0,1.0,1.0,0.0,16476
45.0,-0.4990970139693267,60.0,75.0,3.0,-0.4990970139693271,6.0,120.0,1800.0,-0.4990970139693269,300.0,1.0,1.0,1.0,0.0,17169
45.0,-0.4990970139693267,60.0,75.0,3.0,-0.4990970139693271,6.0,120.0,1800.0,-0.4990970139693269,300.0,0.0,1.0,1.0,0.0,17508
45.0,-0.4990970139693267,60.0,75.0,3.0,-0.4990970139693271,6.0,120.0,1800.0,-0.4990970139693269,300.0,0.0,1.0,1.0,0.0,17565
45.0,-0.4990970139693267,60.0,75.0,3.0,-0.4990970139693271,6.0,120.0,1800.0,-0.4990970139693269,270.0,1.0,1.0,0.0,0.0,17508
45.0,-0.4990970139693267,60.0,75.0,3.0,-0.4990970139693271,6.0,120.0,1800.0,-0.4990970139693269,300.0,0.0,1.0,1.0,0.0,17169
45.0,-0.4990970139693267,60.0,75.0,3.0,-0.4990970139693271,6.0,120.0,1800.0,-0.4990970139693269,300.0,1.0,1.0,1.0,0.0,17748
45.0,-0.4990970139693267,60.0,75.0,3.0,-0.4990970139693271,6.0,120.0,1800.0,-0.4990970139693269,300.0,0.0,1.0,1.0,0.0,17619
45.0,-0.4990970139693267,60.0,75.0,3.0,-0.4990970139693271,6.0,120.0,1800.0,-0.4990970139693269,240.0,1.0,1.0,0.0,1.0,17169
45.0,-0.4990970139693267,60.0,75.0,3.0,-0.4990970139693271,6.0,120.0,1800.0,-0.4990970139693269,240.0,0.0,1.0,0.0,1.0,17508
45.0,-0.4990970139693267,60.0,75.0,3.0,-0.4990970139693271,6.0,120.0,1800.0,-0.4990970139693269,240.0,1.0,1.0,0.0,1.0,17169
45.0,-0.4990970139693267,60.0,75.0,3.0,-0.4990970139693271,6.0,120.0,1800.0,-0.4990970139693269,300.0,1.0,1.0,1.0,0.0,17589
45.0,-0.4990970139693267,60.0,75.0,3.0,-0.4990970139693271,6.0,120.0,1800.0,-0.4990970139693269,240.0,1.0,1.0,0.0,1.0,16836
45.0,-0.4990970139693267,60.0,75.0,3.0,-0.4990970139693271,6.0,120.0,1800.0,-0.4990970139693269,270.0,1.0,1.0,0.0,0.0,17508
30.0,-1.1947399784673045,40.0,50.0,2.0,-1.1947399784673045,4.0,80.0,1200.0,-1.1947399784673045,160.0,0.0,1.0,0.0,1.0,11672
30.0,-1.1947399784673045,40.0,50.0,2.0,-1.1947399784673045,4.0,80.0,1200.0,-1.1947399784673045,160.0,1.0,1.0,0.0,1.0,11446
30.0,-1.1947399784673045,40.0,50.0,2.0,-1.1947399784673045,4.0,80.0,1200.0,-1.1947399784673045,180.0,1.0,1.0,0.0,0.0,11672
30.0,-1.1947399784673045,40.0,50.0,2.0,-1.1947399784673045,4.0,80.0,1200.0,-1.1947399784673045,200.0,0.0,1.0,1.0,0.0,11746
30.0,-1.1947399784673045,40.0,50.0,2.0,-1.1947399784673045,4.0,80.0,1200.0,-1.1947399784673045,160.0,1.0,1.0,0.0,1.0,10926
30.0,-1.1947399784673045,40.0,50.0,2.0,-1.1947399784673045,4.0,80.0,1200.0,-1.1947399784673045,180.0,1.0,1.0,0.0,0.0,11832
30.0,-1.1947399784673045,40.0,50.0,2.0,-1.1947399784673045,4.0,80.0,1200.0,-1.1947399784673045,200.0,0.0,1.0,1.0,0.0,10906
30.0,-1.1947399784673045,40.0,50.0,2.0,-1.1947399784673045,4.0,80.0,1200.0,-1.1947399784673045,160.0,1.0,1.0,0.0,1.0,11446
30.0,-1.1947399784673045,40.0,50.0,2.0,-1.1947399784673045,4.0,80.0,1200.0,-1.1947399784673045,180.0,1.0,1.0,0.0,0.0,11746
30.0,-1.1947399784673045,40.0,50.0,2.0,-1.1947399784673045,4.0,80.0,1200.0,-1.1947399784673045,160.0,1.0,1.0,0.0,1.0,10840
30.0,-1.1947399784673045,40.0,50.0,2.0,-1.1947399784673045,4.0,80.0,1200.0,-1.1947399784673045,200.0,0.0,1.0,1.0,0.0,11360
30.0,-1.1947399784673045,40.0,50.0,2.0,-1.1947399784673045,4.0,80.0,1200.0,-1.1947399784673045,180.0,1.0,1.0,0.0,0.0,11054
30.0,-1.1947399784673045,40.0,50.0,2.0,-1.1947399784673045,4.0,80.0,1200.0,-1.1947399784673045,200.0,1.0,1.0,1.0,0.0,11746
30.0,-1.1947399784673045,40.0,50.0,2.0,-1.1947399784673045,4.0,80.0,1200.0,-1.1947399784673045,160.0,0.0,1.0,0.0,1.0,10984
30.0,-1.1947399784673045,40.0,50.0,2.0,-1.1947399784673045,4.0,80.0,1200.0,-1.1947399784673045,180.0,0.0,0.0,0.0,0.0,11672
30.0,-1.1947399784673045,40.0,50.0,2.0,-1.1947399784673045,4.0,80.0,1200.0,-1.1947399784673045,200.0,0.0,0.0,1.0,0.0,11446
30.0,-1.1947399784673045,40.0,50.0,2.0,-1.1947399784673045,4.0,80.0,1200.0,-1.1947399784673045,160.0,0.0,0.0,0.0,1.0,11446
30.0,-1.1947399784673045,40.0,50.0,2.0,-1.1947399784673045,4.0,80.0,1200.0,-1.1947399784673045,180.0,0.0,0.0,0.0,0.0,11832
30.0,-1.1947399784673045,40.0,50.0,2.0,-1.1947399784673045,4.0,80.0,1200.0,-1.1947399784673045,160.0,0.0,0.0,0.0,1.0,11446
30.0,-1.1947399784673045,40.0,50.0,2.0,-1.1947399784673045,4.0,80.0,1200.0,-1.1947399784673045,200.0,0.0,0.0,1.0,0.0,11446
30.0,-1.1947399784673045,40.0,50.0,2.0,-1.1947399784673045,4.0,80.0,1200.0,-1.1947399784673045,180.0,1.0,0.0,0.0,0.0,11816
30.0,-1.1947399784673045,40.0,50.0,2.0,-1.1947399784673045,4.0,80.0,1200.0,-1.1947399784673045,200.0,1.0,0.0,1.0,0.0,10820
30.0,-1.1947399784673045,40.0,50.0,2.0,-1.1947399784673045,4.0,80.0,1200.0,-1.1947399784673045,160.0,1.0,0.0,0.0,1.0,11726
30.0,-1.1947399784673045,40.0,50.0,2.0,-1.1947399784673045,4.0,80.0,1200.0,-1.1947399784673045,180.0,1.0,0.0,0.0,0.0,11224
30.0,-1.1947399784673045,40.0,50.0,2.0,-1.1947399784673045,4.0,80.0,1200.0,-1.1947399784673045,200.0,1.0,0.0,1.0,0.0,11672
30.0,-1.1947399784673045,40.0,50.0,2.0,-1.1947399784673045,4.0,80.0,1200.0,-1.1947399784673045,160.0,1.0,0.0,0.0,1.0,11672
30.0,-1.1947399784673045,40.0,50.0,2.0,-1.1947399784673045,4.0,80.0,1200.0,-1.1947399784673045,180.0,1.0,0.0,0.0,0.0,11446
30.0,-1.1947399784673045,40.0,50.0,2.0,-1.1947399784673045,4.0,80.0,1200.0,-1.1947399784673045,160.0,1.0,0.0,0.0,1.0,11672
30.0,-1.1947399784673045,40.0,50.0,2.0,-1.1947399784673045,4.0,80.0,1200.0,-1.1947399784673045,200.0,0.0,0.0,1.0,0.0,11746
30.0,-1.1947399784673045,40.0,50.0,2.0,-1.1947399784673045,4.0,80.0,1200.0,-1.1947399784673045,200.0,0.0,0.0,1.0,0.0,11832
30.0,-1.1947399784673045,40.0,50.0,2.0,-1.1947399784673045,4.0,80.0,1200.0,-1.1947399784673045,200.0,0.0,0.0,1.0,0.0,11446
30.0,-1.1947399784673045,40.0,50.0,2.0,-1.1947399784673045,4.0,80.0,1200.0,-1.1947399784673045,200.0,0.0,0.0,1.0,0.0,11672
30.0,-1.1947399784673045,40.0,50.0,2.0,-1.1947399784673045,4.0,80.0,1200.0,-1.1947399784673045,180.0,0.0,0.0,0.0,0.0,11746
30.0,-1.1947399784673045,40.0,50.0,2.0,-1.1947399784673045,4.0,80.0,1200.0,-1.1947399784673045,200.0,0.0,0.0,1.0,0.0,11746
30.0,-1.1947399784673045,40.0,50.0,2.0,-1.1947399784673045,4.0,80.0,1200.0,-1.1947399784673045,200.0,0.0,0.0,1.0,0.0,11054
30.0,-1.1947399784673045,40.0,50.0,2.0,-1.1947399784673045,4.0,80.0,1200.0,-1.1947399784673045,200.0,0.0,0.0,1.0,0.0,10926
30.0,-1.1947399784673045,40.0,50.0,2.0,-1.1947399784673045,4.0,80.0,1200.0,-1.1947399784673045,160.0,1.0,0.0,0.0,1.0,11832
30.0,-1.1947399784673045,40.0,50.0,2.0,-1.1947399784673045,4.0,80.0,1200.0,-1.1947399784673045,160.0,1.0,1.0,0.0,1.0,11766
30.0,-1.1947399784673045,40.0,50.0,2.0,-1.1947399784673045,4.0,80.0,1200.0,-1.1947399784673045,160.0,1.0,1.0,0.0,1.0,10984
30.0,-1.1947399784673045,40.0,50.0,2.0,-1.1947399784673045,4.0,80.0,1200.0,-1.1947399784673045,200.0,1.0,1.0,1.0,0.0,11446
30.0,-1.1947399784673045,40.0,50.0,2.0,-1.1947399784673045,4.0,80.0,1200.0,-1.1947399784673045,160.0,1.0,1.0,0.0,1.0,11710
30.0,-1.1947399784673045,40.0,50.0,2.0,-1.1947399784673045,4.0,80.0,1200.0,-1.1947399784673045,180.0,1.0,1.0,0.0,0.0,11832
30.0,-1.1947399784673045,40.0,50.0,2.0,-1.1947399784673045,4.0,80.0,1200.0,-1.1947399784673045,160.0,1.0,1.0,0.0,1.0,11746
30.0,-1.1947399784673045,40.0,50.0,2.0,-1.1947399784673045,4.0,80.0,1200.0,-1.1947399784673045,160.0,0.0,1.0,0.0,1.0,11446
30.0,-1.1947399784673045,40.0,50.0,2.0,-1.1947399784673045,4.0,80.0,1200.0,-1.1947399784673045,180.0,1.0,1.0,0.0,0.0,11672
30.0,-1.1947399784673045,40.0,50.0,2.0,-1.1947399784673045,4.0,80.0,1200.0,-1.1947399784673045,200.0,0.0,1.0,1.0,0.0,11832
30.0,-1.1947399784673045,40.0,50.0,2.0,-1.1947399784673045,4.0,80.0,1200.0,-1.1947399784673045,160.0,1.0,1.0,0.0,1.0,11446
30.0,-1.1947399784673045,40.0,50.0,2.0,-1.1947399784673045,4.0,80.0,1200.0,-1.1947399784673045,180.0,0.0,1.0,0.0,0.0,11816
30.0,-1.1947399784673045,40.0,50.0,2.0,-1.1947399784673045,4.0,80.0,1200.0,-1.1947399784673045,200.0,0.0,0.0,1.0,0.0,10820
30.0,-1.1947399784673045,40.0,50.0,2.0,-1.1947399784673045,4.0,80.0,1200.0,-1.1947399784673045,160.0,1.0,0.0,0.0,1.0,11726
30.0,-1.1947399784673045,40.0,50.0,2.0,-1.1947399784673045,4.0,80.0,1200.0,-1.1947399784673045,180.0,0.0,0.0,0.0,0.0,11224
30.0,-1.1947399784673045,40.0,50.0,2.0,-1.1947399784673045,4.0,80.0,1200.0,-1.1947399784673045,160.0,1.0,0.0,0.0,1.0,11672
30.0,-1.1947399784673045,40.0,50.0,2.0,-1.1947399784673045,4.0,80.0,1200.0,-1.1947399784673045,200.0,0.0,0.0,1.0,0.0,11746
30.0,-1.1947399784673045,40.0,50.0,2.0,-1.1947399784673045,4.0,80.0,1200.0,-1.1947399784673045,180.0,1.0,0.0,0.0,0.0,10926
30.0,-1.1947399784673045,40.0,50.0,2.0,-1.1947399784673045,4.0,80.0,1200.0,-1.1947399784673045,200.0,0.0,0.0,1.0,0.0,11832
30.0,-1.1947399784673045,40.0,50.0,2.0,-1.1947399784673045,4.0,80.0,1200.0,-1.1947399784673045,160.0,1.0,0.0,0.0,1.0,10906
30.0,-1.1947399784673045,40.0,50.0,2.0,-1.1947399784673045,4.0,80.0,1200.0,-1.1947399784673045,180.0,1.0,0.0,0.0,0.0,11766
30.0,-1.1947399784673045,40.0,50.0,2.0,-1.1947399784673045,4.0,80.0,1200.0,-1.1947399784673045,200.0,0.0,0.0,1.0,0.0,11446
30.0,-1.1947399784673045,40.0,50.0,2.0,-1.1947399784673045,4.0,80.0,1200.0,-1.1947399784673045,160.0,1.0,1.0,0.0,1.0,11672
30.0,-1.1947399784673045,40.0,50.0,2.0,-1.1947399784673045,4.0,80.0,1200.0,-1.1947399784673045,180.0,1.0,1.0,0.0,0.0,11676
30.0,-1.1947399784673045,40.0,50.0,2.0,-1.1947399784673045,4.0,80.0,1200.0,-1.1947399784673045,160.0,0.0,1.0,0.0,1.0,11804
30.0,-1.1947399784673045,40.0,50.0,2.0,-1.1947399784673045,4.0,80.0,1200.0,-1.1947399784673045,200.0,1.0,1.0,1.0,0.0,11420
30.0,-1.1947399784673045,40.0,50.0,2.0,-1.1947399784673045,4.0,80.0,1200.0,-1.1947399784673045,180.0,1.0,1.0,0.0,0.0,11672
30.0,-1.1947399784673045,40.0,50.0,2.0,-1.1947399784673045,4.0,80.0,1200.0,-1.1947399784673045,200.0,1.0,1.0,1.0,0.0,11348
30.0,-1.1947399784673045,40.0,50.0,2.0,-1.1947399784673045,4.0,80.0,1200.0,-1.1947399784673045,160.0,1.0,1.0,0.0,1.0,11104
30.0,-1.1947399784673045,40.0,50.0,2.0,-1.1947399784673045,4.0,80.0,1200.0,-1.1947399784673045,180.0,0.0,1.0,0.0,0.0,11054
30.0,-1.1947399784673045,40.0,50.0,2.0,-1.1947399784673045,4.0,80.0,1200.0,-1.1947399784673045,200.0,1.0,1.0,1.0,0.0,11660
30.0,-1.1947399784673045,40.0,50.0,2.0,-1.1947399784673045,4.0,80.0,1200.0,-1.1947399784673045,160.0,0.0,1.0,0.0,1.0,11770
30.0,-1.1947399784673045,40.0,50.0,2.0,-1.1947399784673045,4.0,80.0,1200.0,-1.1947399784673045,180.0,1.0,1.0,0.0,0.0,10820
30.0,-1.1947399784673045,40.0,50.0,2.0,-1.1947399784673045,4.0,80.0,1200.0,-1.1947399784673045,160.0,1.0,1.0,0.0,1.0,11384
30.0,-1.1947399784673045,40.0,50.0,2.0,-1.1947399784673045,4.0,80.0,1200.0,-1.1947399784673045,200.0,0.0,1.0,1.0,0.0,11336
30.0,-1.1947399784673045,40.0,50.0,2.0,-1.1947399784673045,4.0,80.0,1200.0,-1.1947399784673045,200.0,1.0,1.0,1.0,0.0,11532
30.0,-1.1947399784673045,40.0,50.0,2.0,-1.1947399784673045,4.0,80.0,1200.0,-1.1947399784673045,200.0,0.0,1.0,1.0,0.0,11486
30.0,-1.1947399784673045,40.0,50.0,2.0,-1.1947399784673045,4.0,80.0,1200.0,-1.1947399784673045,200.0,0.0,1.0,1.0,0.0,11432
30.0,-1.1947399784673045,40.0,50.0,2.0,-1.1947399784673045,4.0,80.0,1200.0,-1.1947399784673045,180.0,1.0,1.0,0.0,0.0,10926
30.0,-1.1947399784673045,40.0,50.0,2.0,-1.1947399784673045,4.0,80.0,1200.0,-1.1947399784673045,200.0,0.0,1.0,1.0,0.0,10912
30.0,-1.1947399784673045,40.0,50.0,2.0,-1.1947399784673045,4.0,80.0,1200.0,-1.1947399784673045,200.0,0.0,1.0,1.0,0.0,11222
30.0,-1.1947399784673045,40.0,50.0,2.0,-1.1947399784673045,4.0,80.0,1200.0,-1.1947399784673045,200.0,0.0,1.0,1.0,0.0,11462
30.0,-1.1947399784673045,40.0,50.0,2.0,-1.1947399784673045,4.0,80.0,1200.0,-1.1947399784673045,160.0,0.0,1.0,0.0,1.0,11886
30.0,-1.1947399784673045,40.0,50.0,2.0,-1.1947399784673045,4.0,80.0,1200.0,-1.1947399784673045,160.0,1.0,1.0,0.0,1.0,11780
30.0,-1.1947399784673045,40.0,50.0,2.0,-1.1947399784673045,4.0,80.0,1200.0,-1.1947399784673045,160.0,0.0,0.0,0.0,1.0,11572
30.0,-1.1947399784673045,40.0,50.0,2.0,-1.1947399784673045,4.0,80.0,1200.0,-1.1947399784673045,200.0,1.0,0.0,1.0,0.0,11882
30.0,-1.1947399784673045,40.0,50.0,2.0,-1.1947399784673045,4.0,80.0,1200.0,-1.1947399784673045,160.0,1.0,0.0,0.0,1.0,11332
30.0,-1.1947399784673045,40.0,50.0,2.0,-1.1947399784673045,4.0,80.0,1200.0,-1.1947399784673045,180.0,0.0,0.0,0.0,0.0,11832
30.0,-1.1947399784673045,40.0,50.0,2.0,-1.1947399784673045,4.0,80.0,1200.0,-1.1947399784673045,160.0,1.0,0.0,0.0,1.0,11524
30.0,-1.1947399784673045,40.0,50.0,2.0,-1.1947399784673045,4.0,80.0,1200.0,-1.1947399784673045,160.0,1.0,0.0,0.0,1.0,11154
30.0,-1.1947399784673045,40.0,50.0,2.0,-1.1947399784673045,4.0,80.0,1200.0,-1.1947399784673045,180.0,1.0,0.0,0.0,0.0,11268
30.0,-1.1947399784673045,40.0,50.0,2.0,-1.1947399784673045,4.0,80.0,1200.0,-1.1947399784673045,200.0,0.0,0.0,1.0,0.0,11846
30.0,-1.1947399784673045,40.0,50.0,2.0,-1.1947399784673045,4.0,80.0,1200.0,-1.1947399784673045,160.0,0.0,0.0,0.0,1.0,11508
30.0,-1.1947399784673045,40.0,50.0,2.0,-1.1947399784673045,4.0,80.0,1200.0,-1.1947399784673045,180.0,0.0,0.0,0.0,0.0,11710
30.0,-1.1947399784673045,40.0,50.0,2.0,-1.1947399784673045,4.0,80.0,1200.0,-1.1947399784673045,200.0,1.0,0.0,1.0,0.0,11506
30.0,-1.1947399784673045,40.0,50.0,2.0,-1.1947399784673045,4.0,80.0,1200.0,-1.1947399784673045,160.0,0.0,1.0,0.0,1.0,11680
30.0,-1.1947399784673045,40.0,50.0,2.0,-1.1947399784673045,4.0,80.0,1200.0,-1.1947399784673045,180.0,1.0,1.0,0.0,0.0,11254
30.0,-1.1947399784673045,40.0,50.0,2.0,-1.1947399784673045,4.0,80.0,1200.0,-1.1947399784673045,160.0,0.0,1.0,0.0,1.0,11808
30.0,-1.1947399784673045,40.0,50.0,2.0,-1.1947399784673045,4.0,80.0,1200.0,-1.1947399784673045,200.0,0.0,1.0,1.0,0.0,11712
30.0,-1.1947399784673045,40.0,50.0,2.0,-1.1947399784673045,4.0,80.0,1200.0,-1.1947399784673045,180.0,1.0,1.0,0.0,0.0,11284
30.0,-1.1947399784673045,40.0,50.0,2.0,-1.1947399784673045,4.0,80.0,1200.0,-1.1947399784673045,200.0,1.0,1.0,1.0,0.0,12000
30.0,-1.1947399784673045,40.0,50.0,2.0,-1.1947399784673045,4.0,80.0,1200.0,-1.1947399784673045,160.0,0.0,1.0,0.0,1.0,11772
30.0,-1.1947399784673045,40.0,50.0,2.0,-1.1947399784673045,4.0,80.0,1200.0,-1.1947399784673045,180.0,1.0,1.0,0.0,0.0,11852
30.0,-1.1947399784673045,40.0,50.0,2.0,-1.1947399784673045,4.0,80.0,1200.0,-1.1947399784673045,200.0,0.0,1.0,1.0,0.0,11180
30.0,-1.1947399784673045,40.0,50.0,2.0,-1.1947399784673045,4.0,80.0,1200.0,-1.1947399784673045,160.0,1.0,1.0,0.0,1.0,10944
30.0,-1.1947399784673045,40.0,50.0,2.0,-1.1947399784673045,4.0,80.0,1200.0,-1.1947399784673045,180.0,1.0,1.0,0.0,0.0,11766
30.0,-1.1947399784673045,40.0,50.0,2.0,-1.1947399784673045,4.0,80.0,1200.0,-1.1947399784673045,160.0,0.0,1.0,0.0,1.0,11406
30.0,-1.1947399784673045,40.0,50.0,2.0,-1.1947399784673045,4.0,80.0,1200.0,-1.1947399784673045,200.0,1.0,1.0,1.0,0.0,11816
30.0,-1.1947399784673045,40.0,50.0,2.0,-1.1947399784673045,4.0,80.0,1200.0,-1.1947399784673045,180.0,0.0,0.0,0.0,0.0,11864
30.0,-1.1947399784673045,40.0,50.0,2.0,-1.1947399784673045,4.0,80.0,1200.0,-1.1947399784673045,200.0,1.0,0.0,1.0,0.0,11054
30.0,-1.1947399784673045,40.0,50.0,2.0,-1.1947399784673045,4.0,80.0,1200.0,-1.1947399784673045,160.0,0.0,0.0,0.0,1.0,10820
30.0,-1.1947399784673045,40.0,50.0,2.0,-1.1947399784673045,4.0,80.0,1200.0,-1.1947399784673045,180.0,0.0,0.0,0.0,0.0,11446
30.0,-1.1947399784673045,40.0,50.0,2.0,-1.1947399784673045,4.0,80.0,1200.0,-1.1947399784673045,200.0,1.0,0.0,1.0,0.0,10926
30.0,-1.1947399784673045,40.0,50.0,2.0,-1.1947399784673045,4.0,80.0,1200.0,-1.1947399784673045,160.0,0.0,0.0,0.0,1.0,11256
30.0,-1.1947399784673045,40.0,50.0,2.0,-1.1947399784673045,4.0,80.0,1200.0,-1.1947399784673045,180.0,1.0,0.0,0.0,0.0,11560
30.0,-1.1947399784673045,40.0,50.0,2.0,-1.1947399784673045,4.0,80.0,1200.0,-1.1947399784673045,160.0,0.0,0.0,0.0,1.0,11288
30.0,-1.1947399784673045,40.0,50.0,2.0,-1.1947399784673045,4.0,80.0,1200.0,-1.1947399784673045,200.0,1.0,0.0,1.0,0.0,11710
30.0,-1.1947399784673045,40.0,50.0,2.0,-1.1947399784673045,4.0,80.0,1200.0,-1.1947399784673045,200.0,0.0,1.0,1.0,0.0,11746
30.0,-1.1947399784673045,40.0,50.0,2.0,-1.1947399784673045,4.0,80.0,1200.0,-1.1947399784673045,200.0,1.0,1.0,1.0,0.0,11766
30.0,-1.1947399784673045,40.0,50.0,2.0,-1.1947399784673045,4.0,80.0,1200.0,-1.1947399784673045,200.0,1.0,1.0,1.0,0.0,11816
30.0,-1.1947399784673045,40.0,50.0,2.0,-1.1947399784673045,4.0,80.0,1200.0,-1.1947399784673045,180.0,1.0,1.0,0.0,0.0,11672
30.0,-1.1947399784673045,40.0,50.0,2.0,-1.1947399784673045,4.0,80.0,1200.0,-1.1947399784673045,200.0,1.0,1.0,1.0,0.0,11722
30.0,-1.1947399784673045,40.0,50.0,2.0,-1.1947399784673045,4.0,80.0,1200.0,-1.1947399784673045,200.0,0.0,1.0,1.0,0.0,10820
30.0,-1.1947399784673045,40.0,50.0,2.0,-1.1947399784673045,4.0,80.0,1200.0,-1.1947399784673045,200.0,1.0,1.0,1.0,0.0,11446
30.0,-1.1947399784673045,40.0,50.0,2.0,-1.1947399784673045,4.0,80.0,1200.0,-1.1947399784673045,160.0,1.0,1.0,0.0,1.0,11510
30.0,-1.1947399784673045,40.0,50.0,2.0,-1.1947399784673045,4.0,80.0,1200.0,-1.1947399784673045,160.0,0.0,1.0,0.0,1.0,11256
30.0,-1.1947399784673045,40.0,50.0,2.0,-1.1947399784673045,4.0,80.0,1200.0,-1.1947399784673045,160.0,1.0,1.0,0.0,1.0,10984
30.0,-1.1947399784673045,40.0,50.0,2.0,-1.1947399784673045,4.0,80.0,1200.0,-1.1947399784673045,200.0,1.0,0.0,1.0,0.0,11726
30.0,-1.1947399784673045,40.0,50.0,2.0,-1.1947399784673045,4.0,80.0,1200.0,-1.1947399784673045,160.0,0.0,0.0,0.0,1.0,11516
30.0,-1.1947399784673045,40.0,50.0,2.0,-1.1947399784673045,4.0,80.0,1200.0,-1.1947399784673045,180.0,1.0,0.0,0.0,0.0,11746
30.0,-1.1947399784673045,40.0,50.0,2.0,-1.1947399784673045,4.0,80.0,1200.0,-1.1947399784673045,160.0,1.0,0.0,0.0,1.0,11766
30.0,-1.1947399784673045,40.0,50.0,2.0,-1.1947399784673045,4.0,80.0,1200.0,-1.1947399784673045,160.0,1.0,0.0,0.0,1.0,11928
30.0,-1.1947399784673045,40.0,50.0,2.0,-1.1947399784673045,4.0,80.0,1200.0,-1.1947399784673045,180.0,0.0,0.0,0.0,0.0,11010
30.0,-1.1947399784673045,40.0,50.0,2.0,-1.1947399784673045,4.0,80.0,1200.0,-1.1947399784673045,200.0,1.0,0.0,1.0,0.0,11054
30.0,-1.1947399784673045,40.0,50.0,2.0,-1.1947399784673045,4.0,80.0,1200.0,-1.1947399784673045,160.0,1.0,0.0,0.0,1.0,10820
30.0,-1.1947399784673045,40.0,50.0,2.0,-1.1947399784673045,4.0,80.0,1200.0,-1.1947399784673045,180.0,0.0,0.0,0.0,0.0,11760
30.0,-1.1947399784673045,40.0,50.0,2.0,-1.1947399784673045,4.0,80.0,1200.0,-1.1947399784673045,200.0,0.0,0.0,1.0,0.0,10926
30.0,-1.1947399784673045,40.0,50.0,2.0,-1.1947399784673045,4.0,80.0,1200.0,-1.1947399784673045,160.0,0.0,0.0,0.0,1.0,11686
30.0,-1.1947399784673045,40.0,50.0,2.0,-1.1947399784673045,4.0,80.0,1200.0,-1.1947399784673045,180.0,0.0,1.0,0.0,0.0,11832
30.0,-1.1947399784673045,40.0,50.0,2.0,-1.1947399784673045,4.0,80.0,1200.0,-1.1947399784673045,160.0,0.0,1.0,0.0,1.0,10906
30.0,-1.1947399784673045,40.0,50.0,2.0,-1.1947399784673045,4.0,80.0,1200.0,-1.1947399784673045,200.0,0.0,1.0,1.0,0.0,11928
30.0,-1.1947399784673045,40.0,50.0,2.0,-1.1947399784673045,4.0,80.0,1200.0,-1.1947399784673045,180.0,0.0,1.0,0.0,0.0,11746
30.0,-1.1947399784673045,40.0,50.0,2.0,-1.1947399784673045,4.0,80.0,1200.0,-1.1947399784673045,200.0,1.0,1.0,1.0,0.0,11766
30.0,-1.1947399784673045,40.0,50.0,2.0,-1.1947399784673045,4.0,80.0,1200.0,-1.1947399784673045,160.0,1.0,1.0,0.0,1.0,11552
30.0,-1.1947399784673045,40.0,50.0,2.0,-1.1947399784673045,4.0,80.0,1200.0,-1.1947399784673045,180.0,1.0,1.0,0.0,0.0,11672
30.0,-1.1947399784673045,40.0,50.0,2.0,-1.1947399784673045,4.0,80.0,1200.0,-1.1947399784673045,200.0,1.0,1.0,1.0,0.0,11054
30.0,-1.1947399784673045,40.0,50.0,2.0,-1.1947399784673045,4.0,80.0,1200.0,-1.1947399784673045,160.0,1.0,1.0,0.0,1.0,11186
30.0,-1.1947399784673045,40.0,50.0,2.0,-1.1947399784673045,4.0,80.0,1200.0,-1.1947399784673045,180.0,1.0,1.0,0.0,0.0,11446
30.0,-1.1947399784673045,40.0,50.0,2.0,-1.1947399784673045,4.0,80.0,1200.0,-1.1947399784673045,160.0,1.0,1.0,0.0,1.0,10926
30.0,-1.1947399784673045,40.0,50.0,2.0,-1.1947399784673045,4.0,80.0,1200.0,-1.1947399784673045,200.0,1.0,1.0,1.0,0.0,10984
30.0,-1.1947399784673045,40.0,50.0,2.0,-1.1947399784673045,4.0,80.0,1200.0,-1.1947399784673045,180.0,0.0,0.0,0.0,0.0,11060
30.0,-1.1947399784673045,40.0,50.0,2.0,-1.1947399784673045,4.0,80.0,1200.0,-1.1947399784673045,200.0,0.0,0.0,1.0,0.0,10906
30.0,-1.1947399784673045,40.0,50.0,2.0,-1.1947399784673045,4.0,80.0,1200.0,-1.1947399784673045,160.0,0.0,0.0,0.0,1.0,11224
30.0,-1.1947399784673045,40.0,50.0,2.0,-1.1947399784673045,4.0,80.0,1200.0,-1.1947399784673045,180.0,0.0,0.0,0.0,0.0,11746
30.0,-1.1947399784673045,40.0,50.0,2.0,-1.1947399784673045,4.0,80.0,1200.0,-1.1947399784673045,200.0,0.0,0.0,1.0,0.0,11156
30.0,-1.1947399784673045,40.0,50.0,2.0,-1.1947399784673045,4.0,80.0,1200.0,-1.1947399784673045,160.0,0.0,0.0,0.0,1.0,11816
30.0,-1.1947399784673045,40.0,50.0,2.0,-1.1947399784673045,4.0,80.0,1200.0,-1.1947399784673045,180.0,0.0,0.0,0.0,0.0,11672
30.0,-1.1947399784673045,40.0,50.0,2.0,-1.1947399784673045,4.0,80.0,1200.0,-1.1947399784673045,160.0,0.0,0.0,0.0,1.0,11054
30.0,-1.1947399784673045,40.0,50.0,2.0,-1.1947399784673045,4.0,80.0,1200.0,-1.1947399784673045,200.0,1.0,0.0,1.0,0.0,11998
30.0,-1.1947399784673045,40.0,50.0,2.0,-1.1947399784673045,4.0,80.0,1200.0,-1.1947399784673045,200.0,1.0,0.0,1.0,0.0,11446
30.0,-1.1947399784673045,40.0,50.0,2.0,-1.1947399784673045,4.0,80.0,1200.0,-1.1947399784673045,200.0,1.0,1.0,1.0,0.0,11126
30.0,-1.1947399784673045,40.0,50.0,2.0,-1.1947399784673045,4.0,80.0,1200.0,-1.1947399784673045,200.0,1.0,1.0,1.0,0.0,11726
30.0,-1.1947399784673045,40.0,50.0,2.0,-1.1947399784673045,4.0,80.0,1200.0,-1.1947399784673045,180.0,1.0,1.0,0.0,0.0,11710
30.0,-1.1947399784673045,40.0,50.0,2.0,-1.1947399784673045,4.0,80.0,1200.0,-1.1947399784673045,200.0,1.0,1.0,1.0,0.0,11652
30.0,-1.1947399784673045,40.0,50.0,2.0,-1.1947399784673045,4.0,80.0,1200.0,-1.1947399784673045,200.0,1.0,1.0,1.0,0.0,11224
30.0,-1.1947399784673045,40.0,50.0,2.0,-1.1947399784673045,4.0,80.0,1200.0,-1.1947399784673045,200.0,0.0,1.0,1.0,0.0,11746
30.0,-1.1947399784673045,40.0,50.0,2.0,-1.1947399784673045,4.0,80.0,1200.0,-1.1947399784673045,160.0,1.0,1.0,0.0,1.0,11540
30.0,-1.1947399784673045,40.0,50.0,2.0,-1.1947399784673045,4.0,80.0,1200.0,-1.1947399784673045,160.0,0.0,1.0,0.0,1.0,11672
30.0,-1.1947399784673045,40.0,50.0,2.0,-1.1947399784673045,4.0,80.0,1200.0,-1.1947399784673045,160.0,1.0,1.0,0.0,1.0,11446
30.0,-1.1947399784673045,40.0,50.0,2.0,-1.1947399784673045,4.0,80.0,1200.0,-1.1947399784673045,200.0,0.0,1.0,1.0,0.0,11430
30.0,-1.1947399784673045,40.0,50.0,2.0,-1.1947399784673045,4.0,80.0,1200.0,-1.1947399784673045,160.0,0.0,1.0,0.0,1.0,11746
30.0,-1.1947399784673045,40.0,50.0,2.0,-1.1947399784673045,4.0,80.0,1200.0,-1.1947399784673045,180.0,1.0,1.0,0.0,0.0,11446
30.0,-1.1947399784673045,40.0,50.0,2.0,-1.1947399784673045,4.0,80.0,1200.0,-1.1947399784673045,160.0,0.0,1.0,0.0,1.0,11672
30.0,-1.1947399784673045,40.0,50.0,2.0,-1.1947399784673045,4.0,80.0,1200.0,-1.1947399784673045,160.0,1.0,1.0,0.0,1.0,11446
30.0,-1.1947399784673045,40.0,50.0,2.0,-1.1947399784673045,4.0,80.0,1200.0,-1.1947399784673045,180.0,0.0,1.0,0.0,0.0,11922
30.0,-1.1947399784673045,40.0,50.0,2.0,-1.1947399784673045,4.0,80.0,1200.0,-1.1947399784673045,200.0,1.0,1.0,1.0,0.0,11746
30.0,-1.1947399784673045,40.0,50.0,2.0,-1.1947399784673045,4.0,80.0,1200.0,-1.1947399784673045,160.0,0.0,1.0,0.0,1.0,11608
30.0,-1.1947399784673045,40.0,50.0,2.0,-1.1947399784673045,4.0,80.0,1200.0,-1.1947399784673045,180.0,1.0,1.0,0.0,0.0,11446
30.0,-1.1947399784673045,40.0,50.0,2.0,-1.1947399784673045,4.0,80.0,1200.0,-1.1947399784673045,200.0,1.0,1.0,1.0,0.0,11710
30.0,-1.1947399784673045,40.0,50.0,2.0,-1.1947399784673045,4.0,80.0,1200.0,-1.1947399784673045,160.0,0.0,1.0,0.0,1.0,11556
30.0,-1.1947399784673045,40.0,50.0,2.0,-1.1947399784673045,4.0,80.0,1200.0,-1.1947399784673045,180.0,1.0,1.0,0.0,0.0,11816
30.0,-1.1947399784673045,40.0,50.0,2.0,-1.1947399784673045,4.0,80.0,1200.0,-1.1947399784673045,160.0,1.0,1.0,0.0,1.0,11938
30.0,-1.1947399784673045,40.0,50.0,2.0,-1.1947399784673045,4.0,80.0,1200.0,-1.1947399784673045,200.0,0.0,1.0,1.0,0.0,10820
30.0,-1.1947399784673045,40.0,50.0,2.0,-1.1947399784673045,4.0,80.0,1200.0,-1.1947399784673045,180.0,1.0,1.0,0.0,0.0,11256
30.0,-1.1947399784673045,40.0,50.0,2.0,-1.1947399784673045,4.0,80.0,1200.0,-1.1947399784673045,200.0,1.0,1.0,1.0,0.0,11888
30.0,-1.1947399784673045,40.0,50.0,2.0,-1.1947399784673045,4.0,80.0,1200.0,-1.1947399784673045,160.0,1.0,1.0,0.0,1.0,11832
30.0,-1.1947399784673045,40.0,50.0,2.0,-1.1947399784673045,4.0,80.0,1200.0,-1.1947399784673045,180.0,1.0,1.0,0.0,0.0,11988
30.0,-1.1947399784673045,40.0,50.0,2.0,-1.1947399784673045,4.0,80.0,1200.0,-1.1947399784673045,200.0,0.0,1.0,1.0,0.0,11710
30.0,-1.1947399784673045,40.0,50.0,2.0,-1.1947399784673045,4.0,80.0,1200.0,-1.1947399784673045,160.0,1.0,1.0,0.0,1.0,11994
30.0,-1.1947399784673045,40.0,50.0,2.0,-1.1947399784673045,4.0,80.0,1200.0,-1.1947399784673045,180.0,0.0,1.0,0.0,0.0,11224
30.0,-1.1947399784673045,40.0,50.0,2.0,-1.1947399784673045,4.0,80.0,1200.0,-1.1947399784673045,160.0,1.0,1.0,0.0,1.0,11334
30.0,-1.1947399784673045,40.0,50.0,2.0,-1.1947399784673045,4.0,80.0,1200.0,-1.1947399784673045,200.0,1.0,1.0,1.0,0.0,11710
30.0,-1.1947399784673045,40.0,50.0,2.0,-1.1947399784673045,4.0,80.0,1200.0,-1.1947399784673045,180.0,0.0,1.0,0.0,0.0,11672
30.0,-1.1947399784673045,40.0,50.0,2.0,-1.1947399784673045,4.0,80.0,1200.0,-1.1947399784673045,200.0,1.0,1.0,1.0,0.0,11040
30.0,-1.1947399784673045,40.0,50.0,2.0,-1.1947399784673045,4.0,80.0,1200.0,-1.1947399784673045,160.0,0.0,1.0,0.0,1.0,11446
30.0,-1.1947399784673045,40.0,50.0,2.0,-1.1947399784673045,4.0,80.0,1200.0,-1.1947399784673045,180.0,0.0,1.0,0.0,0.0,11238
30.0,-1.1947399784673045,40.0,50.0,2.0,-1.1947399784673045,4.0,80.0,1200.0,-1.1947399784673045,200.0,1.0,0.0,1.0,0.0,11746
30.0,-1.1947399784673045,40.0,50.0,2.0,-1.1947399784673045,4.0,80.0,1200.0,-1.1947399784673045,160.0,0.0,0.0,0.0,1.0,11938
30.0,-1.1947399784673045,40.0,50.0,2.0,-1.1947399784673045,4.0,80.0,1200.0,-1.1947399784673045,180.0,0.0,0.0,0.0,0.0,11446
30.0,-1.1947399784673045,40.0,50.0,2.0,-1.1947399784673045,4.0,80.0,1200.0,-1.1947399784673045,160.0,0.0,0.0,0.0,1.0,11832
30.0,-1.1947399784673045,40.0,50.0,2.0,-1.1947399784673045,4.0,80.0,1200.0,-1.1947399784673045,200.0,0.0,0.0,1.0,0.0,11840
30.0,-1.1947399784673045,40.0,50.0,2.0,-1.1947399784673045,4.0,80.0,1200.0,-1.1947399784673045,200.0,1.0,0.0,1.0,0.0,11090
30.0,-1.1947399784673045,40.0,50.0,2.0,-1.1947399784673045,4.0,80.0,1200.0,-1.1947399784673045,200.0,0.0,0.0,1.0,0.0,11446
30.0,-1.1947399784673045,40.0,50.0,2.0,-1.1947399784673045,4.0,80.0,1200.0,-1.1947399784673045,200.0,1.0,0.0,1.0,0.0,11938
30.0,-1.1947399784673045,40.0,50.0,2.0,-1.1947399784673045,4.0,80.0,1200.0,-1.1947399784673045,180.0,1.0,0.0,0.0,0.0,11468
30.0,-1.1947399784673045,40.0,50.0,2.0,-1.1947399784673045,4.0,80.0,1200.0,-1.1947399784673045,200.0,0.0,0.0,1.0,0.0,11040
30.0,-1.1947399784673045,40.0,50.0,2.0,-1.1947399784673045,4.0,80.0,1200.0,-1.1947399784673045,200.0,1.0,0.0,1.0,0.0,11854
30.0,-1.1947399784673045,40.0,50.0,2.0,-1.1947399784673045,4.0,80.0,1200.0,-1.1947399784673045,200.0,1.0,1.0,1.0,0.0,11038
30.0,-1.1947399784673045,40.0,50.0,2.0,-1.1947399784673045,4.0,80.0,1200.0,-1.1947399784673045,160.0,1.0,1.0,0.0,1.0,11538
30.0,-1.1947399784673045,40.0,50.0,2.0,-1.1947399784673045,4.0,80.0,1200.0,-1.1947399784673045,160.0,0.0,1.0,0.0,1.0,11190
30.0,-1.1947399784673045,40.0,50.0,2.0,-1.1947399784673045,4.0,80.0,1200.0,-1.1947399784673045,160.0,0.0,1.0,0.0,1.0,11160
30.0,-1.1947399784673045,40.0,50.0,2.0,-1.1947399784673045,4.0,80.0,1200.0,-1.1947399784673045,200.0,0.0,1.0,1.0,0.0,11348
30.0,-1.1947399784673045,40.0,50.0,2.0,-1.1947399784673045,4.0,80.0,1200.0,-1.1947399784673045,160.0,1.0,1.0,0.0,1.0,11798
30.0,-1.1947399784673045,40.0,50.0,2.0,-1.1947399784673045,4.0,80.0,1200.0,-1.1947399784673045,180.0,0.0,1.0,0.0,0.0,11246
30.0,-1.1947399784673045,40.0,50.0,2.0,-1.1947399784673045,4.0,80.0,1200.0,-1.1947399784673045,160.0,1.0,1.0,0.0,1.0,11508
30.0,-1.1947399784673045,40.0,50.0,2.0,-1.1947399784673045,4.0,80.0,1200.0,-1.1947399784673045,160.0,0.0,1.0,0.0,1.0,11040
30.0,-1.1947399784673045,40.0,50.0,2.0,-1.1947399784673045,4.0,80.0,1200.0,-1.1947399784673045,180.0,0.0,1.0,0.0,0.0,11446
30.0,-1.1947399784673045,40.0,50.0,2.0,-1.1947399784673045,4.0,80.0,1200.0,-1.1947399784673045,200.0,1.0,1.0,1.0,0.0,11040
30.0,-1.1947399784673045,40.0,50.0,2.0,-1.1947399784673045,4.0,80.0,1200.0,-1.1947399784673045,160.0,1.0,1.0,0.0,1.0,11538
30.0,-1.1947399784673045,40.0,50.0,2.0,-1.1947399784673045,4.0,80.0,1200.0,-1.1947399784673045,180.0,0.0,1.0,0.0,0.0,11348
30.0,-1.1947399784673045,40.0,50.0,2.0,-1.1947399784673045,4.0,80.0,1200.0,-1.1947399784673045,200.0,1.0,1.0,1.0,0.0,11508
30.0,-1.1947399784673045,40.0,50.0,2.0,-1.1947399784673045,4.0,80.0,1200.0,-1.1947399784673045,160.0,0.0,1.0,0.0,1.0,11746
30.0,-1.1947399784673045,40.0,50.0,2.0,-1.1947399784673045,4.0,80.0,1200.0,-1.1947399784673045,180.0,1.0,1.0,0.0,0.0,11672
30.0,-1.1947399784673045,40.0,50.0,2.0,-1.1947399784673045,4.0,80.0,1200.0,-1.1947399784673045,160.0,1.0,1.0,0.0,1.0,11446
30.0,-1.1947399784673045,40.0,50.0,2.0,-1.1947399784673045,4.0,80.0,1200.0,-1.1947399784673045,200.0,0.0,1.0,1.0,0.0,11832
30.0,-1.1947399784673045,40.0,50.0,2.0,-1.1947399784673045,4.0,80.0,1200.0,-1.1947399784673045,180.0,1.0,1.0,0.0,0.0,11746
30.0,-1.1947399784673045,40.0,50.0,2.0,-1.1947399784673045,4.0,80.0,1200.0,-1.1947399784673045,200.0,0.0,1.0,1.0,0.0,11446
30.0,-1.1947399784673045,40.0,50.0,2.0,-1.1947399784673045,4.0,80.0,1200.0,-1.1947399784673045,160.0,1.0,1.0,0.0,1.0,11816
30.0,-1.1947399784673045,40.0,50.0,2.0,-1.1947399784673045,4.0,80.0,1200.0,-1.1947399784673045,180.0,0.0,1.0,0.0,0.0,11672
30.0,-1.1947399784673045,40.0,50.0,2.0,-1.1947399784673045,4.0,80.0,1200.0,-1.1947399784673045,200.0,0.0,1.0,1.0,0.0,11054
30.0,-1.1947399784673045,40.0,50.0,2.0,-1.1947399784673045,4.0,80.0,1200.0,-1.1947399784673045,160.0,1.0,1.0,0.0,1.0,10820
30.0,-1.1947399784673045,40.0,50.0,2.0,-1.1947399784673045,4.0,80.0,1200.0,-1.1947399784673045,180.0,0.0,1.0,0.0,0.0,11446
30.0,-1.1947399784673045,40.0,50.0,2.0,-1.1947399784673045,4.0,80.0,1200.0,-1.1947399784673045,160.0,1.0,1.0,0.0,1.0,10926
30.0,-1.1947399784673045,40.0,50.0,2.0,-1.1947399784673045,4.0,80.0,1200.0,-1.1947399784673045,200.0,0.0,1.0,1.0,0.0,11256
30.0,-1.1947399784673045,40.0,50.0,2.0,-1.1947399784673045,4.0,80.0,1200.0,-1.1947399784673045,180.0,1.0,1.0,0.0,0.0,10984
30.0,-1.1947399784673045,40.0,50.0,2.0,-1.1947399784673045,4.0,80.0,1200.0,-1.1947399784673045,200.0,0.0,1.0,1.0,0.0,11832
30.0,-1.1947399784673045,40.0,50.0,2.0,-1.1947399784673045,4.0,80.0,1200.0,-1.1947399784673045,160.0,1.0,1.0,0.0,1.0,11726
30.0,-1.1947399784673045,40.0,50.0,2.0,-1.1947399784673045,4.0,80.0,1200.0,-1.1947399784673045,180.0,1.0,1.0,0.0,0.0,10906
30.0,-1.1947399784673045,40.0,50.0,2.0,-1.1947399784673045,4.0,80.0,1200.0,-1.1947399784673045,200.0,1.0,0.0,1.0,0.0,11766
30.0,-1.1947399784673045,40.0,50.0,2.0,-1.1947399784673045,4.0,80.0,1200.0,-1.1947399784673045,160.0,1.0,0.0,0.0,1.0,11672
30.0,-1.1947399784673045,40.0,50.0,2.0,-1.1947399784673045,4.0,80.0,1200.0,-1.1947399784673045,180.0,0.0,0.0,0.0,0.0,11446
30.0,-1.1947399784673045,40.0,50.0,2.0,-1.1947399784673045,4.0,80.0,1200.0,-1.1947399784673045,160.0,1.0,0.0,0.0,1.0,11784
30.0,-1.1947399784673045,40.0,50.0,2.0,-1.1947399784673045,4.0,80.0,1200.0,-1.1947399784673045,200.0,1.0,0.0,1.0,0.0,11282
30.0,-1.1947399784673045,40.0,50.0,2.0,-1.1947399784673045,4.0,80.0,1200.0,-1.1947399784673045,200.0,0.0,0.0,1.0,0.0,11512
30.0,-1.1947399784673045,40.0,50.0,2.0,-1.1947399784673045,4.0,80.0,1200.0,-1.1947399784673045,200.0,1.0,0.0,1.0,0.0,11160
30.0,-1.1947399784673045,40.0,50.0,2.0,-1.1947399784673045,4.0,80.0,1200.0,-1.1947399784673045,200.0,1.0,0.0,1.0,0.0,11050
30.0,-1.1947399784673045,40.0,50.0,2.0,-1.1947399784673045,4.0,80.0,1200.0,-1.1947399784673045,180.0,0.0,0.0,0.0,0.0,11218
30.0,-1.1947399784673045,40.0,50.0,2.0,-1.1947399784673045,4.0,80.0,1200.0,-1.1947399784673045,200.0,1.0,0.0,1.0,0.0,11714
30.0,-1.1947399784673045,40.0,50.0,2.0,-1.1947399784673045,4.0,80.0,1200.0,-1.1947399784673045,200.0,1.0,0.0,1.0,0.0,11472
30.0,-1.1947399784673045,40.0,50.0,2.0,-1.1947399784673045,4.0,80.0,1200.0,-1.1947399784673045,200.0,1.0,0.0,1.0,0.0,11290
30.0,-1.1947399784673045,40.0,50.0,2.0,-1.1947399784673045,4.0,80.0,1200.0,-1.1947399784673045,160.0,0.0,0.0,0.0,1.0,11834
30.0,-1.1947399784673045,40.0,50.0,2.0,-1.1947399784673045,4.0,80.0,1200.0,-1.1947399784673045,160.0,1.0,0.0,0.0,1.0,11334
30.0,-1.1947399784673045,40.0,50.0,2.0,-1.1947399784673045,4.0,80.0,1200.0,-1.1947399784673045,160.0,1.0,0.0,0.0,1.0,11074
30.0,-1.1947399784673045,40.0,50.0,2.0,-1.1947399784673045,4.0,80.0,1200.0,-1.1947399784673045,200.0,0.0,0.0,1.0,0.0,11966
30.0,-1.1947399784673045,40.0,50.0,2.0,-1.1947399784673045,4.0,80.0,1200.0,-1.1947399784673045,160.0,0.0,1.0,0.0,1.0,11054
30.0,-1.1947399784673045,40.0,50.0,2.0,-1.1947399784673045,4.0,80.0,1200.0,-1.1947399784673045,180.0,0.0,1.0,0.0,0.0,10820
30.0,-1.1947399784673045,40.0,50.0,2.0,-1.1947399784673045,4.0,80.0,1200.0,-1.1947399784673045,160.0,0.0,1.0,0.0,1.0,11446
30.0,-1.1947399784673045,40.0,50.0,2.0,-1.1947399784673045,4.0,80.0,1200.0,-1.1947399784673045,160.0,0.0,1.0,0.0,1.0,10926
30.0,-1.1947399784673045,40.0,50.0,2.0,-1.1947399784673045,4.0,80.0,1200.0,-1.1947399784673045,180.0,0.0,1.0,0.0,0.0,11256
30.0,-1.1947399784673045,40.0,50.0,2.0,-1.1947399784673045,4.0,80.0,1200.0,-1.1947399784673045,200.0,0.0,1.0,1.0,0.0,11832
30.0,-1.1947399784673045,40.0,50.0,2.0,-1.1947399784673045,4.0,80.0,1200.0,-1.1947399784673045,160.0,1.0,1.0,0.0,1.0,10906
30.0,-1.1947399784673045,40.0,50.0,2.0,-1.1947399784673045,4.0,80.0,1200.0,-1.1947399784673045,180.0,1.0,1.0,0.0,0.0,11224
30.0,-1.1947399784673045,40.0,50.0,2.0,-1.1947399784673045,4.0,80.0,1200.0,-1.1947399784673045,200.0,1.0,0.0,1.0,0.0,11746
30.0,-1.1947399784673045,40.0,50.0,2.0,-1.1947399784673045,4.0,80.0,1200.0,-1.1947399784673045,160.0,1.0,0.0,0.0,1.0,11766
30.0,-1.1947399784673045,40.0,50.0,2.0,-1.1947399784673045,4.0,80.0,1200.0,-1.1947399784673045,180.0,1.0,0.0,0.0,0.0,11672
30.0,-1.1947399784673045,40.0,50.0,2.0,-1.1947399784673045,4.0,80.0,1200.0,-1.1947399784673045,160.0,1.0,0.0,0.0,1.0,11282
30.0,-1.1947399784673045,40.0,50.0,2.0,-1.1947399784673045,4.0,80.0,1200.0,-1.1947399784673045,200.0,1.0,0.0,1.0,0.0,11050
30.0,-1.1947399784673045,40.0,50.0,2.0,-1.1947399784673045,4.0,80.0,1200.0,-1.1947399784673045,180.0,1.0,0.0,0.0,0.0,11472
30.0,-1.1947399784673045,40.0,50.0,2.0,-1.1947399784673045,4.0,80.0,1200.0,-1.1947399784673045,200.0,0.0,0.0,1.0,0.0,11334
30.0,-1.1947399784673045,40.0,50.0,2.0,-1.1947399784673045,4.0,80.0,1200.0,-1.1947399784673045,160.0,0.0,0.0,0.0,1.0,11446
30.0,-1.1947399784673045,40.0,50.0,2.0,-1.1947399784673045,4.0,80.0,1200.0,-1.1947399784673045,180.0,0.0,0.0,0.0,0.0,11746
30.0,-1.1947399784673045,40.0,50.0,2.0,-1.1947399784673045,4.0,80.0,1200.0,-1.1947399784673045,200.0,0.0,1.0,1.0,0.0,11832
30.0,-1.1947399784673045,40.0,50.0,2.0,-1.1947399784673045,4.0,80.0,1200.0,-1.1947399784673045,160.0,1.0,1.0,0.0,1.0,11746
30.0,-1.1947399784673045,40.0,50.0,2.0,-1.1947399784673045,4.0,80.0,1200.0,-1.1947399784673045,180.0,0.0,1.0,0.0,0.0,11672
30.0,-1.1947399784673045,40.0,50.0,2.0,-1.1947399784673045,4.0,80.0,1200.0,-1.1947399784673045,160.0,0.0,1.0,0.0,1.0,11446
30.0,-1.1947399784673045,40.0,50.0,2.0,-1.1947399784673045,4.0,80.0,1200.0,-1.1947399784673045,200.0,0.0,1.0,1.0,0.0,11710
30.0,-1.1947399784673045,40.0,50.0,2.0,-1.1947399784673045,4.0,80.0,1200.0,-1.1947399784673045,180.0,1.0,1.0,0.0,0.0,11746
30.0,-1.1947399784673045,40.0,50.0,2.0,-1.1947399784673045,4.0,80.0,1200.0,-1.1947399784673045,200.0,1.0,1.0,1.0,0.0,11816
30.0,-1.1947399784673045,40.0,50.0,2.0,-1.1947399784673045,4.0,80.0,1200.0,-1.1947399784673045,160.0,1.0,1.0,0.0,1.0,11672
30.0,-1.1947399784673045,40.0,50.0,2.0,-1.1947399784673045,4.0,80.0,1200.0,-1.1947399784673045,180.0,1.0,1.0,0.0,0.0,11054
30.0,-1.1947399784673045,40.0,50.0,2.0,-1.1947399784673045,4.0,80.0,1200.0,-1.1947399784673045,200.0,1.0,1.0,1.0,0.0,10820
30.0,-1.1947399784673045,40.0,50.0,2.0,-1.1947399784673045,4.0,80.0,1200.0,-1.1947399784673045,160.0,1.0,1.0,0.0,1.0,11310
30.0,-1.1947399784673045,40.0,50.0,2.0,-1.1947399784673045,4.0,80.0,1200.0,-1.1947399784673045,180.0,1.0,1.0,0.0,0.0,11544
30.0,-1.1947399784673045,40.0,50.0,2.0,-1.1947399784673045,4.0,80.0,1200.0,-1.1947399784673045,160.0,0.0,1.0,0.0,1.0,11268
30.0,-1.1947399784673045,40.0,50.0,2.0,-1.1947399784673045,4.0,80.0,1200.0,-1.1947399784673045,200.0,1.0,1.0,1.0,0.0,11424
30.0,-1.1947399784673045,40.0,50.0,2.0,-1.1947399784673045,4.0,80.0,1200.0,-1.1947399784673045,200.0,0.0,1.0,1.0,0.0,11520
30.0,-1.1947399784673045,40.0,50.0,2.0,-1.1947399784673045,4.0,80.0,1200.0,-1.1947399784673045,200.0,1.0,1.0,1.0,0.0,11702
30.0,-1.1947399784673045,40.0,50.0,2.0,-1.1947399784673045,4.0,80.0,1200.0,-1.1947399784673045,200.0,0.0,1.0,1.0,0.0,11862
30.0,-1.1947399784673045,40.0,50.0,2.0,-1.1947399784673045,4.0,80.0,1200.0,-1.1947399784673045,180.0,0.0,1.0,0.0,0.0,11932
30.0,-1.1947399784673045,40.0,50.0,2.0,-1.1947399784673045,4.0,80.0,1200.0,-1.1947399784673045,200.0,1.0,0.0,1.0,0.0,11452
30.0,-1.1947399784673045,40.0,50.0,2.0,-1.1947399784673045,4.0,80.0,1200.0,-1.1947399784673045,200.0,0.0,0.0,1.0,0.0,11280
30.0,-1.1947399784673045,40.0,50.0,2.0,-1.1947399784673045,4.0,80.0,1200.0,-1.1947399784673045,200.0,1.0,0.0,1.0,0.0,11612
30.0,-1.1947399784673045,40.0,50.0,2.0,-1.1947399784673045,4.0,80.0,1200.0,-1.1947399784673045,160.0,0.0,0.0,0.0,1.0,11534
30.0,-1.1947399784673045,40.0,50.0,2.0,-1.1947399784673045,4.0,80.0,1200.0,-1.1947399784673045,160.0,1.0,0.0,0.0,1.0,11364
30.0,-1.1947399784673045,40.0,50.0,2.0,-1.1947399784673045,4.0,80.0,1200.0,-1.1947399784673045,160.0,0.0,0.0,0.0,1.0,11602
30.0,-1.1947399784673045,40.0,50.0,2.0,-1.1947399784673045,4.0,80.0,1200.0,-1.1947399784673045,200.0,1.0,0.0,1.0,0.0,11346
30.0,-1.1947399784673045,40.0,50.0,2.0,-1.1947399784673045,4.0,80.0,1200.0,-1.1947399784673045,160.0,1.0,0.0,0.0,1.0,11454
30.0,-1.1947399784673045,40.0,50.0,2.0,-1.1947399784673045,4.0,80.0,1200.0,-1.1947399784673045,180.0,0.0,0.0,0.0,0.0,11646
30.0,-1.1947399784673045,40.0,50.0,2.0,-1.1947399784673045,4.0,80.0,1200.0,-1.1947399784673045,160.0,1.0,0.0,0.0,1.0,11884
30.0,-1.1947399784673045,40.0,50.0,2.0,-1.1947399784673045,4.0,80.0,1200.0,-1.1947399784673045,160.0,1.0,1.0,0.0,1.0,11574
30.0,-1.1947399784673045,40.0,50.0,2.0,-1.1947399784673045,4.0,80.0,1200.0,-1.1947399784673045,180.0,0.0,1.0,0.0,0.0,11814
30.0,-1.1947399784673045,40.0,50.0,2.0,-1.1947399784673045,4.0,80.0,1200.0,-1.1947399784673045,200.0,1.0,1.0,1.0,0.0,11514
30.0,-1.1947399784673045,40.0,50.0,2.0,-1.1947399784673045,4.0,80.0,1200.0,-1.1947399784673045,160.0,1.0,1.0,0.0,1.0,11734
30.0,-1.1947399784673045,40.0,50.0,2.0,-1.1947399784673045,4.0,80.0,1200.0,-1.1947399784673045,180.0,1.0,1.0,0.0,0.0,11940
30.0,-1.1947399784673045,40.0,50.0,2.0,-1.1947399784673045,4.0,80.0,1200.0,-1.1947399784673045,200.0,1.0,1.0,1.0,0.0,11994
30.0,-1.1947399784673045,40.0,50.0,2.0,-1.1947399784673045,4.0,80.0,1200.0,-1.1947399784673045,160.0,0.0,1.0,0.0,1.0,11444
30.0,-1.1947399784673045,40.0,50.0,2.0,-1.1947399784673045,4.0,80.0,1200.0,-1.1947399784673045,180.0,1.0,1.0,0.0,0.0,10984
30.0,-1.1947399784673045,40.0,50.0,2.0,-1.1947399784673045,4.0,80.0,1200.0,-1.1947399784673045,160.0,0.0,1.0,0.0,1.0,11832
30.0,-1.1947399784673045,40.0,50.0,2.0,-1.1947399784673045,4.0,80.0,1200.0,-1.1947399784673045,200.0,1.0,1.0,1.0,0.0,11726
30.0,-1.1947399784673045,40.0,50.0,2.0,-1.1947399784673045,4.0,80.0,1200.0,-1.1947399784673045,180.0,1.0,1.0,0.0,0.0,11710
30.0,-1.1947399784673045,40.0,50.0,2.0,-1.1947399784673045,4.0,80.0,1200.0,-1.1947399784673045,200.0,0.0,0.0,1.0,0.0,10906
30.0,-1.1947399784673045,40.0,50.0,2.0,-1.1947399784673045,4.0,80.0,1200.0,-1.1947399784673045,160.0,1.0,0.0,0.0,1.0,11224
30.0,-1.1947399784673045,40.0,50.0,2.0,-1.1947399784673045,4.0,80.0,1200.0,-1.1947399784673045,180.0,0.0,0.0,0.0,0.0,11746
30.0,-1.1947399784673045,40.0,50.0,2.0,-1.1947399784673045,4.0,80.0,1200.0,-1.1947399784673045,200.0,0.0,0.0,1.0,0.0,11766
30.0,-1.1947399784673045,40.0,50.0,2.0,-1.1947399784673045,4.0,80.0,1200.0,-1.1947399784673045,160.0,1.0,0.0,0.0,1.0,11446
30.0,-1.1947399784673045,40.0,50.0,2.0,-1.1947399784673045,4.0,80.0,1200.0,-1.1947399784673045,180.0,0.0,0.0,0.0,0.0,11672
30.0,-1.1947399784673045,40.0,50.0,2.0,-1.1947399784673045,4.0,80.0,1200.0,-1.1947399784673045,160.0,0.0,0.0,0.0,1.0,11446
30.0,-1.1947399784673045,40.0,50.0,2.0,-1.1947399784673045,4.0,80.0,1200.0,-1.1947399784673045,200.0,0.0,0.0,1.0,0.0,10984
30.0,-1.1947399784673045,40.0,50.0,2.0,-1.1947399784673045,4.0,80.0,1200.0,-1.1947399784673045,180.0,0.0,0.0,0.0,0.0,11746
30.0,-1.1947399784673045,40.0,50.0,2.0,-1.1947399784673045,4.0,80.0,1200.0,-1.1947399784673045,200.0,1.0,0.0,1.0,0.0,11672
30.0,-1.1947399784673045,40.0,50.0,2.0,-1.1947399784673045,4.0,80.0,1200.0,-1.1947399784673045,160.0,0.0,1.0,0.0,1.0,11446
30.0,-1.1947399784673045,40.0,50.0,2.0,-1.1947399784673045,4.0,80.0,1200.0,-1.1947399784673045,180.0,1.0,1.0,0.0,0.0,11832
30.0,-1.1947399784673045,40.0,50.0,2.0,-1.1947399784673045,4.0,80.0,1200.0,-1.1947399784673045,200.0,1.0,1.0,1.0,0.0,11746
30.0,-1.1947399784673045,40.0,50.0,2.0,-1.1947399784673045,4.0,80.0,1200.0,-1.1947399784673045,160.0,0.0,1.0,0.0,1.0,11672
30.0,-1.1947399784673045,40.0,50.0,2.0,-1.1947399784673045,4.0,80.0,1200.0,-1.1947399784673045,180.0,1.0,1.0,0.0,0.0,11446
30.0,-1.1947399784673045,40.0,50.0,2.0,-1.1947399784673045,4.0,80.0,1200.0,-1.1947399784673045,160.0,1.0,1.0,0.0,1.0,11746
30.0,-1.1947399784673045,40.0,50.0,2.0,-1.1947399784673045,4.0,80.0,1200.0,-1.1947399784673045,200.0,1.0,1.0,1.0,0.0,11816
30.0,-1.1947399784673045,40.0,50.0,2.0,-1.1947399784673045,4.0,80.0,1200.0,-1.1947399784673045,200.0,0.0,1.0,1.0,0.0,11672
30.0,-1.1947399784673045,40.0,50.0,2.0,-1.1947399784673045,4.0,80.0,1200.0,-1.1947399784673045,200.0,0.0,1.0,1.0,0.0,11054
30.0,-1.1947399784673045,40.0,50.0,2.0,-1.1947399784673045,4.0,80.0,1200.0,-1.1947399784673045,200.0,0.0,1.0,1.0,0.0,10820
30.0,-1.1947399784673045,40.0,50.0,2.0,-1.1947399784673045,4.0,80.0,1200.0,-1.1947399784673045,180.0,1.0,1.0,0.0,0.0,11446
30.0,-1.1947399784673045,40.0,50.0,2.0,-1.1947399784673045,4.0,80.0,1200.0,-1.1947399784673045,200.0,0.0,1.0,1.0,0.0,10926
30.0,-1.1947399784673045,40.0,50.0,2.0,-1.1947399784673045,4.0,80.0,1200.0,-1.1947399784673045,200.0,1.0,1.0,1.0,0.0,11256
30.0,-1.1947399784673045,40.0,50.0,2.0,-1.1947399784673045,4.0,80.0,1200.0,-1.1947399784673045,200.0,0.0,0.0,1.0,0.0,10984
30.0,-1.1947399784673045,40.0,50.0,2.0,-1.1947399784673045,4.0,80.0,1200.0,-1.1947399784673045,160.0,0.0,0.0,0.0,1.0,11832
30.0,-1.1947399784673045,40.0,50.0,2.0,-1.1947399784673045,4.0,80.0,1200.0,-1.1947399784673045,160.0,1.0,0.0,0.0,1.0,11726
30.0,-1.1947399784673045,40.0,50.0,2.0,-1.1947399784673045,4.0,80.0,1200.0,-1.1947399784673045,160.0,1.0,0.0,0.0,1.0,10906
30.0,-1.1947399784673045,40.0,50.0,2.0,-1.1947399784673045,4.0,80.0,1200.0,-1.1947399784673045,200.0,0.0,0.0,1.0,0.0,11766
30.0,-1.1947399784673045,40.0,50.0,2.0,-1.1947399784673045,4.0,80.0,1200.0,-1.1947399784673045,160.0,1.0,0.0,0.0,1.0,11672
30.0,-1.1947399784673045,40.0,50.0,2.0,-1.1947399784673045,4.0,80.0,1200.0,-1.1947399784673045,180.0,0.0,0.0,0.0,0.0,11446
30.0,-1.1947399784673045,40.0,50.0,2.0,-1.1947399784673045,4.0,80.0,1200.0,-1.1947399784673045,160.0,1.0,0.0,0.0,1.0,10984
30.0,-1.1947399784673045,40.0,50.0,2.0,-1.1947399784673045,4.0,80.0,1200.0,-1.1947399784673045,160.0,1.0,0.0,0.0,1.0,11746
30.0,-1.1947399784673045,40.0,50.0,2.0,-1.1947399784673045,4.0,80.0,1200.0,-1.1947399784673045,180.0,0.0,0.0,0.0,0.0,11672
30.0,-1.1947399784673045,40.0,50.0,2.0,-1.1947399784673045,4.0,80.0,1200.0,-1.1947399784673045,200.0,1.0,0.0,1.0,0.0,11446
30.0,-1.1947399784673045,40.0,50.0,2.0,-1.1947399784673045,4.0,80.0,1200.0,-1.1947399784673045,160.0,0.0,1.0,0.0,1.0,10984
30.0,-1.1947399784673045,40.0,50.0,2.0,-1.1947399784673045,4.0,80.0,1200.0,-1.1947399784673045,180.0,1.0,1.0,0.0,0.0,11746
30.0,-1.1947399784673045,40.0,50.0,2.0,-1.1947399784673045,4.0,80.0,1200.0,-1.1947399784673045,200.0,0.0,1.0,1.0,0.0,11672
30.0,-1.1947399784673045,40.0,50.0,2.0,-1.1947399784673045,4.0,80.0,1200.0,-1.1947399784673045,160.0,0.0,1.0,0.0,1.0,11832
30.0,-1.1947399784673045,40.0,50.0,2.0,-1.1947399784673045,4.0,80.0,1200.0,-1.1947399784673045,180.0,1.0,1.0,0.0,0.0,11446
30.0,-1.1947399784673045,40.0,50.0,2.0,-1.1947399784673045,4.0,80.0,1200.0,-1.1947399784673045,160.0,0.0,1.0,0.0,1.0,11710
30.0,-1.1947399784673045,40.0,50.0,2.0,-1.1947399784673045,4.0,80.0,1200.0,-1.1947399784673045,200.0,1.0,1.0,1.0,0.0,11746
30.0,-1.1947399784673045,40.0,50.0,2.0,-1.1947399784673045,4.0,80.0,1200.0,-1.1947399784673045,180.0,0.0,1.0,0.0,0.0,11816
30.0,-1.1947399784673045,40.0,50.0,2.0,-1.1947399784673045,4.0,80.0,1200.0,-1.1947399784673045,200.0,1.0,1.0,1.0,0.0,11672
30.0,-1.1947399784673045,40.0,50.0,2.0,-1.1947399784673045,4.0,80.0,1200.0,-1.1947399784673045,160.0,0.0,1.0,0.0,1.0,11054
30.0,-1.1947399784673045,40.0,50.0,2.0,-1.1947399784673045,4.0,80.0,1200.0,-1.1947399784673045,180.0,1.0,1.0,0.0,0.0,10820
30.0,-1.1947399784673045,40.0,50.0,2.0,-1.1947399784673045,4.0,80.0,1200.0,-1.1947399784673045,200.0,1.0,1.0,1.0,0.0,11446
30.0,-1.1947399784673045,40.0,50.0,2.0,-1.1947399784673045,4.0,80.0,1200.0,-1.1947399784673045,160.0,1.0,1.0,0.0,1.0,10926
30.0,-1.1947399784673045,40.0,50.0,2.0,-1.1947399784673045,4.0,80.0,1200.0,-1.1947399784673045,180.0,1.0,1.0,0.0,0.0,11256
30.0,-1.1947399784673045,40.0,50.0,2.0,-1.1947399784673045,4.0,80.0,1200.0,-1.1947399784673045,160.0,0.0,0.0,0.0,1.0,11832
30.0,-1.1947399784673045,40.0,50.0,2.0,-1.1947399784673045,4.0,80.0,1200.0,-1.1947399784673045,200.0,1.0,0.0,1.0,0.0,10906
30.0,-1.1947399784673045,40.0,50.0,2.0,-1.1947399784673045,4.0,80.0,1200.0,-1.1947399784673045,180.0,1.0,0.0,0.0,0.0,11224
30.0,-1.1947399784673045,40.0,50.0,2.0,-1.1947399784673045,4.0,80.0,1200.0,-1.1947399784673045,200.0,0.0,0.0,1.0,0.0,11746
30.0,-1.1947399784673045,40.0,50.0,2.0,-1.1947399784673045,4.0,80.0,1200.0,-1.1947399784673045,160.0,1.0,0.0,0.0,1.0,11766
30.0,-1.1947399784673045,40.0,50.0,2.0,-1.1947399784673045,4.0,80.0,1200.0,-1.1947399784673045,180.0,1.0,0.0,0.0,0.0,11672
30.0,-1.1947399784673045,40.0,50.0,2.0,-1.1947399784673045,4.0,80.0,1200.0,-1.1947399784673045,200.0,0.0,0.0,1.0,0.0,11446
30.0,-1.1947399784673045,40.0,50.0,2.0,-1.1947399784673045,4.0,80.0,1200.0,-1.1947399784673045,160.0,1.0,0.0,0.0,1.0,10984
30.0,-1.1947399784673045,40.0,50.0,2.0,-1.1947399784673045,4.0,80.0,1200.0,-1.1947399784673045,180.0,1.0,0.0,0.0,0.0,11746
30.0,-1.1947399784673045,40.0,50.0,2.0,-1.1947399784673045,4.0,80.0,1200.0,-1.1947399784673045,160.0,1.0,0.0,0.0,1.0,11672
30.0,-1.1947399784673045,40.0,50.0,2.0,-1.1947399784673045,4.0,80.0,1200.0,-1.1947399784673045,200.0,0.0,0.0,1.0,0.0,11446
30.0,-1.1947399784673045,40.0,50.0,2.0,-1.1947399784673045,4.0,80.0,1200.0,-1.1947399784673045,200.0,1.0,0.0,1.0,0.0,11746
30.0,-1.1947399784673045,40.0,50.0,2.0,-1.1947399784673045,4.0,80.0,1200.0,-1.1947399784673045,200.0,1.0,0.0,1.0,0.0,11832
30.0,-1.1947399784673045,40.0,50.0,2.0,-1.1947399784673045,4.0,80.0,1200.0,-1.1947399784673045,200.0,0.0,0.0,1.0,0.0,11746
30.0,-1.1947399784673045,40.0,50.0,2.0,-1.1947399784673045,4.0,80.0,1200.0,-1.1947399784673045,180.0,0.0,0.0,0.0,0.0,11672
30.0,-1.1947399784673045,40.0,50.0,2.0,-1.1947399784673045,4.0,80.0,1200.0,-1.1947399784673045,200.0,0.0,0.0,1.0,0.0,11446
30.0,-1.1947399784673045,40.0,50.0,2.0,-1.1947399784673045,4.0,80.0,1200.0,-1.1947399784673045,200.0,0.0,0.0,1.0,0.0,11710
30.0,-1.1947399784673045,40.0,50.0,2.0,-1.1947399784673045,4.0,80.0,1200.0,-1.1947399784673045,200.0,0.0,0.0,1.0,0.0,11746
30.0,-1.1947399784673045,40.0,50.0,2.0,-1.1947399784673045,4.0,80.0,1200.0,-1.1947399784673045,160.0,0.0,0.0,0.0,1.0,11816
30.0,-1.1947399784673045,40.0,50.0,2.0,-1.1947399784673045,4.0,80.0,1200.0,-1.1947399784673045,160.0,0.0,0.0,0.0,1.0,11672
30.0,-1.1947399784673045,40.0,50.0,2.0,-1.1947399784673045,4.0,80.0,1200.0,-1.1947399784673045,160.0,1.0,0.0,0.0,1.0,11054
30.0,-1.1947399784673045,40.0,50.0,2.0,-1.1947399784673045,4.0,80.0,1200.0,-1.1947399784673045,200.0,1.0,0.0,1.0,0.0,10820
30.0,-1.1947399784673045,40.0,50.0,2.0,-1.1947399784673045,4.0,80.0,1200.0,-1.1947399784673045,160.0,1.0,0.0,0.0,1.0,10926
30.0,-1.1947399784673045,40.0,50.0,2.0,-1.1947399784673045,4.0,80.0,1200.0,-1.1947399784673045,180.0,1.0,0.0,0.0,0.0,11832
30.0,-1.1947399784673045,40.0,50.0,2.0,-1.1947399784673045,4.0,80.0,1200.0,-1.1947399784673045,160.0,1.0,0.0,0.0,1.0,11726
30.0,-1.1947399784673045,40.0,50.0,2.0,-1.1947399784673045,4.0,80.0,1200.0,-1.1947399784673045,160.0,1.0,0.0,0.0,1.0,11710
30.0,-1.1947399784673045,40.0,50.0,2.0,-1.1947399784673045,4.0,80.0,1200.0,-1.1947399784673045,180.0,1.0,0.0,0.0,0.0,10906
30.0,-1.1947399784673045,40.0,50.0,2.0,-1.1947399784673045,4.0,80.0,1200.0,-1.1947399784673045,200.0,1.0,0.0,1.0,0.0,11224
30.0,-1.1947399784673045,40.0,50.0,2.0,-1.1947399784673045,4.0,80.0,1200.0,-1.1947399784673045,160.0,0.0,0.0,0.0,1.0,11746
30.0,-1.1947399784673045,40.0,50.0,2.0,-1.1947399784673045,4.0,80.0,1200.0,-1.1947399784673045,180.0,0.0,0.0,0.0,0.0,11766
30.0,-1.1947399784673045,40.0,50.0,2.0,-1.1947399784673045,4.0,80.0,1200.0,-1.1947399784673045,200.0,0.0,0.0,1.0,0.0,11672
30.0,-1.1947399784673045,40.0,50.0,2.0,-1.1947399784673045,4.0,80.0,1200.0,-1.1947399784673045,160.0,0.0,0.0,0.0,1.0,11446
30.0,-1.1947399784673045,40.0,50.0,2.0,-1.1947399784673045,4.0,80.0,1200.0,-1.1947399784673045,180.0,0.0,0.0,0.0,0.0,10984
30.0,-1.1947399784673045,40.0,50.0,2.0,-1.1947399784673045,4.0,80.0,1200.0,-1.1947399784673045,160.0,0.0,0.0,0.0,1.0,11672
30.0,-1.1947399784673045,40.0,50.0,2.0,-1.1947399784673045,4.0,80.0,1200.0,-1.1947399784673045,200.0,0.0,0.0,1.0,0.0,11746
30.0,-1.1947399784673045,40.0,50.0,2.0,-1.1947399784673045,4.0,80.0,1200.0,-1.1947399784673045,180.0,0.0,0.0,0.0,0.0,11672
30.0,-1.1947399784673045,40.0,50.0,2.0,-1.1947399784673045,4.0,80.0,1200.0,-1.1947399784673045,200.0,1.0,0.0,1.0,0.0,11446
30.0,-1.1947399784673045,40.0,50.0,2.0,-1.1947399784673045,4.0,80.0,1200.0,-1.1947399784673045,160.0,1.0,0.0,0.0,1.0,11832
30.0,-1.1947399784673045,40.0,50.0,2.0,-1.1947399784673045,4.0,80.0,1200.0,-1.1947399784673045,180.0,1.0,0.0,0.0,0.0,11746
30.0,-1.1947399784673045,40.0,50.0,2.0,-1.1947399784673045,4.0,80.0,1200.0,-1.1947399784673045,200.0,1.0,0.0,1.0,0.0,11672
30.0,-1.1947399784673045,40.0,50.0,2.0,-1.1947399784673045,4.0,80.0,1200.0,-1.1947399784673045,160.0,1.0,0.0,0.0,1.0,11446
30.0,-1.1947399784673045,40.0,50.0,2.0,-1.1947399784673045,4.0,80.0,1200.0,-1.1947399784673045,180.0,1.0,0.0,0.0,0.0,11710
30.0,-1.1947399784673045,40.0,50.0,2.0,-1.1947399784673045,4.0,80.0,1200.0,-1.1947399784673045,160.0,1.0,0.0,0.0,1.0,11746
30.0,-1.1947399784673045,40.0,50.0,2.0,-1.1947399784673045,4.0,80.0,1200.0,-1.1947399784673045,200.0,0.0,0.0,1.0,0.0,11816
30.0,-1.1947399784673045,40.0,50.0,2.0,-1.1947399784673045,4.0,80.0,1200.0,-1.1947399784673045,180.0,1.0,0.0,0.0,0.0,11054
15.0,-1.8903829429652816,20.0,25.0,1.0,-1.8903829429652816,2.0,40.0,600.0,-1.890382942965282,100.0,0.0,0.0,1.0,0.0,5463
15.0,-1.8903829429652816,20.0,25.0,1.0,-1.8903829429652816,2.0,40.0,600.0,-1.890382942965282,80.0,1.0,1.0,0.0,1.0,5628
15.0,-1.8903829429652816,20.0,25.0,1.0,-1.8903829429652816,2.0,40.0,600.0,-1.890382942965282,90.0,0.0,1.0,0.0,0.0,5492
15.0,-1.8903829429652816,20.0,25.0,1.0,-1.8903829429652816,2.0,40.0,600.0,-1.890382942965282,100.0,0.0,1.0,1.0,0.0,5916
15.0,-1.8903829429652816,20.0,25.0,1.0,-1.8903829429652816,2.0,40.0,600.0,-1.890382942965282,80.0,1.0,1.0,0.0,1.0,5863
15.0,-1.8903829429652816,20.0,25.0,1.0,-1.8903829429652816,2.0,40.0,600.0,-1.890382942965282,90.0,0.0,1.0,0.0,0.0,5855
15.0,-1.8903829429652816,20.0,25.0,1.0,-1.8903829429652816,2.0,40.0,600.0,-1.890382942965282,80.0,1.0,1.0,0.0,1.0,5453
15.0,-1.8903829429652816,20.0,25.0,1.0,-1.8903829429652816,2.0,40.0,600.0,-1.890382942965282,100.0,0.0,1.0,1.0,0.0,5612
15.0,-1.8903829429652816,20.0,25.0,1.0,-1.8903829429652816,2.0,40.0,600.0,-1.890382942965282,100.0,1.0,1.0,1.0,0.0,5873
15.0,-1.8903829429652816,20.0,25.0,1.0,-1.8903829429652816,2.0,40.0,600.0,-1.890382942965282,100.0,0.0,1.0,1.0,0.0,5883
15.0,-1.8903829429652816,20.0,25.0,1.0,-1.8903829429652816,2.0,40.0,600.0,-1.890382942965282,100.0,1.0,1.0,1.0,0.0,5723
15.0,-1.8903829429652816,20.0,25.0,1.0,-1.8903829429652816,2.0,40.0,600.0,-1.890382942965282,90.0,1.0,1.0,0.0,0.0,5836
15.0,-1.8903829429652816,20.0,25.0,1.0,-1.8903829429652816,2.0,40.0,600.0,-1.890382942965282,100.0,0.0,1.0,1.0,0.0,5723
15.0,-1.8903829429652816,20.0,25.0,1.0,-1.8903829429652816,2.0,40.0,600.0,-1.890382942965282,100.0,1.0,0.0,1.0,0.0,5492
15.0,-1.8903829429652816,20.0,25.0,1.0,-1.8903829429652816,2.0,40.0,600.0,-1.890382942965282,100.0,1.0,0.0,1.0,0.0,5873
15.0,-1.8903829429652816,20.0,25.0,1.0,-1.8903829429652816,2.0,40.0,600.0,-1.890382942965282,80.0,0.0,0.0,0.0,1.0,5836
15.0,-1.8903829429652816,20.0,25.0,1.0,-1.8903829429652816,2.0,40.0,600.0,-1.890382942965282,80.0,1.0,0.0,0.0,1.0,5723
15.0,-1.8903829429652816,20.0,25.0,1.0,-1.8903829429652816,2.0,40.0,600.0,-1.890382942965282,80.0,1.0,0.0,0.0,1.0,5916
15.0,-1.8903829429652816,20.0,25.0,1.0,-1.8903829429652816,2.0,40.0,600.0,-1.890382942965282,100.0,1.0,0.0,1.0,0.0,5873
15.0,-1.8903829429652816,20.0,25.0,1.0,-1.8903829429652816,2.0,40.0,600.0,-1.890382942965282,80.0,1.0,0.0,0.0,1.0,5836
15.0,-1.8903829429652816,20.0,25.0,1.0,-1.8903829429652816,2.0,40.0,600.0,-1.890382942965282,90.0,0.0,0.0,0.0,0.0,5723
15.0,-1.8903829429652816,20.0,25.0,1.0,-1.8903829429652816,2.0,40.0,600.0,-1.890382942965282,80.0,1.0,0.0,0.0,1.0,5873
15.0,-1.8903829429652816,20.0,25.0,1.0,-1.8903829429652816,2.0,40.0,600.0,-1.890382942965282,80.0,0.0,0.0,0.0,1.0,5891
15.0,-1.8903829429652816,20.0,25.0,1.0,-1.8903829429652816,2.0,40.0,600.0,-1.890382942965282,90.0,1.0,0.0,0.0,0.0,5986
15.0,-1.8903829429652816,20.0,25.0,1.0,-1.8903829429652816,2.0,40.0,600.0,-1.890382942965282,100.0,1.0,1.0,1.0,0.0,5420
15.0,-1.8903829429652816,20.0,25.0,1.0,-1.8903829429652816,2.0,40.0,600.0,-1.890382942965282,80.0,0.0,1.0,0.0,1.0,5454
15.0,-1.8903829429652816,20.0,25.0,1.0,-1.8903829429652816,2.0,40.0,600.0,-1.890382942965282,90.0,1.0,1.0,0.0,0.0,5532
15.0,-1.8903829429652816,20.0,25.0,1.0,-1.8903829429652816,2.0,40.0,600.0,-1.890382942965282,100.0,0.0,1.0,1.0,0.0,5680
15.0,-1.8903829429652816,20.0,25.0,1.0,-1.8903829429652816,2.0,40.0,600.0,-1.890382942965282,80.0,0.0,1.0,0.0,1.0,5836
15.0,-1.8903829429652816,20.0,25.0,1.0,-1.8903829429652816,2.0,40.0,600.0,-1.890382942965282,90.0,1.0,1.0,0.0,0.0,5873
15.0,-1.8903829429652816,20.0,25.0,1.0,-1.8903829429652816,2.0,40.0,600.0,-1.890382942965282,80.0,0.0,1.0,0.0,1.0,5527
15.0,-1.8903829429652816,20.0,25.0,1.0,-1.8903829429652816,2.0,40.0,600.0,-1.890382942965282,100.0,0.0,1.0,1.0,0.0,5916
15.0,-1.8903829429652816,20.0,25.0,1.0,-1.8903829429652816,2.0,40.0,600.0,-1.890382942965282,90.0,0.0,1.0,0.0,0.0,5883
15.0,-1.8903829429652816,20.0,25.0,1.0,-1.8903829429652816,2.0,40.0,600.0,-1.890382942965282,100.0,0.0,1.0,1.0,0.0,5873
15.0,-1.8903829429652816,20.0,25.0,1.0,-1.8903829429652816,2.0,40.0,600.0,-1.890382942965282,80.0,1.0,1.0,0.0,1.0,5855
15.0,-1.8903829429652816,20.0,25.0,1.0,-1.8903829429652816,2.0,40.0,600.0,-1.890382942965282,90.0,0.0,1.0,0.0,0.0,5527
15.0,-1.8903829429652816,20.0,25.0,1.0,-1.8903829429652816,2.0,40.0,600.0,-1.890382942965282,100.0,1.0,0.0,1.0,0.0,5492
15.0,-1.8903829429652816,20.0,25.0,1.0,-1.8903829429652816,2.0,40.0,600.0,-1.890382942965282,80.0,1.0,0.0,0.0,1.0,5855
15.0,-1.8903829429652816,20.0,25.0,1.0,-1.8903829429652816,2.0,40.0,600.0,-1.890382942965282,90.0,0.0,0.0,0.0,0.0,5873
15.0,-1.8903829429652816,20.0,25.0,1.0,-1.8903829429652816,2.0,40.0,600.0,-1.890382942965282,80.0,1.0,0.0,0.0,1.0,5836
15.0,-1.8903829429652816,20.0,25.0,1.0,-1.8903829429652816,2.0,40.0,600.0,-1.890382942965282,100.0,1.0,0.0,1.0,0.0,5873
15.0,-1.8903829429652816,20.0,25.0,1.0,-1.8903829429652816,2.0,40.0,600.0,-1.890382942965282,90.0,1.0,0.0,0.0,0.0,5916
15.0,-1.8903829429652816,20.0,25.0,1.0,-1.8903829429652816,2.0,40.0,600.0,-1.890382942965282,100.0,0.0,0.0,1.0,0.0,5723
15.0,-1.8903829429652816,20.0,25.0,1.0,-1.8903829429652816,2.0,40.0,600.0,-1.890382942965282,80.0,0.0,0.0,0.0,1.0,5532
15.0,-1.8903829429652816,20.0,25.0,1.0,-1.8903829429652816,2.0,40.0,600.0,-1.890382942965282,90.0,0.0,0.0,0.0,0.0,5723
15.0,-1.8903829429652816,20.0,25.0,1.0,-1.8903829429652816,2.0,40.0,600.0,-1.890382942965282,100.0,1.0,0.0,1.0,0.0,5916
15.0,-1.8903829429652816,20.0,25.0,1.0,-1.8903829429652816,2.0,40.0,600.0,-1.890382942965282,80.0,0.0,0.0,0.0,1.0,5873
15.0,-1.8903829429652816,20.0,25.0,1.0,-1.8903829429652816,2.0,40.0,600.0,-1.890382942965282,90.0,1.0,0.0,0.0,0.0,5723
15.0,-1.8903829429652816,20.0,25.0,1.0,-1.8903829429652816,2.0,40.0,600.0,-1.890382942965282,80.0,0.0,0.0,0.0,1.0,5836
15.0,-1.8903829429652816,20.0,25.0,1.0,-1.8903829429652816,2.0,40.0,600.0,-1.890382942965282,100.0,0.0,0.0,1.0,0.0,5916
15.0,-1.8903829429652816,20.0,25.0,1.0,-1.8903829429652816,2.0,40.0,600.0,-1.890382942965282,100.0,1.0,0.0,1.0,0.0,5723
15.0,-1.8903829429652816,20.0,25.0,1.0,-1.8903829429652816,2.0,40.0,600.0,-1.890382942965282,100.0,1.0,0.0,1.0,0.0,5908
15.0,-1.8903829429652816,20.0,25.0,1.0,-1.8903829429652816,2.0,40.0,600.0,-1.890382942965282,100.0,0.0,0.0,1.0,0.0,5410
15.0,-1.8903829429652816,20.0,25.0,1.0,-1.8903829429652816,2.0,40.0,600.0,-1.890382942965282,90.0,1.0,0.0,0.0,0.0,5863
15.0,-1.8903829429652816,20.0,25.0,1.0,-1.8903829429652816,2.0,40.0,600.0,-1.890382942965282,100.0,0.0,0.0,1.0,0.0,5836
15.0,-1.8903829429652816,20.0,25.0,1.0,-1.8903829429652816,2.0,40.0,600.0,-1.890382942965282,100.0,1.0,0.0,1.0,0.0,5836
15.0,-1.8903829429652816,20.0,25.0,1.0,-1.8903829429652816,2.0,40.0,600.0,-1.890382942965282,100.0,1.0,0.0,1.0,0.0,5873
15.0,-1.8903829429652816,20.0,25.0,1.0,-1.8903829429652816,2.0,40.0,600.0,-1.890382942965282,80.0,0.0,0.0,0.0,1.0,5463
15.0,-1.8903829429652816,20.0,25.0,1.0,-1.8903829429652816,2.0,40.0,600.0,-1.890382942965282,80.0,1.0,0.0,0.0,1.0,5916
15.0,-1.8903829429652816,20.0,25.0,1.0,-1.8903829429652816,2.0,40.0,600.0,-1.890382942965282,80.0,0.0,0.0,0.0,1.0,5453
15.0,-1.8903829429652816,20.0,25.0,1.0,-1.8903829429652816,2.0,40.0,600.0,-1.890382942965282,100.0,1.0,0.0,1.0,0.0,5883
15.0,-1.8903829429652816,20.0,25.0,1.0,-1.8903829429652816,2.0,40.0,600.0,-1.890382942965282,80.0,0.0,0.0,0.0,1.0,5723
15.0,-1.8903829429652816,20.0,25.0,1.0,-1.8903829429652816,2.0,40.0,600.0,-1.890382942965282,90.0,0.0,0.0,0.0,0.0,5836
15.0,-1.8903829429652816,20.0,25.0,1.0,-1.8903829429652816,2.0,40.0,600.0,-1.890382942965282,80.0,1.0,0.0,0.0,1.0,5873
15.0,-1.8903829429652816,20.0,25.0,1.0,-1.8903829429652816,2.0,40.0,600.0,-1.890382942965282,80.0,0.0,0.0,0.0,1.0,5873
15.0,-1.8903829429652816,20.0,25.0,1.0,-1.8903829429652816,2.0,40.0,600.0,-1.890382942965282,90.0,1.0,1.0,0.0,0.0,5463
15.0,-1.8903829429652816,20.0,25.0,1.0,-1.8903829429652816,2.0,40.0,600.0,-1.890382942965282,100.0,0.0,1.0,1.0,0.0,5492
15.0,-1.8903829429652816,20.0,25.0,1.0,-1.8903829429652816,2.0,40.0,600.0,-1.890382942965282,80.0,1.0,1.0,0.0,1.0,5723
15.0,-1.8903829429652816,20.0,25.0,1.0,-1.8903829429652816,2.0,40.0,600.0,-1.890382942965282,90.0,0.0,1.0,0.0,0.0,5836
15.0,-1.8903829429652816,20.0,25.0,1.0,-1.8903829429652816,2.0,40.0,600.0,-1.890382942965282,100.0,1.0,1.0,1.0,0.0,5855
15.0,-1.8903829429652816,20.0,25.0,1.0,-1.8903829429652816,2.0,40.0,600.0,-1.890382942965282,80.0,1.0,1.0,0.0,1.0,5836
15.0,-1.8903829429652816,20.0,25.0,1.0,-1.8903829429652816,2.0,40.0,600.0,-1.890382942965282,90.0,1.0,1.0,0.0,0.0,5723
15.0,-1.8903829429652816,20.0,25.0,1.0,-1.8903829429652816,2.0,40.0,600.0,-1.890382942965282,80.0,1.0,1.0,0.0,1.0,5916
15.0,-1.8903829429652816,20.0,25.0,1.0,-1.8903829429652816,2.0,40.0,600.0,-1.890382942965282,100.0,0.0,1.0,1.0,0.0,5873
15.0,-1.8903829429652816,20.0,25.0,1.0,-1.8903829429652816,2.0,40.0,600.0,-1.890382942965282,90.0,1.0,1.0,0.0,0.0,5723
15.0,-1.8903829429652816,20.0,25.0,1.0,-1.8903829429652816,2.0,40.0,600.0,-1.890382942965282,100.0,1.0,1.0,1.0,0.0,5836
15.0,-1.8903829429652816,20.0,25.0,1.0,-1.8903829429652816,2.0,40.0,600.0,-1.890382942965282,80.0,0.0,1.0,0.0,1.0,5723
15.0,-1.8903829429652816,20.0,25.0,1.0,-1.8903829429652816,2.0,40.0,600.0,-1.890382942965282,90.0,1.0,1.0,0.0,0.0,5863
15.0,-1.8903829429652816,20.0,25.0,1.0,-1.8903829429652816,2.0,40.0,600.0,-1.890382942965282,100.0,1.0,0.0,1.0,0.0,5612
15.0,-1.8903829429652816,20.0,25.0,1.0,-1.8903829429652816,2.0,40.0,600.0,-1.890382942965282,80.0,0.0,0.0,0.0,1.0,5836
15.0,-1.8903829429652816,20.0,25.0,1.0,-1.8903829429652816,2.0,40.0,600.0,-1.890382942965282,90.0,1.0,0.0,0.0,0.0,5836
15.0,-1.8903829429652816,20.0,25.0,1.0,-1.8903829429652816,2.0,40.0,600.0,-1.890382942965282,80.0,1.0,0.0,0.0,1.0,5723
15.0,-1.8903829429652816,20.0,25.0,1.0,-1.8903829429652816,2.0,40.0,600.0,-1.890382942965282,100.0,1.0,0.0,1.0,0.0,5836
15.0,-1.8903829429652816,20.0,25.0,1.0,-1.8903829429652816,2.0,40.0,600.0,-1.890382942965282,90.0,0.0,0.0,0.0,0.0,5873
15.0,-1.8903829429652816,20.0,25.0,1.0,-1.8903829429652816,2.0,40.0,600.0,-1.890382942965282,100.0,1.0,0.0,1.0,0.0,5463
15.0,-1.8903829429652816,20.0,25.0,1.0,-1.8903829429652816,2.0,40.0,600.0,-1.890382942965282,80.0,1.0,0.0,0.0,1.0,5916
15.0,-1.8903829429652816,20.0,25.0,1.0,-1.8903829429652816,2.0,40.0,600.0,-1.890382942965282,90.0,0.0,0.0,0.0,0.0,5453
15.0,-1.8903829429652816,20.0,25.0,1.0,-1.8903829429652816,2.0,40.0,600.0,-1.890382942965282,100.0,0.0,0.0,1.0,0.0,5723
15.0,-1.8903829429652816,20.0,25.0,1.0,-1.8903829429652816,2.0,40.0,600.0,-1.890382942965282,80.0,0.0,0.0,0.0,1.0,5873
15.0,-1.8903829429652816,20.0,25.0,1.0,-1.8903829429652816,2.0,40.0,600.0,-1.890382942965282,90.0,0.0,0.0,0.0,0.0,5420
15.0,-1.8903829429652816,20.0,25.0,1.0,-1.8903829429652816,2.0,40.0,600.0,-1.890382942965282,80.0,0.0,0.0,0.0,1.0,5680
15.0,-1.8903829429652816,20.0,25.0,1.0,-1.8903829429652816,2.0,40.0,600.0,-1.890382942965282,100.0,0.0,0.0,1.0,0.0,5527
15.0,-1.8903829429652816,20.0,25.0,1.0,-1.8903829429652816,2.0,40.0,600.0,-1.890382942965282,100.0,0.0,0.0,1.0,0.0,5873
15.0,-1.8903829429652816,20.0,25.0,1.0,-1.8903829429652816,2.0,40.0,600.0,-1.890382942965282,100.0,1.0,0.0,1.0,0.0,5492
15.0,-1.8903829429652816,20.0,25.0,1.0,-1.8903829429652816,2.0,40.0,600.0,-1.890382942965282,100.0,1.0,0.0,1.0,0.0,5836
15.0,-1.8903829429652816,20.0,25.0,1.0,-1.8903829429652816,2.0,40.0,600.0,-1.890382942965282,90.0,1.0,0.0,0.0,0.0,5723
15.0,-1.8903829429652816,20.0,25.0,1.0,-1.8903829429652816,2.0,40.0,600.0,-1.890382942965282,100.0,1.0,0.0,1.0,0.0,5723
15.0,-1.8903829429652816,20.0,25.0,1.0,-1.8903829429652816,2.0,40.0,600.0,-1.890382942965282,100.0,1.0,0.0,1.0,0.0,5916
15.0,-1.8903829429652816,20.0,25.0,1.0,-1.8903829429652816,2.0,40.0,600.0,-1.890382942965282,100.0,1.0,0.0,1.0,0.0,5723
15.0,-1.8903829429652816,20.0,25.0,1.0,-1.8903829429652816,2.0,40.0,600.0,-1.890382942965282,80.0,1.0,0.0,0.0,1.0,5723
15.0,-1.8903829429652816,20.0,25.0,1.0,-1.8903829429652816,2.0,40.0,600.0,-1.890382942965282,80.0,1.0,0.0,0.0,1.0,5908
15.0,-1.8903829429652816,20.0,25.0,1.0,-1.8903829429652816,2.0,40.0,600.0,-1.890382942965282,80.0,0.0,1.0,0.0,1.0,5410
15.0,-1.8903829429652816,20.0,25.0,1.0,-1.8903829429652816,2.0,40.0,600.0,-1.890382942965282,100.0,0.0,1.0,1.0,0.0,5863
15.0,-1.8903829429652816,20.0,25.0,1.0,-1.8903829429652816,2.0,40.0,600.0,-1.890382942965282,80.0,0.0,1.0,0.0,1.0,5612
15.0,-1.8903829429652816,20.0,25.0,1.0,-1.8903829429652816,2.0,40.0,600.0,-1.890382942965282,90.0,0.0,1.0,0.0,0.0,5836
15.0,-1.8903829429652816,20.0,25.0,1.0,-1.8903829429652816,2.0,40.0,600.0,-1.890382942965282,80.0,0.0,1.0,0.0,1.0,5836
15.0,-1.8903829429652816,20.0,25.0,1.0,-1.8903829429652816,2.0,40.0,600.0,-1.890382942965282,80.0,0.0,1.0,0.0,1.0,5723
15.0,-1.8903829429652816,20.0,25.0,1.0,-1.8903829429652816,2.0,40.0,600.0,-1.890382942965282,90.0,0.0,1.0,0.0,0.0,5836
15.0,-1.8903829429652816,20.0,25.0,1.0,-1.8903829429652816,2.0,40.0,600.0,-1.890382942965282,100.0,0.0,1.0,1.0,0.0,5873
15.0,-1.8903829429652816,20.0,25.0,1.0,-1.8903829429652816,2.0,40.0,600.0,-1.890382942965282,80.0,1.0,1.0,0.0,1.0,5916
15.0,-1.8903829429652816,20.0,25.0,1.0,-1.8903829429652816,2.0,40.0,600.0,-1.890382942965282,90.0,1.0,1.0,0.0,0.0,5723
15.0,-1.8903829429652816,20.0,25.0,1.0,-1.8903829429652816,2.0,40.0,600.0,-1.890382942965282,100.0,1.0,1.0,1.0,0.0,5836
15.0,-1.8903829429652816,20.0,25.0,1.0,-1.8903829429652816,2.0,40.0,600.0,-1.890382942965282,80.0,1.0,1.0,0.0,1.0,5873
15.0,-1.8903829429652816,20.0,25.0,1.0,-1.8903829429652816,2.0,40.0,600.0,-1.890382942965282,90.0,1.0,1.0,0.0,0.0,5873
15.0,-1.8903829429652816,20.0,25.0,1.0,-1.8903829429652816,2.0,40.0,600.0,-1.890382942965282,80.0,1.0,0.0,0.0,1.0,5527
15.0,-1.8903829429652816,20.0,25.0,1.0,-1.8903829429652816,2.0,40.0,600.0,-1.890382942965282,100.0,1.0,0.0,1.0,0.0,5463
15.0,-1.8903829429652816,20.0,25.0,1.0,-1.8903829429652816,2.0,40.0,600.0,-1.890382942965282,90.0,0.0,0.0,0.0,0.0,5916
15.0,-1.8903829429652816,20.0,25.0,1.0,-1.8903829429652816,2.0,40.0,600.0,-1.890382942965282,100.0,1.0,0.0,1.0,0.0,5883
15.0,-1.8903829429652816,20.0,25.0,1.0,-1.8903829429652816,2.0,40.0,600.0,-1.890382942965282,80.0,0.0,0.0,0.0,1.0,5492
15.0,-1.8903829429652816,20.0,25.0,1.0,-1.8903829429652816,2.0,40.0,600.0,-1.890382942965282,90.0,1.0,0.0,0.0,0.0,5723
15.0,-1.8903829429652816,20.0,25.0,1.0,-1.8903829429652816,2.0,40.0,600.0,-1.890382942965282,100.0,0.0,0.0,1.0,0.0,5855
15.0,-1.8903829429652816,20.0,25.0,1.0,-1.8903829429652816,2.0,40.0,600.0,-1.890382942965282,80.0,0.0,0.0,0.0,1.0,5916
15.0,-1.8903829429652816,20.0,25.0,1.0,-1.8903829429652816,2.0,40.0,600.0,-1.890382942965282,90.0,1.0,0.0,0.0,0.0,5873
15.0,-1.8903829429652816,20.0,25.0,1.0,-1.8903829429652816,2.0,40.0,600.0,-1.890382942965282,80.0,0.0,0.0,0.0,1.0,5723
15.0,-1.8903829429652816,20.0,25.0,1.0,-1.8903829429652816,2.0,40.0,600.0,-1.890382942965282,100.0,1.0,0.0,1.0,0.0,5836
15.0,-1.8903829429652816,20.0,25.0,1.0,-1.8903829429652816,2.0,40.0,600.0,-1.890382942965282,90.0,0.0,0.0,0.0,0.0,5916
15.0,-1.8903829429652816,20.0,25.0,1.0,-1.8903829429652816,2.0,40.0,600.0,-1.890382942965282,100.0,1.0,0.0,1.0,0.0,5723
15.0,-1.8903829429652816,20.0,25.0,1.0,-1.8903829429652816,2.0,40.0,600.0,-1.890382942965282,80.0,0.0,0.0,0.0,1.0,5908
15.0,-1.8903829429652816,20.0,25.0,1.0,-1.8903829429652816,2.0,40.0,600.0,-1.890382942965282,90.0,1.0,1.0,0.0,0.0,5410
15.0,-1.8903829429652816,20.0,25.0,1.0,-1.8903829429652816,2.0,40.0,600.0,-1.890382942965282,100.0,1.0,1.0,1.0,0.0,5863
15.0,-1.8903829429652816,20.0,25.0,1.0,-1.8903829429652816,2.0,40.0,600.0,-1.890382942965282,80.0,0.0,1.0,0.0,1.0,5612
15.0,-1.8903829429652816,20.0,25.0,1.0,-1.8903829429652816,2.0,40.0,600.0,-1.890382942965282,90.0,1.0,1.0,0.0,0.0,5836
15.0,-1.8903829429652816,20.0,25.0,1.0,-1.8903829429652816,2.0,40.0,600.0,-1.890382942965282,80.0,1.0,1.0,0.0,1.0,5873
15.0,-1.8903829429652816,20.0,25.0,1.0,-1.8903829429652816,2.0,40.0,600.0,-1.890382942965282,100.0,0.0,1.0,1.0,0.0,5463
15.0,-1.8903829429652816,20.0,25.0,1.0,-1.8903829429652816,2.0,40.0,600.0,-1.890382942965282,100.0,1.0,1.0,1.0,0.0,5916
15.0,-1.8903829429652816,20.0,25.0,1.0,-1.8903829429652816,2.0,40.0,600.0,-1.890382942965282,100.0,1.0,1.0,1.0,0.0,5453
15.0,-1.8903829429652816,20.0,25.0,1.0,-1.8903829429652816,2.0,40.0,600.0,-1.890382942965282,100.0,1.0,1.0,1.0,0.0,5883
15.0,-1.8903829429652816,20.0,25.0,1.0,-1.8903829429652816,2.0,40.0,600.0,-1.890382942965282,90.0,1.0,1.0,0.0,0.0,5723
15.0,-1.8903829429652816,20.0,25.0,1.0,-1.8903829429652816,2.0,40.0,600.0,-1.890382942965282,100.0,0.0,0.0,1.0,0.0,5836
15.0,-1.8903829429652816,20.0,25.0,1.0,-1.8903829429652816,2.0,40.0,600.0,-1.890382942965282,100.0,1.0,0.0,1.0,0.0,5873
15.0,-1.8903829429652816,20.0,25.0,1.0,-1.8903829429652816,2.0,40.0,600.0,-1.890382942965282,100.0,0.0,0.0,1.0,0.0,5873
15.0,-1.8903829429652816,20.0,25.0,1.0,-1.8903829429652816,2.0,40.0,600.0,-1.890382942965282,80.0,1.0,0.0,0.0,1.0,5420
15.0,-1.8903829429652816,20.0,25.0,1.0,-1.8903829429652816,2.0,40.0,600.0,-1.890382942965282,80.0,1.0,0.0,0.0,1.0,5527
15.0,-1.8903829429652816,20.0,25.0,1.0,-1.8903829429652816,2.0,40.0,600.0,-1.890382942965282,80.0,0.0,0.0,0.0,1.0,5836
15.0,-1.8903829429652816,20.0,25.0,1.0,-1.8903829429652816,2.0,40.0,600.0,-1.890382942965282,100.0,1.0,0.0,1.0,0.0,5723
15.0,-1.8903829429652816,20.0,25.0,1.0,-1.8903829429652816,2.0,40.0,600.0,-1.890382942965282,80.0,0.0,0.0,0.0,1.0,5723
15.0,-1.8903829429652816,20.0,25.0,1.0,-1.8903829429652816,2.0,40.0,600.0,-1.890382942965282,90.0,0.0,0.0,0.0,0.0,5916
15.0,-1.8903829429652816,20.0,25.0,1.0,-1.8903829429652816,2.0,40.0,600.0,-1.890382942965282,80.0,1.0,0.0,0.0,1.0,5873
15.0,-1.8903829429652816,20.0,25.0,1.0,-1.8903829429652816,2.0,40.0,600.0,-1.890382942965282,80.0,0.0,0.0,0.0,1.0,5723
15.0,-1.8903829429652816,20.0,25.0,1.0,-1.8903829429652816,2.0,40.0,600.0,-1.890382942965282,90.0,0.0,0.0,0.0,0.0,5836
15.0,-1.8903829429652816,20.0,25.0,1.0,-1.8903829429652816,2.0,40.0,600.0,-1.890382942965282,100.0,0.0,0.0,1.0,0.0,5916
15.0,-1.8903829429652816,20.0,25.0,1.0,-1.8903829429652816,2.0,40.0,600.0,-1.890382942965282,80.0,0.0,0.0,0.0,1.0,5723
15.0,-1.8903829429652816,20.0,25.0,1.0,-1.8903829429652816,2.0,40.0,600.0,-1.890382942965282,90.0,1.0,0.0,0.0,0.0,5908
15.0,-1.8903829429652816,20.0,25.0,1.0,-1.8903829429652816,2.0,40.0,600.0,-1.890382942965282,100.0,0.0,0.0,1.0,0.0,5863
15.0,-1.8903829429652816,20.0,25.0,1.0,-1.8903829429652816,2.0,40.0,600.0,-1.890382942965282,80.0,1.0,0.0,0.0,1.0,5836
15.0,-1.8903829429652816,20.0,25.0,1.0,-1.8903829429652816,2.0,40.0,600.0,-1.890382942965282,90.0,1.0,0.0,0.0,0.0,5723
15.0,-1.8903829429652816,20.0,25.0,1.0,-1.8903829429652816,2.0,40.0,600.0,-1.890382942965282,80.0,0.0,0.0,0.0,1.0,5836
15.0,-1.8903829429652816,20.0,25.0,1.0,-1.8903829429652816,2.0,40.0,600.0,-1.890382942965282,100.0,1.0,0.0,1.0,0.0,5873
15.0,-1.8903829429652816,20.0,25.0,1.0,-1.8903829429652816,2.0,40.0,600.0,-1.890382942965282,90.0,1.0,0.0,0.0,0.0,5463
15.0,-1.8903829429652816,20.0,25.0,1.0,-1.8903829429652816,2.0,40.0,600.0,-1.890382942965282,100.0,1.0,0.0,1.0,0.0,5916
15.0,-1.8903829429652816,20.0,25.0,1.0,-1.8903829429652816,2.0,40.0,600.0,-1.890382942965282,80.0,0.0,0.0,0.0,1.0,5453
15.0,-1.8903829429652816,20.0,25.0,1.0,-1.8903829429652816,2.0,40.0,600.0,-1.890382942965282,90.0,0.0,0.0,0.0,0.0,5883
15.0,-1.8903829429652816,20.0,25.0,1.0,-1.8903829429652816,2.0,40.0,600.0,-1.890382942965282,100.0,0.0,0.0,1.0,0.0,5723
15.0,-1.8903829429652816,20.0,25.0,1.0,-1.8903829429652816,2.0,40.0,600.0,-1.890382942965282,80.0,1.0,0.0,0.0,1.0,5836
15.0,-1.8903829429652816,20.0,25.0,1.0,-1.8903829429652816,2.0,40.0,600.0,-1.890382942965282,90.0,0.0,0.0,0.0,0.0,5873
15.0,-1.8903829429652816,20.0,25.0,1.0,-1.8903829429652816,2.0,40.0,600.0,-1.890382942965282,80.0,1.0,0.0,0.0,1.0,5916
15.0,-1.8903829429652816,20.0,25.0,1.0,-1.8903829429652816,2.0,40.0,600.0,-1.890382942965282,100.0,0.0,0.0,1.0,0.0,5883
15.0,-1.8903829429652816,20.0,25.0,1.0,-1.8903829429652816,2.0,40.0,600.0,-1.890382942965282,90.0,0.0,0.0,0.0,0.0,5492
15.0,-1.8903829429652816,20.0,25.0,1.0,-1.8903829429652816,2.0,40.0,600.0,-1.890382942965282,100.0,1.0,0.0,1.0,0.0,5723
15.0,-1.8903829429652816,20.0,25.0,1.0,-1.8903829429652816,2.0,40.0,600.0,-1.890382942965282,80.0,1.0,0.0,0.0,1.0,5836
15.0,-1.8903829429652816,20.0,25.0,1.0,-1.8903829429652816,2.0,40.0,600.0,-1.890382942965282,90.0,0.0,0.0,0.0,0.0,5855
15.0,-1.8903829429652816,20.0,25.0,1.0,-1.8903829429652816,2.0,40.0,600.0,-1.890382942965282,100.0,1.0,0.0,1.0,0.0,5836
15.0,-1.8903829429652816,20.0,25.0,1.0,-1.8903829429652816,2.0,40.0,600.0,-1.890382942965282,80.0,0.0,1.0,0.0,1.0,5723
15.0,-1.8903829429652816,20.0,25.0,1.0,-1.8903829429652816,2.0,40.0,600.0,-1.890382942965282,90.0,1.0,1.0,0.0,0.0,5916
15.0,-1.8903829429652816,20.0,25.0,1.0,-1.8903829429652816,2.0,40.0,600.0,-1.890382942965282,80.0,1.0,1.0,0.0,1.0,5873
15.0,-1.8903829429652816,20.0,25.0,1.0,-1.8903829429652816,2.0,40.0,600.0,-1.890382942965282,100.0,0.0,1.0,1.0,0.0,5836
15.0,-1.8903829429652816,20.0,25.0,1.0,-1.8903829429652816,2.0,40.0,600.0,-1.890382942965282,100.0,1.0,1.0,1.0,0.0,5908
15.0,-1.8903829429652816,20.0,25.0,1.0,-1.8903829429652816,2.0,40.0,600.0,-1.890382942965282,100.0,0.0,1.0,1.0,0.0,5410
15.0,-1.8903829429652816,20.0,25.0,1.0,-1.8903829429652816,2.0,40.0,600.0,-1.890382942965282,100.0,1.0,1.0,1.0,0.0,5863
15.0,-1.8903829429652816,20.0,25.0,1.0,-1.8903829429652816,2.0,40.0,600.0,-1.890382942965282,90.0,0.0,1.0,0.0,0.0,5612
15.0,-1.8903829429652816,20.0,25.0,1.0,-1.8903829429652816,2.0,40.0,600.0,-1.890382942965282,100.0,0.0,1.0,1.0,0.0,5836
15.0,-1.8903829429652816,20.0,25.0,1.0,-1.8903829429652816,2.0,40.0,600.0,-1.890382942965282,100.0,1.0,1.0,1.0,0.0,5836
15.0,-1.8903829429652816,20.0,25.0,1.0,-1.8903829429652816,2.0,40.0,600.0,-1.890382942965282,100.0,0.0,1.0,1.0,0.0,5723
15.0,-1.8903829429652816,20.0,25.0,1.0,-1.8903829429652816,2.0,40.0,600.0,-1.890382942965282,80.0,1.0,1.0,0.0,1.0,5836
15.0,-1.8903829429652816,20.0,25.0,1.0,-1.8903829429652816,2.0,40.0,600.0,-1.890382942965282,80.0,0.0,1.0,0.0,1.0,5873
15.0,-1.8903829429652816,20.0,25.0,1.0,-1.8903829429652816,2.0,40.0,600.0,-1.890382942965282,80.0,1.0,1.0,0.0,1.0,5463
15.0,-1.8903829429652816,20.0,25.0,1.0,-1.8903829429652816,2.0,40.0,600.0,-1.890382942965282,100.0,0.0,1.0,1.0,0.0,5453
15.0,-1.8903829429652816,20.0,25.0,1.0,-1.8903829429652816,2.0,40.0,600.0,-1.890382942965282,80.0,1.0,1.0,0.0,1.0,5836
15.0,-1.8903829429652816,20.0,25.0,1.0,-1.8903829429652816,2.0,40.0,600.0,-1.890382942965282,90.0,1.0,1.0,0.0,0.0,5873
15.0,-1.8903829429652816,20.0,25.0,1.0,-1.8903829429652816,2.0,40.0,600.0,-1.890382942965282,80.0,1.0,1.0,0.0,1.0,5873
15.0,-1.8903829429652816,20.0,25.0,1.0,-1.8903829429652816,2.0,40.0,600.0,-1.890382942965282,80.0,1.0,1.0,0.0,1.0,5420
15.0,-1.8903829429652816,20.0,25.0,1.0,-1.8903829429652816,2.0,40.0,600.0,-1.890382942965282,90.0,0.0,1.0,0.0,0.0,5680
15.0,-1.8903829429652816,20.0,25.0,1.0,-1.8903829429652816,2.0,40.0,600.0,-1.890382942965282,100.0,1.0,1.0,1.0,0.0,5527
15.0,-1.8903829429652816,20.0,25.0,1.0,-1.8903829429652816,2.0,40.0,600.0,-1.890382942965282,80.0,1.0,1.0,0.0,1.0,5873
15.0,-1.8903829429652816,20.0,25.0,1.0,-1.8903829429652816,2.0,40.0,600.0,-1.890382942965282,90.0,0.0,1.0,0.0,0.0,5492
15.0,-1.8903829429652816,20.0,25.0,1.0,-1.8903829429652816,2.0,40.0,600.0,-1.890382942965282,100.0,1.0,1.0,1.0,0.0,5836
15.0,-1.8903829429652816,20.0,25.0,1.0,-1.8903829429652816,2.0,40.0,600.0,-1.890382942965282,80.0,1.0,1.0,0.0,1.0,5723
15.0,-1.8903829429652816,20.0,25.0,1.0,-1.8903829429652816,2.0,40.0,600.0,-1.890382942965282,90.0,0.0,1.0,0.0,0.0,5723
15.0,-1.8903829429652816,20.0,25.0,1.0,-1.8903829429652816,2.0,40.0,600.0,-1.890382942965282,80.0,1.0,1.0,0.0,1.0,5723
15.0,-1.8903829429652816,20.0,25.0,1.0,-1.8903829429652816,2.0,40.0,600.0,-1.890382942965282,100.0,1.0,0.0,1.0,0.0,5836
15.0,-1.8903829429652816,20.0,25.0,1.0,-1.8903829429652816,2.0,40.0,600.0,-1.890382942965282,90.0,1.0,0.0,0.0,0.0,5916
15.0,-1.8903829429652816,20.0,25.0,1.0,-1.8903829429652816,2.0,40.0,600.0,-1.890382942965282,100.0,0.0,0.0,1.0,0.0,5723
15.0,-1.8903829429652816,20.0,25.0,1.0,-1.8903829429652816,2.0,40.0,600.0,-1.890382942965282,80.0,1.0,0.0,0.0,1.0,5908
15.0,-1.8903829429652816,20.0,25.0,1.0,-1.8903829429652816,2.0,40.0,600.0,-1.890382942965282,90.0,1.0,0.0,0.0,0.0,5410
15.0,-1.8903829429652816,20.0,25.0,1.0,-1.8903829429652816,2.0,40.0,600.0,-1.890382942965282,100.0,0.0,0.0,1.0,0.0,5863
15.0,-1.8903829429652816,20.0,25.0,1.0,-1.8903829429652816,2.0,40.0,600.0,-1.890382942965282,80.0,0.0,0.0,0.0,1.0,5612
15.0,-1.8903829429652816,20.0,25.0,1.0,-1.8903829429652816,2.0,40.0,600.0,-1.890382942965282,90.0,0.0,0.0,0.0,0.0,5836
15.0,-1.8903829429652816,20.0,25.0,1.0,-1.8903829429652816,2.0,40.0,600.0,-1.890382942965282,80.0,0.0,0.0,0.0,1.0,5836
15.0,-1.8903829429652816,20.0,25.0,1.0,-1.8903829429652816,2.0,40.0,600.0,-1.890382942965282,100.0,0.0,0.0,1.0,0.0,5836
15.0,-1.8903829429652816,20.0,25.0,1.0,-1.8903829429652816,2.0,40.0,600.0,-1.890382942965282,90.0,0.0,0.0,0.0,0.0,5916
15.0,-1.8903829429652816,20.0,25.0,1.0,-1.8903829429652816,2.0,40.0,600.0,-1.890382942965282,100.0,0.0,0.0,1.0,0.0,5453
15.0,-1.8903829429652816,20.0,25.0,1.0,-1.8903829429652816,2.0,40.0,600.0,-1.890382942965282,80.0,1.0,0.0,0.0,1.0,5883
15.0,-1.8903829429652816,20.0,25.0,1.0,-1.8903829429652816,2.0,40.0,600.0,-1.890382942965282,90.0,1.0,0.0,0.0,0.0,5723
15.0,-1.8903829429652816,20.0,25.0,1.0,-1.8903829429652816,2.0,40.0,600.0,-1.890382942965282,100.0,1.0,0.0,1.0,0.0,5836
15.0,-1.8903829429652816,20.0,25.0,1.0,-1.8903829429652816,2.0,40.0,600.0,-1.890382942965282,80.0,1.0,0.0,0.0,1.0,5873
15.0,-1.8903829429652816,20.0,25.0,1.0,-1.8903829429652816,2.0,40.0,600.0,-1.890382942965282,90.0,1.0,0.0,0.0,0.0,5873
15.0,-1.8903829429652816,20.0,25.0,1.0,-1.8903829429652816,2.0,40.0,600.0,-1.890382942965282,80.0,1.0,0.0,0.0,1.0,5527
15.0,-1.8903829429652816,20.0,25.0,1.0,-1.8903829429652816,2.0,40.0,600.0,-1.890382942965282,100.0,1.0,0.0,1.0,0.0,5463
15.0,-1.8903829429652816,20.0,25.0,1.0,-1.8903829429652816,2.0,40.0,600.0,-1.890382942965282,100.0,1.0,0.0,1.0,0.0,5916
15.0,-1.8903829429652816,20.0,25.0,1.0,-1.8903829429652816,2.0,40.0,600.0,-1.890382942965282,100.0,0.0,0.0,1.0,0.0,5492
15.0,-1.8903829429652816,20.0,25.0,1.0,-1.8903829429652816,2.0,40.0,600.0,-1.890382942965282,100.0,0.0,0.0,1.0,0.0,5855
15.0,-1.8903829429652816,20.0,25.0,1.0,-1.8903829429652816,2.0,40.0,600.0,-1.890382942965282,90.0,0.0,0.0,0.0,0.0,5836
15.0,-1.8903829429652816,20.0,25.0,1.0,-1.8903829429652816,2.0,40.0,600.0,-1.890382942965282,100.0,0.0,0.0,1.0,0.0,5723
15.0,-1.8903829429652816,20.0,25.0,1.0,-1.8903829429652816,2.0,40.0,600.0,-1.890382942965282,100.0,1.0,0.0,1.0,0.0,5916
15.0,-1.8903829429652816,20.0,25.0,1.0,-1.8903829429652816,2.0,40.0,600.0,-1.890382942965282,100.0,0.0,0.0,1.0,0.0,5873
15.0,-1.8903829429652816,20.0,25.0,1.0,-1.8903829429652816,2.0,40.0,600.0,-1.890382942965282,80.0,0.0,0.0,0.0,1.0,5723
15.0,-1.8903829429652816,20.0,25.0,1.0,-1.8903829429652816,2.0,40.0,600.0,-1.890382942965282,80.0,0.0,0.0,0.0,1.0,5836
15.0,-1.8903829429652816,20.0,25.0,1.0,-1.8903829429652816,2.0,40.0,600.0,-1.890382942965282,80.0,1.0,0.0,0.0,1.0,5916
15.0,-1.8903829429652816,20.0,25.0,1.0,-1.8903829429652816,2.0,40.0,600.0,-1.890382942965282,100.0,1.0,0.0,1.0,0.0,5723
15.0,-1.8903829429652816,20.0,25.0,1.0,-1.8903829429652816,2.0,40.0,600.0,-1.890382942965282,80.0,1.0,0.0,0.0,1.0,5908
15.0,-1.8903829429652816,20.0,25.0,1.0,-1.8903829429652816,2.0,40.0,600.0,-1.890382942965282,90.0,1.0,0.0,0.0,0.0,5863
15.0,-1.8903829429652816,20.0,25.0,1.0,-1.8903829429652816,2.0,40.0,600.0,-1.890382942965282,80.0,1.0,0.0,0.0,1.0,5836
15.0,-1.8903829429652816,20.0,25.0,1.0,-1.8903829429652816,2.0,40.0,600.0,-1.890382942965282,80.0,1.0,0.0,0.0,1.0,5723
15.0,-1.8903829429652816,20.0,25.0,1.0,-1.8903829429652816,2.0,40.0,600.0,-1.890382942965282,90.0,1.0,0.0,0.0,0.0,5836
15.0,-1.8903829429652816,20.0,25.0,1.0,-1.8903829429652816,2.0,40.0,600.0,-1.890382942965282,100.0,0.0,0.0,1.0,0.0,5873
15.0,-1.8903829429652816,20.0,25.0,1.0,-1.8903829429652816,2.0,40.0,600.0,-1.890382942965282,80.0,1.0,0.0,0.0,1.0,5463
15.0,-1.8903829429652816,20.0,25.0,1.0,-1.8903829429652816,2.0,40.0,600.0,-1.890382942965282,90.0,0.0,1.0,0.0,0.0,5916
15.0,-1.8903829429652816,20.0,25.0,1.0,-1.8903829429652816,2.0,40.0,600.0,-1.890382942965282,100.0,1.0,1.0,1.0,0.0,5453
15.0,-1.8903829429652816,20.0,25.0,1.0,-1.8903829429652816,2.0,40.0,600.0,-1.890382942965282,80.0,0.0,1.0,0.0,1.0,5883
15.0,-1.8903829429652816,20.0,25.0,1.0,-1.8903829429652816,2.0,40.0,600.0,-1.890382942965282,90.0,0.0,1.0,0.0,0.0,5723
15.0,-1.8903829429652816,20.0,25.0,1.0,-1.8903829429652816,2.0,40.0,600.0,-1.890382942965282,80.0,1.0,1.0,0.0,1.0,5836
15.0,-1.8903829429652816,20.0,25.0,1.0,-1.8903829429652816,2.0,40.0,600.0,-1.890382942965282,100.0,0.0,1.0,1.0,0.0,5873
15.0,-1.8903829429652816,20.0,25.0,1.0,-1.8903829429652816,2.0,40.0,600.0,-1.890382942965282,90.0,1.0,1.0,0.0,0.0,5527
15.0,-1.8903829429652816,20.0,25.0,1.0,-1.8903829429652816,2.0,40.0,600.0,-1.890382942965282,100.0,0.0,1.0,1.0,0.0,5873
15.0,-1.8903829429652816,20.0,25.0,1.0,-1.8903829429652816,2.0,40.0,600.0,-1.890382942965282,80.0,1.0,1.0,0.0,1.0,5492
15.0,-1.8903829429652816,20.0,25.0,1.0,-1.8903829429652816,2.0,40.0,600.0,-1.890382942965282,90.0,0.0,1.0,0.0,0.0,5836
15.0,-1.8903829429652816,20.0,25.0,1.0,-1.8903829429652816,2.0,40.0,600.0,-1.890382942965282,100.0,1.0,1.0,1.0,0.0,5723
15.0,-1.8903829429652816,20.0,25.0,1.0,-1.8903829429652816,2.0,40.0,600.0,-1.890382942965282,80.0,1.0,1.0,0.0,1.0,5723
15.0,-1.8903829429652816,20.0,25.0,1.0,-1.8903829429652816,2.0,40.0,600.0,-1.890382942965282,90.0,0.0,1.0,0.0,0.0,5916
15.0,-1.8903829429652816,20.0,25.0,1.0,-1.8903829429652816,2.0,40.0,600.0,-1.890382942965282,80.0,1.0,1.0,0.0,1.0,5873
