Micronutrients_70Days,Potassh_50Days,Nursery area (Cents),Seedrate(in Kg),Hectares ,Urea_40Days,Weed28D_thiobencarb,DAP_20days,Pest_60Day(in ml),LP_Mainfield(in Tonnes),Trash(in bundles),Soil Types_clay,Nursery_wet,Variety_ponmani,Variety_delux ponni,Paddy yield(in Kg)
1.5878318795246056,1.5878318795246062,1.5878318795246054,1.5878318795246058,1.5878318795246054,1.587831879524605,1.5878318795246054,1.5878318795246054,1.5878318795246054,1.5878318795246058,1.5227344749101237,0.0,0.0,0.0,0.0,35028
1.5878318795246056,1.5878318795246062,1.5878318795246054,1.5878318795246058,1.5878318795246054,1.587831879524605,1.5878318795246054,1.5878318795246054,1.5878318795246054,1.5878318795246058,1.9695264286053475,1.0,1.0,1.0,0.0,35412
1.5878318795246056,1.5878318795246062,1.5878318795246054,1.5878318795246058,1.5878318795246054,1.587831879524605,1.5878318795246054,1.5878318795246054,1.5878318795246054,1.5878318795246058,1.9695264286053475,0.0,0.0,0.0,1.0,36300
1.5878318795246056,1.5878318795246062,1.5878318795246054,1.5878318795246058,1.5878318795246054,1.587831879524605,1.5878318795246054,1.5878318795246054,1.5878318795246054,1.5878318795246058,1.5227344749101237,1.0,1.0,0.0,0.0,35016
1.5878318795246056,1.5878318795246062,1.5878318795246054,1.5878318795246058,1.5878318795246054,1.587831879524605,1.5878318795246054,1.5878318795246054,1.5878318795246054,1.5878318795246058,1.9695264286053475,0.0,0.0,1.0,0.0,34044
1.5878318795246056,1.5878318795246062,1.5878318795246054,1.5878318795246058,1.5878318795246054,1.587831879524605,1.5878318795246054,1.5878318795246054,1.5878318795246054,1.5878318795246058,1.0759425212148996,0.0,1.0,0.0,1.0,36732
1.5878318795246056,1.5878318795246062,1.5878318795246054,1.5878318795246058,1.5878318795246054,1.587831879524605,1.5878318795246054,1.5878318795246054,1.5878318795246054,1.5878318795246058,1.5227344749101237,1.0,1.0,0.0,0.0,33162
1.5878318795246056,1.5878318795246062,1.5878318795246054,1.5878318795246058,1.5878318795246054,1.587831879524605,1.5878318795246054,1.5878318795246054,1.5878318795246054,1.5878318795246058,1.0759425212148996,0.0,0.0,0.0,1.0,36690
1.5878318795246056,1.5878318795246062,1.5878318795246054,1.5878318795246058,1.5878318795246054,1.587831879524605,1.5878318795246054,1.5878318795246054,1.5878318795246054,1.5878318795246058,1.9695264286053475,1.0,0.0,1.0,0.0,35310
1.5878318795246056,1.5878318795246062,1.5878318795246054,1.5878318795246058,1.5878318795246054,1.587831879524605,1.5878318795246054,1.5878318795246054,1.5878318795246054,1.5878318795246058,1.5227344749101237,0.0,0.0,0.0,0.0,32460
1.5878318795246056,1.5878318795246062,1.5878318795246054,1.5878318795246058,1.5878318795246054,1.587831879524605,1.5878318795246054,1.5878318795246054,1.5878318795246054,1.5878318795246058,1.9695264286053475,1.0,1.0,1.0,0.0,34152
1.5878318795246056,1.5878318795246062,1.5878318795246054,1.5878318795246058,1.5878318795246054,1.587831879524605,1.5878318795246054,1.5878318795246054,1.5878318795246054,1.5878318795246058,1.0759425212148996,0.0,1.0,0.0,1.0,36090
1.5878318795246056,1.5878318795246062,1.5878318795246054,1.5878318795246058,1.5878318795246054,1.587831879524605,1.5878318795246054,1.5878318795246054,1.5878318795246054,1.5878318795246058,1.5227344749101237,1.0,1.0,0.0,0.0,34596
1.5878318795246056,1.5878318795246062,1.5878318795246054,1.5878318795246058,1.5878318795246054,1.587831879524605,1.5878318795246054,1.5878318795246054,1.5878318795246054,1.5878318795246058,1.9695264286053475,1.0,1.0,1.0,0.0,34458
1.5878318795246056,1.5878318795246062,1.5878318795246054,1.5878318795246058,1.5878318795246054,1.587831879524605,1.5878318795246054,1.5878318795246054,1.5878318795246054,1.5878318795246058,1.0759425212148996,1.0,1.0,0.0,1.0,37926
1.5878318795246056,1.5878318795246062,1.5878318795246054,1.5878318795246058,1.5878318795246054,1.587831879524605,1.5878318795246054,1.5878318795246054,1.5878318795246054,1.5878318795246058,1.5227344749101237,1.0,1.0,0.0,0.0,32778
1.5878318795246056,1.5878318795246062,1.5878318795246054,1.5878318795246058,1.5878318795246054,1.587831879524605,1.5878318795246054,1.5878318795246054,1.5878318795246054,1.5878318795246058,1.0759425212148996,0.0,0.0,0.0,1.0,37278
1.5878318795246056,1.5878318795246062,1.5878318795246054,1.5878318795246058,1.5878318795246054,1.587831879524605,1.5878318795246054,1.5878318795246054,1.5878318795246054,1.5878318795246058,1.9695264286053475,1.0,0.0,1.0,0.0,33666
1.5878318795246056,1.5878318795246062,1.5878318795246054,1.5878318795246058,1.5878318795246054,1.587831879524605,1.5878318795246054,1.5878318795246054,1.5878318795246054,1.5878318795246058,1.5227344749101237,1.0,0.0,0.0,0.0,34386
1.5878318795246056,1.5878318795246062,1.5878318795246054,1.5878318795246058,1.5878318795246054,1.587831879524605,1.5878318795246054,1.5878318795246054,1.5878318795246054,1.5878318795246058,1.9695264286053475,0.0,0.0,1.0,0.0,35658
1.5878318795246056,1.5878318795246062,1.5878318795246054,1.5878318795246058,1.5878318795246054,1.587831879524605,1.5878318795246054,1.5878318795246054,1.5878318795246054,1.5878318795246058,1.0759425212148996,1.0,0.0,0.0,1.0,37362
1.5878318795246056,1.5878318795246062,1.5878318795246054,1.5878318795246058,1.5878318795246054,1.587831879524605,1.5878318795246054,1.5878318795246054,1.5878318795246054,1.5878318795246058,1.5227344749101237,1.0,0.0,0.0,0.0,34716
1.5878318795246056,1.5878318795246062,1.5878318795246054,1.5878318795246058,1.5878318795246054,1.587831879524605,1.5878318795246054,1.5878318795246054,1.5878318795246054,1.5878318795246058,1.9695264286053475,0.0,0.0,1.0,0.0,35646
1.5878318795246056,1.5878318795246062,1.5878318795246054,1.5878318795246058,1.5878318795246054,1.587831879524605,1.5878318795246054,1.5878318795246054,1.5878318795246054,1.5878318795246058,1.0759425212148996,1.0,0.0,0.0,1.0,38496
1.5878318795246056,1.5878318795246062,1.5878318795246054,1.5878318795246058,1.5878318795246054,1.587831879524605,1.5878318795246054,1.5878318795246054,1.5878318795246054,1.5878318795246058,1.5227344749101237,1.0,0.0,0.0,0.0,35496
1.5878318795246056,1.5878318795246062,1.5878318795246054,1.5878318795246058,1.5878318795246054,1.587831879524605,1.5878318795246054,1.5878318795246054,1.5878318795246054,1.5878318795246058,1.0759425212148996,1.0,0.0,0.0,1.0,37362
1.5878318795246056,1.5878318795246062,1.5878318795246054,1.5878318795246058,1.5878318795246054,1.587831879524605,1.5878318795246054,1.5878318795246054,1.5878318795246054,1.5878318795246058,1.9695264286053475,0.0,0.0,1.0,0.0,33462
1.5878318795246056,1.5878318795246062,1.5878318795246054,1.5878318795246058,1.5878318795246054,1.587831879524605,1.5878318795246054,1.5878318795246054,1.5878318795246054,1.5878318795246058,1.9695264286053475,1.0,0.0,1.0,0.0,33804
1.5878318795246056,1.5878318795246062,1.5878318795246054,1.5878318795246058,1.5878318795246054,1.587831879524605,1.5878318795246054,1.5878318795246054,1.5878318795246054,1.5878318795246058,1.9695264286053475,1.0,0.0,1.0,0.0,35538
1.5878318795246056,1.5878318795246062,1.5878318795246054,1.5878318795246058,1.5878318795246054,1.587831879524605,1.5878318795246054,1.5878318795246054,1.5878318795246054,1.5878318795246058,1.9695264286053475,0.0,0.0,1.0,0.0,34524
1.5878318795246056,1.5878318795246062,1.5878318795246054,1.5878318795246058,1.5878318795246054,1.587831879524605,1.5878318795246054,1.5878318795246054,1.5878318795246054,1.5878318795246058,1.5227344749101237,0.0,0.0,0.0,0.0,35130
1.5878318795246056,1.5878318795246062,1.5878318795246054,1.5878318795246058,1.5878318795246054,1.587831879524605,1.5878318795246054,1.5878318795246054,1.5878318795246054,1.5878318795246058,1.9695264286053475,0.0,0.0,1.0,0.0,34518
1.5878318795246056,1.5878318795246062,1.5878318795246054,1.5878318795246058,1.5878318795246054,1.587831879524605,1.5878318795246054,1.5878318795246054,1.5878318795246054,1.5878318795246058,1.9695264286053475,0.0,0.0,1.0,0.0,35040
1.5878318795246056,1.5878318795246062,1.5878318795246054,1.5878318795246058,1.5878318795246054,1.587831879524605,1.5878318795246054,1.5878318795246054,1.5878318795246054,1.5878318795246058,1.9695264286053475,0.0,0.0,1.0,0.0,33762
1.5878318795246056,1.5878318795246062,1.5878318795246054,1.5878318795246058,1.5878318795246054,1.587831879524605,1.5878318795246054,1.5878318795246054,1.5878318795246054,1.5878318795246058,1.0759425212148996,0.0,0.0,0.0,1.0,38172
1.5878318795246056,1.5878318795246062,1.5878318795246054,1.5878318795246058,1.5878318795246054,1.587831879524605,1.5878318795246054,1.5878318795246054,1.5878318795246054,1.5878318795246058,1.0759425212148996,0.0,0.0,0.0,1.0,37062
1.5878318795246056,1.5878318795246062,1.5878318795246054,1.5878318795246058,1.5878318795246054,1.587831879524605,1.5878318795246054,1.5878318795246054,1.5878318795246054,1.5878318795246058,1.0759425212148996,1.0,0.0,0.0,1.0,37716
1.5878318795246056,1.5878318795246062,1.5878318795246054,1.5878318795246058,1.5878318795246054,1.587831879524605,1.5878318795246054,1.5878318795246054,1.5878318795246054,1.5878318795246058,1.9695264286053475,1.0,0.0,1.0,0.0,36000
1.5878318795246056,1.5878318795246062,1.5878318795246054,1.5878318795246058,1.5878318795246054,1.587831879524605,1.5878318795246054,1.5878318795246054,1.5878318795246054,1.5878318795246058,1.0759425212148996,1.0,0.0,0.0,1.0,36906
1.5878318795246056,1.5878318795246062,1.5878318795246054,1.5878318795246058,1.5878318795246054,1.587831879524605,1.5878318795246054,1.5878318795246054,1.5878318795246054,1.5878318795246058,1.5227344749101237,1.0,0.0,0.0,0.0,35556
1.5878318795246056,1.5878318795246062,1.5878318795246054,1.5878318795246058,1.5878318795246054,1.587831879524605,1.5878318795246054,1.5878318795246054,1.5878318795246054,1.5878318795246058,1.0759425212148996,1.0,0.0,0.0,1.0,37134
1.5878318795246056,1.5878318795246062,1.5878318795246054,1.5878318795246058,1.5878318795246054,1.587831879524605,1.5878318795246054,1.5878318795246054,1.5878318795246054,1.5878318795246058,1.0759425212148996,1.0,0.0,0.0,1.0,38178
1.5878318795246056,1.5878318795246062,1.5878318795246054,1.5878318795246058,1.5878318795246054,1.587831879524605,1.5878318795246054,1.5878318795246054,1.5878318795246054,1.5878318795246058,1.5227344749101237,1.0,0.0,0.0,0.0,35298
1.5878318795246056,1.5878318795246062,1.5878318795246054,1.5878318795246058,1.5878318795246054,1.587831879524605,1.5878318795246054,1.5878318795246054,1.5878318795246054,1.5878318795246058,1.9695264286053475,1.0,1.0,1.0,0.0,34218
1.5878318795246056,1.5878318795246062,1.5878318795246054,1.5878318795246058,1.5878318795246054,1.587831879524605,1.5878318795246054,1.5878318795246054,1.5878318795246054,1.5878318795246058,1.0759425212148996,0.0,1.0,0.0,1.0,36552
1.5878318795246056,1.5878318795246062,1.5878318795246054,1.5878318795246058,1.5878318795246054,1.587831879524605,1.5878318795246054,1.5878318795246054,1.5878318795246054,1.5878318795246058,1.5227344749101237,0.0,1.0,0.0,0.0,35592
1.5878318795246056,1.5878318795246062,1.5878318795246054,1.5878318795246058,1.5878318795246054,1.587831879524605,1.5878318795246054,1.5878318795246054,1.5878318795246054,1.5878318795246058,1.9695264286053475,0.0,1.0,1.0,0.0,33162
1.5878318795246056,1.5878318795246062,1.5878318795246054,1.5878318795246058,1.5878318795246054,1.587831879524605,1.5878318795246054,1.5878318795246054,1.5878318795246054,1.5878318795246058,1.0759425212148996,0.0,1.0,0.0,1.0,37152
1.5878318795246056,1.5878318795246062,1.5878318795246054,1.5878318795246058,1.5878318795246054,1.587831879524605,1.5878318795246054,1.5878318795246054,1.5878318795246054,1.5878318795246058,1.5227344749101237,0.0,1.0,0.0,0.0,34338
1.5878318795246056,1.5878318795246062,1.5878318795246054,1.5878318795246058,1.5878318795246054,1.587831879524605,1.5878318795246054,1.5878318795246054,1.5878318795246054,1.5878318795246058,1.0759425212148996,0.0,1.0,0.0,1.0,38424
1.5878318795246056,1.5878318795246062,1.5878318795246054,1.5878318795246058,1.5878318795246054,1.587831879524605,1.5878318795246054,1.5878318795246054,1.5878318795246054,1.5878318795246058,1.9695264286053475,0.0,1.0,1.0,0.0,33768
1.5878318795246056,1.5878318795246062,1.5878318795246054,1.5878318795246058,1.5878318795246054,1.587831879524605,1.5878318795246054,1.5878318795246054,1.5878318795246054,1.5878318795246058,1.5227344749101237,0.0,1.0,0.0,0.0,34680
1.5878318795246056,1.5878318795246062,1.5878318795246054,1.5878318795246058,1.5878318795246054,1.587831879524605,1.5878318795246054,1.5878318795246054,1.5878318795246054,1.5878318795246058,1.9695264286053475,1.0,1.0,1.0,0.0,33864
1.5878318795246056,1.5878318795246062,1.5878318795246054,1.5878318795246058,1.5878318795246054,1.587831879524605,1.5878318795246054,1.5878318795246054,1.5878318795246054,1.5878318795246058,1.0759425212148996,1.0,1.0,0.0,1.0,38508
1.5878318795246056,1.5878318795246062,1.5878318795246054,1.5878318795246058,1.5878318795246054,1.587831879524605,1.5878318795246054,1.5878318795246054,1.5878318795246054,1.5878318795246058,1.5227344749101237,1.0,1.0,0.0,0.0,35238
1.5878318795246056,1.5878318795246062,1.5878318795246054,1.5878318795246058,1.5878318795246054,1.587831879524605,1.5878318795246054,1.5878318795246054,1.5878318795246054,1.5878318795246058,1.9695264286053475,1.0,0.0,1.0,0.0,35298
1.5878318795246056,1.5878318795246062,1.5878318795246054,1.5878318795246058,1.5878318795246054,1.587831879524605,1.5878318795246054,1.5878318795246054,1.5878318795246054,1.5878318795246058,1.0759425212148996,1.0,0.0,0.0,1.0,38136
1.5878318795246056,1.5878318795246062,1.5878318795246054,1.5878318795246058,1.5878318795246054,1.587831879524605,1.5878318795246054,1.5878318795246054,1.5878318795246054,1.5878318795246058,1.5227344749101237,1.0,0.0,0.0,0.0,35016
1.5878318795246056,1.5878318795246062,1.5878318795246054,1.5878318795246058,1.5878318795246054,1.587831879524605,1.5878318795246054,1.5878318795246054,1.5878318795246054,1.5878318795246058,1.0759425212148996,1.0,0.0,0.0,1.0,36954
1.5878318795246056,1.5878318795246062,1.5878318795246054,1.5878318795246058,1.5878318795246054,1.587831879524605,1.5878318795246054,1.5878318795246054,1.5878318795246054,1.5878318795246058,1.9695264286053475,0.0,0.0,1.0,0.0,32460
1.5878318795246056,1.5878318795246062,1.5878318795246054,1.5878318795246058,1.5878318795246054,1.587831879524605,1.5878318795246054,1.5878318795246054,1.5878318795246054,1.5878318795246058,1.5227344749101237,1.0,0.0,0.0,0.0,34338
1.5878318795246056,1.5878318795246062,1.5878318795246054,1.5878318795246058,1.5878318795246054,1.587831879524605,1.5878318795246054,1.5878318795246054,1.5878318795246054,1.5878318795246058,1.9695264286053475,0.0,0.0,1.0,0.0,34530
1.5878318795246056,1.5878318795246062,1.5878318795246054,1.5878318795246058,1.5878318795246054,1.587831879524605,1.5878318795246054,1.5878318795246054,1.5878318795246054,1.5878318795246058,1.0759425212148996,1.0,0.0,0.0,1.0,37254
1.5878318795246056,1.5878318795246062,1.5878318795246054,1.5878318795246058,1.5878318795246054,1.587831879524605,1.5878318795246054,1.5878318795246054,1.5878318795246054,1.5878318795246058,1.5227344749101237,0.0,1.0,0.0,0.0,32952
1.5878318795246056,1.5878318795246062,1.5878318795246054,1.5878318795246058,1.5878318795246054,1.587831879524605,1.5878318795246054,1.5878318795246054,1.5878318795246054,1.5878318795246058,1.9695264286053475,0.0,1.0,1.0,0.0,35178
1.5878318795246056,1.5878318795246062,1.5878318795246054,1.5878318795246058,1.5878318795246054,1.587831879524605,1.5878318795246054,1.5878318795246054,1.5878318795246054,1.5878318795246058,1.0759425212148996,1.0,1.0,0.0,1.0,36690
1.5878318795246056,1.5878318795246062,1.5878318795246054,1.5878318795246058,1.5878318795246054,1.587831879524605,1.5878318795246054,1.5878318795246054,1.5878318795246054,1.5878318795246058,1.5227344749101237,0.0,1.0,0.0,0.0,35238
1.5878318795246056,1.5878318795246062,1.5878318795246054,1.5878318795246058,1.5878318795246054,1.587831879524605,1.5878318795246054,1.5878318795246054,1.5878318795246054,1.5878318795246058,1.0759425212148996,1.0,1.0,0.0,1.0,38586
1.5878318795246056,1.5878318795246062,1.5878318795246054,1.5878318795246058,1.5878318795246054,1.587831879524605,1.5878318795246054,1.5878318795246054,1.5878318795246054,1.5878318795246058,1.9695264286053475,0.0,1.0,1.0,0.0,35784
1.5878318795246056,1.5878318795246062,1.5878318795246054,1.5878318795246058,1.5878318795246054,1.587831879524605,1.5878318795246054,1.5878318795246054,1.5878318795246054,1.5878318795246058,1.9695264286053475,1.0,1.0,1.0,0.0,33030
1.5878318795246056,1.5878318795246062,1.5878318795246054,1.5878318795246058,1.5878318795246054,1.587831879524605,1.5878318795246054,1.5878318795246054,1.5878318795246054,1.5878318795246058,1.9695264286053475,0.0,0.0,1.0,0.0,33162
1.5878318795246056,1.5878318795246062,1.5878318795246054,1.5878318795246058,1.5878318795246054,1.587831879524605,1.5878318795246054,1.5878318795246054,1.5878318795246054,1.5878318795246058,1.9695264286053475,1.0,0.0,1.0,0.0,32460
1.5878318795246056,1.5878318795246062,1.5878318795246054,1.5878318795246058,1.5878318795246054,1.587831879524605,1.5878318795246054,1.5878318795246054,1.5878318795246054,1.5878318795246058,1.5227344749101237,1.0,0.0,0.0,0.0,35280
1.5878318795246056,1.5878318795246062,1.5878318795246054,1.5878318795246058,1.5878318795246054,1.587831879524605,1.5878318795246054,1.5878318795246054,1.5878318795246054,1.5878318795246058,1.9695264286053475,0.0,0.0,1.0,0.0,32778
1.5878318795246056,1.5878318795246062,1.5878318795246054,1.5878318795246058,1.5878318795246054,1.587831879524605,1.5878318795246054,1.5878318795246054,1.5878318795246054,1.5878318795246058,1.9695264286053475,1.0,0.0,1.0,0.0,35058
1.5878318795246056,1.5878318795246062,1.5878318795246054,1.5878318795246058,1.5878318795246054,1.587831879524605,1.5878318795246054,1.5878318795246054,1.5878318795246054,1.5878318795246058,1.9695264286053475,1.0,0.0,1.0,0.0,35496
1.5878318795246056,1.5878318795246062,1.5878318795246054,1.5878318795246058,1.5878318795246054,1.587831879524605,1.5878318795246054,1.5878318795246054,1.5878318795246054,1.5878318795246058,1.0759425212148996,0.0,0.0,0.0,1.0,36426
1.5878318795246056,1.5878318795246062,1.5878318795246054,1.5878318795246058,1.5878318795246054,1.587831879524605,1.5878318795246054,1.5878318795246054,1.5878318795246054,1.5878318795246058,1.0759425212148996,1.0,0.0,0.0,1.0,37950
1.5878318795246056,1.5878318795246062,1.5878318795246054,1.5878318795246058,1.5878318795246054,1.587831879524605,1.5878318795246054,1.5878318795246054,1.5878318795246054,1.5878318795246058,1.0759425212148996,1.0,1.0,0.0,1.0,38814
1.5878318795246056,1.5878318795246062,1.5878318795246054,1.5878318795246058,1.5878318795246054,1.587831879524605,1.5878318795246054,1.5878318795246054,1.5878318795246054,1.5878318795246058,1.9695264286053475,1.0,1.0,1.0,0.0,35298
1.5878318795246056,1.5878318795246062,1.5878318795246054,1.5878318795246058,1.5878318795246054,1.587831879524605,1.5878318795246054,1.5878318795246054,1.5878318795246054,1.5878318795246058,1.0759425212148996,1.0,1.0,0.0,1.0,37680
1.5878318795246056,1.5878318795246062,1.5878318795246054,1.5878318795246058,1.5878318795246054,1.587831879524605,1.5878318795246054,1.5878318795246054,1.5878318795246054,1.5878318795246058,1.5227344749101237,0.0,1.0,0.0,0.0,35016
1.5878318795246056,1.5878318795246062,1.5878318795246054,1.5878318795246058,1.5878318795246054,1.587831879524605,1.5878318795246054,1.5878318795246054,1.5878318795246054,1.5878318795246058,1.0759425212148996,1.0,1.0,0.0,1.0,36648
1.5878318795246056,1.5878318795246062,1.5878318795246054,1.5878318795246058,1.5878318795246054,1.587831879524605,1.5878318795246054,1.5878318795246054,1.5878318795246054,1.5878318795246058,1.0759425212148996,0.0,1.0,0.0,1.0,37086
1.5878318795246056,1.5878318795246062,1.5878318795246054,1.5878318795246058,1.5878318795246054,1.587831879524605,1.5878318795246054,1.5878318795246054,1.5878318795246054,1.5878318795246058,1.5227344749101237,1.0,1.0,0.0,0.0,34338
1.5878318795246056,1.5878318795246062,1.5878318795246054,1.5878318795246058,1.5878318795246054,1.587831879524605,1.5878318795246054,1.5878318795246054,1.5878318795246054,1.5878318795246058,1.9695264286053475,1.0,1.0,1.0,0.0,32778
1.5878318795246056,1.5878318795246062,1.5878318795246054,1.5878318795246058,1.5878318795246054,1.587831879524605,1.5878318795246054,1.5878318795246054,1.5878318795246054,1.5878318795246058,1.0759425212148996,0.0,1.0,0.0,1.0,36966
1.5878318795246056,1.5878318795246062,1.5878318795246054,1.5878318795246058,1.5878318795246054,1.587831879524605,1.5878318795246054,1.5878318795246054,1.5878318795246054,1.5878318795246058,1.5227344749101237,1.0,1.0,0.0,0.0,33180
1.5878318795246056,1.5878318795246062,1.5878318795246054,1.5878318795246058,1.5878318795246054,1.587831879524605,1.5878318795246054,1.5878318795246054,1.5878318795246054,1.5878318795246058,1.9695264286053475,0.0,1.0,1.0,0.0,32718
1.5878318795246056,1.5878318795246062,1.5878318795246054,1.5878318795246058,1.5878318795246054,1.587831879524605,1.5878318795246054,1.5878318795246054,1.5878318795246054,1.5878318795246058,1.0759425212148996,0.0,1.0,0.0,1.0,37842
1.5878318795246056,1.5878318795246062,1.5878318795246054,1.5878318795246058,1.5878318795246054,1.587831879524605,1.5878318795246054,1.5878318795246054,1.5878318795246054,1.5878318795246058,1.5227344749101237,1.0,0.0,0.0,0.0,35238
1.5878318795246056,1.5878318795246062,1.5878318795246054,1.5878318795246058,1.5878318795246054,1.587831879524605,1.5878318795246054,1.5878318795246054,1.5878318795246054,1.5878318795246058,1.0759425212148996,0.0,0.0,0.0,1.0,37866
1.5878318795246056,1.5878318795246062,1.5878318795246054,1.5878318795246058,1.5878318795246054,1.587831879524605,1.5878318795246054,1.5878318795246054,1.5878318795246054,1.5878318795246058,1.9695264286053475,0.0,0.0,1.0,0.0,35448
1.5878318795246056,1.5878318795246062,1.5878318795246054,1.5878318795246058,1.5878318795246054,1.587831879524605,1.5878318795246054,1.5878318795246054,1.5878318795246054,1.5878318795246058,1.5227344749101237,0.0,0.0,0.0,0.0,35016
1.5878318795246056,1.5878318795246062,1.5878318795246054,1.5878318795246058,1.5878318795246054,1.587831879524605,1.5878318795246054,1.5878318795246054,1.5878318795246054,1.5878318795246058,1.9695264286053475,0.0,0.0,1.0,0.0,33162
1.5878318795246056,1.5878318795246062,1.5878318795246054,1.5878318795246058,1.5878318795246054,1.587831879524605,1.5878318795246054,1.5878318795246054,1.5878318795246054,1.5878318795246058,1.0759425212148996,1.0,0.0,0.0,1.0,36654
1.5878318795246056,1.5878318795246062,1.5878318795246054,1.5878318795246058,1.5878318795246054,1.587831879524605,1.5878318795246054,1.5878318795246054,1.5878318795246054,1.5878318795246058,1.5227344749101237,0.0,0.0,0.0,0.0,34338
1.5878318795246056,1.5878318795246062,1.5878318795246054,1.5878318795246058,1.5878318795246054,1.587831879524605,1.5878318795246054,1.5878318795246054,1.5878318795246054,1.5878318795246058,1.9695264286053475,1.0,1.0,1.0,0.0,33378
1.5878318795246056,1.5878318795246062,1.5878318795246054,1.5878318795246058,1.5878318795246054,1.587831879524605,1.5878318795246054,1.5878318795246054,1.5878318795246054,1.5878318795246058,1.0759425212148996,1.0,1.0,0.0,1.0,38304
1.5878318795246056,1.5878318795246062,1.5878318795246054,1.5878318795246058,1.5878318795246054,1.587831879524605,1.5878318795246054,1.5878318795246054,1.5878318795246054,1.5878318795246058,1.5227344749101237,0.0,1.0,0.0,0.0,35130
1.5878318795246056,1.5878318795246062,1.5878318795246054,1.5878318795246058,1.5878318795246054,1.587831879524605,1.5878318795246054,1.5878318795246054,1.5878318795246054,1.5878318795246058,1.0759425212148996,1.0,1.0,0.0,1.0,37242
1.5878318795246056,1.5878318795246062,1.5878318795246054,1.5878318795246058,1.5878318795246054,1.587831879524605,1.5878318795246054,1.5878318795246054,1.5878318795246054,1.5878318795246058,1.9695264286053475,1.0,1.0,1.0,0.0,33672
1.5878318795246056,1.5878318795246062,1.5878318795246054,1.5878318795246058,1.5878318795246054,1.587831879524605,1.5878318795246054,1.5878318795246054,1.5878318795246054,1.5878318795246058,1.5227344749101237,1.0,1.0,0.0,0.0,35238
1.5878318795246056,1.5878318795246062,1.5878318795246054,1.5878318795246058,1.5878318795246054,1.587831879524605,1.5878318795246054,1.5878318795246054,1.5878318795246054,1.5878318795246058,1.9695264286053475,0.0,0.0,1.0,0.0,34620
1.5878318795246056,1.5878318795246062,1.5878318795246054,1.5878318795246058,1.5878318795246054,1.587831879524605,1.5878318795246054,1.5878318795246054,1.5878318795246054,1.5878318795246058,1.0759425212148996,0.0,0.0,0.0,1.0,36966
1.5878318795246056,1.5878318795246062,1.5878318795246054,1.5878318795246058,1.5878318795246054,1.587831879524605,1.5878318795246054,1.5878318795246054,1.5878318795246054,1.5878318795246058,1.5227344749101237,0.0,0.0,0.0,0.0,34338
1.5878318795246056,1.5878318795246062,1.5878318795246054,1.5878318795246058,1.5878318795246054,1.587831879524605,1.5878318795246054,1.5878318795246054,1.5878318795246054,1.5878318795246058,1.9695264286053475,1.0,0.0,1.0,0.0,34290
1.5878318795246056,1.5878318795246062,1.5878318795246054,1.5878318795246058,1.5878318795246054,1.587831879524605,1.5878318795246054,1.5878318795246054,1.5878318795246054,1.5878318795246058,1.0759425212148996,0.0,0.0,0.0,1.0,36342
1.5878318795246056,1.5878318795246062,1.5878318795246054,1.5878318795246058,1.5878318795246054,1.587831879524605,1.5878318795246054,1.5878318795246054,1.5878318795246054,1.5878318795246058,1.5227344749101237,1.0,1.0,0.0,0.0,34338
1.5878318795246056,1.5878318795246062,1.5878318795246054,1.5878318795246058,1.5878318795246054,1.587831879524605,1.5878318795246054,1.5878318795246054,1.5878318795246054,1.5878318795246058,1.0759425212148996,0.0,1.0,0.0,1.0,38460
1.5878318795246056,1.5878318795246062,1.5878318795246054,1.5878318795246058,1.5878318795246054,1.587831879524605,1.5878318795246054,1.5878318795246054,1.5878318795246054,1.5878318795246058,1.9695264286053475,0.0,1.0,1.0,0.0,34338
1.5878318795246056,1.5878318795246062,1.5878318795246054,1.5878318795246058,1.5878318795246054,1.587831879524605,1.5878318795246054,1.5878318795246054,1.5878318795246054,1.5878318795246058,1.9695264286053475,1.0,1.0,1.0,0.0,35766
1.5878318795246056,1.5878318795246062,1.5878318795246054,1.5878318795246058,1.5878318795246054,1.587831879524605,1.5878318795246054,1.5878318795246054,1.5878318795246054,1.5878318795246058,1.9695264286053475,1.0,1.0,1.0,0.0,35238
1.5878318795246056,1.5878318795246062,1.5878318795246054,1.5878318795246058,1.5878318795246054,1.587831879524605,1.5878318795246054,1.5878318795246054,1.5878318795246054,1.5878318795246058,1.9695264286053475,0.0,0.0,1.0,0.0,34824
1.5878318795246056,1.5878318795246062,1.5878318795246054,1.5878318795246058,1.5878318795246054,1.587831879524605,1.5878318795246054,1.5878318795246054,1.5878318795246054,1.5878318795246058,1.5227344749101237,1.0,0.0,0.0,0.0,34338
1.5878318795246056,1.5878318795246062,1.5878318795246054,1.5878318795246058,1.5878318795246054,1.587831879524605,1.5878318795246054,1.5878318795246054,1.5878318795246054,1.5878318795246058,1.9695264286053475,0.0,0.0,1.0,0.0,35130
1.5878318795246056,1.5878318795246062,1.5878318795246054,1.5878318795246058,1.5878318795246054,1.587831879524605,1.5878318795246054,1.5878318795246054,1.5878318795246054,1.5878318795246058,1.9695264286053475,1.0,0.0,1.0,0.0,34668
1.5878318795246056,1.5878318795246062,1.5878318795246054,1.5878318795246058,1.5878318795246054,1.587831879524605,1.5878318795246054,1.5878318795246054,1.5878318795246054,1.5878318795246058,1.9695264286053475,1.0,0.0,1.0,0.0,35448
1.5878318795246056,1.5878318795246062,1.5878318795246054,1.5878318795246058,1.5878318795246054,1.587831879524605,1.5878318795246054,1.5878318795246054,1.5878318795246054,1.5878318795246058,1.0759425212148996,0.0,0.0,0.0,1.0,37026
1.5878318795246056,1.5878318795246062,1.5878318795246054,1.5878318795246058,1.5878318795246054,1.587831879524605,1.5878318795246054,1.5878318795246054,1.5878318795246054,1.5878318795246058,1.0759425212148996,1.0,0.0,0.0,1.0,36300
1.5878318795246056,1.5878318795246062,1.5878318795246054,1.5878318795246058,1.5878318795246054,1.587831879524605,1.5878318795246054,1.5878318795246054,1.5878318795246054,1.5878318795246058,1.0759425212148996,0.0,0.0,0.0,1.0,36732
1.5878318795246056,1.5878318795246062,1.5878318795246054,1.5878318795246058,1.5878318795246054,1.587831879524605,1.5878318795246054,1.5878318795246054,1.5878318795246054,1.5878318795246058,1.9695264286053475,1.0,0.0,1.0,0.0,36690
1.5878318795246056,1.5878318795246062,1.5878318795246054,1.5878318795246058,1.5878318795246054,1.587831879524605,1.5878318795246054,1.5878318795246054,1.5878318795246054,1.5878318795246058,1.0759425212148996,0.0,1.0,0.0,1.0,36090
1.5878318795246056,1.5878318795246062,1.5878318795246054,1.5878318795246058,1.5878318795246054,1.587831879524605,1.5878318795246054,1.5878318795246054,1.5878318795246054,1.5878318795246058,1.5227344749101237,0.0,1.0,0.0,0.0,37926
1.5878318795246056,1.5878318795246062,1.5878318795246054,1.5878318795246058,1.5878318795246054,1.587831879524605,1.5878318795246054,1.5878318795246054,1.5878318795246054,1.5878318795246058,1.0759425212148996,1.0,1.0,0.0,1.0,37278
1.5878318795246056,1.5878318795246062,1.5878318795246054,1.5878318795246058,1.5878318795246054,1.587831879524605,1.5878318795246054,1.5878318795246054,1.5878318795246054,1.5878318795246058,1.0759425212148996,0.0,1.0,0.0,1.0,37362
1.5878318795246056,1.5878318795246062,1.5878318795246054,1.5878318795246058,1.5878318795246054,1.587831879524605,1.5878318795246054,1.5878318795246054,1.5878318795246054,1.5878318795246058,1.5227344749101237,1.0,1.0,0.0,0.0,38496
1.5878318795246056,1.5878318795246062,1.5878318795246054,1.5878318795246058,1.5878318795246054,1.587831879524605,1.5878318795246054,1.5878318795246054,1.5878318795246054,1.5878318795246058,1.9695264286053475,0.0,1.0,1.0,0.0,37362
1.5878318795246056,1.5878318795246062,1.5878318795246054,1.5878318795246058,1.5878318795246054,1.587831879524605,1.5878318795246054,1.5878318795246054,1.5878318795246054,1.5878318795246058,1.0759425212148996,1.0,0.0,0.0,1.0,38172
1.5878318795246056,1.5878318795246062,1.5878318795246054,1.5878318795246058,1.5878318795246054,1.587831879524605,1.5878318795246054,1.5878318795246054,1.5878318795246054,1.5878318795246058,1.5227344749101237,0.0,0.0,0.0,0.0,37062
1.5878318795246056,1.5878318795246062,1.5878318795246054,1.5878318795246058,1.5878318795246054,1.587831879524605,1.5878318795246054,1.5878318795246054,1.5878318795246054,1.5878318795246058,1.9695264286053475,1.0,0.0,1.0,0.0,37716
1.5878318795246056,1.5878318795246062,1.5878318795246054,1.5878318795246058,1.5878318795246054,1.587831879524605,1.5878318795246054,1.5878318795246054,1.5878318795246054,1.5878318795246058,1.0759425212148996,1.0,0.0,0.0,1.0,36906
1.5878318795246056,1.5878318795246062,1.5878318795246054,1.5878318795246058,1.5878318795246054,1.587831879524605,1.5878318795246054,1.5878318795246054,1.5878318795246054,1.5878318795246058,1.5227344749101237,1.0,0.0,0.0,0.0,37134
1.5878318795246056,1.5878318795246062,1.5878318795246054,1.5878318795246058,1.5878318795246054,1.587831879524605,1.5878318795246054,1.5878318795246054,1.5878318795246054,1.5878318795246058,1.0759425212148996,1.0,0.0,0.0,1.0,38178
1.5878318795246056,1.5878318795246062,1.5878318795246054,1.5878318795246058,1.5878318795246054,1.587831879524605,1.5878318795246054,1.5878318795246054,1.5878318795246054,1.5878318795246058,1.9695264286053475,0.0,0.0,1.0,0.0,36552
1.5878318795246056,1.5878318795246062,1.5878318795246054,1.5878318795246058,1.5878318795246054,1.587831879524605,1.5878318795246054,1.5878318795246054,1.5878318795246054,1.5878318795246058,1.5227344749101237,1.0,0.0,0.0,0.0,37152
1.5878318795246056,1.5878318795246062,1.5878318795246054,1.5878318795246058,1.5878318795246054,1.587831879524605,1.5878318795246054,1.5878318795246054,1.5878318795246054,1.5878318795246058,1.9695264286053475,1.0,0.0,1.0,0.0,38424
1.5878318795246056,1.5878318795246062,1.5878318795246054,1.5878318795246058,1.5878318795246054,1.587831879524605,1.5878318795246054,1.5878318795246054,1.5878318795246054,1.5878318795246058,1.0759425212148996,0.0,0.0,0.0,1.0,38508
1.5878318795246056,1.5878318795246062,1.5878318795246054,1.5878318795246058,1.5878318795246054,1.587831879524605,1.5878318795246054,1.5878318795246054,1.5878318795246054,1.5878318795246058,1.5227344749101237,1.0,0.0,0.0,0.0,38136
1.5878318795246056,1.5878318795246062,1.5878318795246054,1.5878318795246058,1.5878318795246054,1.587831879524605,1.5878318795246054,1.5878318795246054,1.5878318795246054,1.5878318795246058,1.9695264286053475,1.0,0.0,1.0,0.0,36954
1.5878318795246056,1.5878318795246062,1.5878318795246054,1.5878318795246058,1.5878318795246054,1.587831879524605,1.5878318795246054,1.5878318795246054,1.5878318795246054,1.5878318795246058,1.0759425212148996,0.0,1.0,0.0,1.0,37254
1.5878318795246056,1.5878318795246062,1.5878318795246054,1.5878318795246058,1.5878318795246054,1.587831879524605,1.5878318795246054,1.5878318795246054,1.5878318795246054,1.5878318795246058,1.5227344749101237,1.0,1.0,0.0,0.0,36690
1.5878318795246056,1.5878318795246062,1.5878318795246054,1.5878318795246058,1.5878318795246054,1.587831879524605,1.5878318795246054,1.5878318795246054,1.5878318795246054,1.5878318795246058,1.0759425212148996,1.0,1.0,0.0,1.0,38586
1.5878318795246056,1.5878318795246062,1.5878318795246054,1.5878318795246058,1.5878318795246054,1.587831879524605,1.5878318795246054,1.5878318795246054,1.5878318795246054,1.5878318795246058,1.9695264286053475,1.0,1.0,1.0,0.0,36426
1.5878318795246056,1.5878318795246062,1.5878318795246054,1.5878318795246058,1.5878318795246054,1.587831879524605,1.5878318795246054,1.5878318795246054,1.5878318795246054,1.5878318795246058,1.5227344749101237,0.0,1.0,0.0,0.0,37950
1.5878318795246056,1.5878318795246062,1.5878318795246054,1.5878318795246058,1.5878318795246054,1.587831879524605,1.5878318795246054,1.5878318795246054,1.5878318795246054,1.5878318795246058,1.9695264286053475,1.0,1.0,1.0,0.0,38814
1.5878318795246056,1.5878318795246062,1.5878318795246054,1.5878318795246058,1.5878318795246054,1.587831879524605,1.5878318795246054,1.5878318795246054,1.5878318795246054,1.5878318795246058,1.0759425212148996,1.0,1.0,0.0,1.0,37680
1.5878318795246056,1.5878318795246062,1.5878318795246054,1.5878318795246058,1.5878318795246054,1.587831879524605,1.5878318795246054,1.5878318795246054,1.5878318795246054,1.5878318795246058,1.5227344749101237,0.0,1.0,0.0,0.0,36648
1.5878318795246056,1.5878318795246062,1.5878318795246054,1.5878318795246058,1.5878318795246054,1.587831879524605,1.5878318795246054,1.5878318795246054,1.5878318795246054,1.5878318795246058,1.9695264286053475,0.0,1.0,1.0,0.0,37086
1.5878318795246056,1.5878318795246062,1.5878318795246054,1.5878318795246058,1.5878318795246054,1.587831879524605,1.5878318795246054,1.5878318795246054,1.5878318795246054,1.5878318795246058,1.0759425212148996,0.0,1.0,0.0,1.0,36966
1.5878318795246056,1.5878318795246062,1.5878318795246054,1.5878318795246058,1.5878318795246054,1.587831879524605,1.5878318795246054,1.5878318795246054,1.5878318795246054,1.5878318795246058,1.5227344749101237,0.0,1.0,0.0,0.0,37842
1.5878318795246056,1.5878318795246062,1.5878318795246054,1.5878318795246058,1.5878318795246054,1.587831879524605,1.5878318795246054,1.5878318795246054,1.5878318795246054,1.5878318795246058,1.0759425212148996,0.0,1.0,0.0,1.0,37866
1.5878318795246056,1.5878318795246062,1.5878318795246054,1.5878318795246058,1.5878318795246054,1.587831879524605,1.5878318795246054,1.5878318795246054,1.5878318795246054,1.5878318795246058,1.9695264286053475,0.0,1.0,1.0,0.0,36654
1.5878318795246056,1.5878318795246062,1.5878318795246054,1.5878318795246058,1.5878318795246054,1.587831879524605,1.5878318795246054,1.5878318795246054,1.5878318795246054,1.5878318795246058,1.9695264286053475,0.0,0.0,1.0,0.0,38304
1.5878318795246056,1.5878318795246062,1.5878318795246054,1.5878318795246058,1.5878318795246054,1.587831879524605,1.5878318795246054,1.5878318795246054,1.5878318795246054,1.5878318795246058,1.9695264286053475,1.0,0.0,1.0,0.0,37242
1.5878318795246056,1.5878318795246062,1.5878318795246054,1.5878318795246058,1.5878318795246054,1.587831879524605,1.5878318795246054,1.5878318795246054,1.5878318795246054,1.5878318795246058,1.9695264286053475,1.0,0.0,1.0,0.0,36966
1.5878318795246056,1.5878318795246062,1.5878318795246054,1.5878318795246058,1.5878318795246054,1.587831879524605,1.5878318795246054,1.5878318795246054,1.5878318795246054,1.5878318795246058,1.5227344749101237,1.0,0.0,0.0,0.0,36342
1.5878318795246056,1.5878318795246062,1.5878318795246054,1.5878318795246058,1.5878318795246054,1.587831879524605,1.5878318795246054,1.5878318795246054,1.5878318795246054,1.5878318795246058,1.9695264286053475,1.0,0.0,1.0,0.0,38460
1.5878318795246056,1.5878318795246062,1.5878318795246054,1.5878318795246058,1.5878318795246054,1.587831879524605,1.5878318795246054,1.5878318795246054,1.5878318795246054,1.5878318795246058,1.9695264286053475,1.0,0.0,1.0,0.0,37026
1.5878318795246056,1.5878318795246062,1.5878318795246054,1.5878318795246058,1.5878318795246054,1.587831879524605,1.5878318795246054,1.5878318795246054,1.5878318795246054,1.5878318795246058,1.9695264286053475,1.0,0.0,1.0,0.0,35016
1.5878318795246056,1.5878318795246062,1.5878318795246054,1.5878318795246058,1.5878318795246054,1.587831879524605,1.5878318795246054,1.5878318795246054,1.5878318795246054,1.5878318795246058,1.0759425212148996,1.0,0.0,0.0,1.0,36300
1.5878318795246056,1.5878318795246062,1.5878318795246054,1.5878318795246058,1.5878318795246054,1.587831879524605,1.5878318795246054,1.5878318795246054,1.5878318795246054,1.5878318795246058,1.0759425212148996,1.0,1.0,0.0,1.0,36732
1.5878318795246056,1.5878318795246062,1.5878318795246054,1.5878318795246058,1.5878318795246054,1.587831879524605,1.5878318795246054,1.5878318795246054,1.5878318795246054,1.5878318795246058,1.0759425212148996,0.0,1.0,0.0,1.0,36690
1.5878318795246056,1.5878318795246062,1.5878318795246054,1.5878318795246058,1.5878318795246054,1.587831879524605,1.5878318795246054,1.5878318795246054,1.5878318795246054,1.5878318795246058,1.9695264286053475,0.0,1.0,1.0,0.0,36090
1.5878318795246056,1.5878318795246062,1.5878318795246054,1.5878318795246058,1.5878318795246054,1.587831879524605,1.5878318795246054,1.5878318795246054,1.5878318795246054,1.5878318795246058,1.0759425212148996,0.0,1.0,0.0,1.0,37926
1.5878318795246056,1.5878318795246062,1.5878318795246054,1.5878318795246058,1.5878318795246054,1.587831879524605,1.5878318795246054,1.5878318795246054,1.5878318795246054,1.5878318795246058,1.5227344749101237,0.0,1.0,0.0,0.0,37278
1.5878318795246056,1.5878318795246062,1.5878318795246054,1.5878318795246058,1.5878318795246054,1.587831879524605,1.5878318795246054,1.5878318795246054,1.5878318795246054,1.5878318795246058,1.0759425212148996,0.0,1.0,0.0,1.0,37362
1.5878318795246056,1.5878318795246062,1.5878318795246054,1.5878318795246058,1.5878318795246054,1.587831879524605,1.5878318795246054,1.5878318795246054,1.5878318795246054,1.5878318795246058,1.0759425212148996,0.0,1.0,0.0,1.0,38496
1.5878318795246056,1.5878318795246062,1.5878318795246054,1.5878318795246058,1.5878318795246054,1.587831879524605,1.5878318795246054,1.5878318795246054,1.5878318795246054,1.5878318795246058,1.5227344749101237,0.0,1.0,0.0,0.0,37362
1.5878318795246056,1.5878318795246062,1.5878318795246054,1.5878318795246058,1.5878318795246054,1.587831879524605,1.5878318795246054,1.5878318795246054,1.5878318795246054,1.5878318795246058,1.9695264286053475,0.0,1.0,1.0,0.0,38172
1.5878318795246056,1.5878318795246062,1.5878318795246054,1.5878318795246058,1.5878318795246054,1.587831879524605,1.5878318795246054,1.5878318795246054,1.5878318795246054,1.5878318795246058,1.0759425212148996,1.0,1.0,0.0,1.0,37062
1.5878318795246056,1.5878318795246062,1.5878318795246054,1.5878318795246058,1.5878318795246054,1.587831879524605,1.5878318795246054,1.5878318795246054,1.5878318795246054,1.5878318795246058,1.5227344749101237,1.0,1.0,0.0,0.0,37716
1.5878318795246056,1.5878318795246062,1.5878318795246054,1.5878318795246058,1.5878318795246054,1.587831879524605,1.5878318795246054,1.5878318795246054,1.5878318795246054,1.5878318795246058,1.9695264286053475,1.0,1.0,1.0,0.0,36906
1.5878318795246056,1.5878318795246062,1.5878318795246054,1.5878318795246058,1.5878318795246054,1.587831879524605,1.5878318795246054,1.5878318795246054,1.5878318795246054,1.5878318795246058,1.0759425212148996,1.0,0.0,0.0,1.0,37134
1.5878318795246056,1.5878318795246062,1.5878318795246054,1.5878318795246058,1.5878318795246054,1.587831879524605,1.5878318795246054,1.5878318795246054,1.5878318795246054,1.5878318795246058,1.5227344749101237,1.0,0.0,0.0,0.0,38178
1.5878318795246056,1.5878318795246062,1.5878318795246054,1.5878318795246058,1.5878318795246054,1.587831879524605,1.5878318795246054,1.5878318795246054,1.5878318795246054,1.5878318795246058,1.0759425212148996,1.0,0.0,0.0,1.0,36552
1.5878318795246056,1.5878318795246062,1.5878318795246054,1.5878318795246058,1.5878318795246054,1.587831879524605,1.5878318795246054,1.5878318795246054,1.5878318795246054,1.5878318795246058,1.9695264286053475,1.0,0.0,1.0,0.0,37152
1.5878318795246056,1.5878318795246062,1.5878318795246054,1.5878318795246058,1.5878318795246054,1.587831879524605,1.5878318795246054,1.5878318795246054,1.5878318795246054,1.5878318795246058,1.5227344749101237,0.0,0.0,0.0,0.0,38424
1.5878318795246056,1.5878318795246062,1.5878318795246054,1.5878318795246058,1.5878318795246054,1.587831879524605,1.5878318795246054,1.5878318795246054,1.5878318795246054,1.5878318795246058,1.9695264286053475,1.0,0.0,1.0,0.0,38508
1.5878318795246056,1.5878318795246062,1.5878318795246054,1.5878318795246058,1.5878318795246054,1.587831879524605,1.5878318795246054,1.5878318795246054,1.5878318795246054,1.5878318795246058,1.0759425212148996,0.0,0.0,0.0,1.0,38136
1.5878318795246056,1.5878318795246062,1.5878318795246054,1.5878318795246058,1.5878318795246054,1.587831879524605,1.5878318795246054,1.5878318795246054,1.5878318795246054,1.5878318795246058,1.5227344749101237,1.0,0.0,0.0,0.0,36954
1.5878318795246056,1.5878318795246062,1.5878318795246054,1.5878318795246058,1.5878318795246054,1.587831879524605,1.5878318795246054,1.5878318795246054,1.5878318795246054,1.5878318795246058,1.9695264286053475,0.0,0.0,1.0,0.0,37254
1.5878318795246056,1.5878318795246062,1.5878318795246054,1.5878318795246058,1.5878318795246054,1.587831879524605,1.5878318795246054,1.5878318795246054,1.5878318795246054,1.5878318795246058,1.0759425212148996,0.0,0.0,0.0,1.0,36690
1.5878318795246056,1.5878318795246062,1.5878318795246054,1.5878318795246058,1.5878318795246054,1.587831879524605,1.5878318795246054,1.5878318795246054,1.5878318795246054,1.5878318795246058,1.5227344749101237,1.0,0.0,0.0,0.0,38586
1.5878318795246056,1.5878318795246062,1.5878318795246054,1.5878318795246058,1.5878318795246054,1.587831879524605,1.5878318795246054,1.5878318795246054,1.5878318795246054,1.5878318795246058,1.0759425212148996,0.0,0.0,0.0,1.0,36426
1.5878318795246056,1.5878318795246062,1.5878318795246054,1.5878318795246058,1.5878318795246054,1.587831879524605,1.5878318795246054,1.5878318795246054,1.5878318795246054,1.5878318795246058,1.9695264286053475,1.0,0.0,1.0,0.0,37950
1.5878318795246056,1.5878318795246062,1.5878318795246054,1.5878318795246058,1.5878318795246054,1.587831879524605,1.5878318795246054,1.5878318795246054,1.5878318795246054,1.5878318795246058,1.5227344749101237,0.0,0.0,0.0,0.0,38814
1.5878318795246056,1.5878318795246062,1.5878318795246054,1.5878318795246058,1.5878318795246054,1.587831879524605,1.5878318795246054,1.5878318795246054,1.5878318795246054,1.5878318795246058,1.9695264286053475,1.0,0.0,1.0,0.0,37680
1.5878318795246056,1.5878318795246062,1.5878318795246054,1.5878318795246058,1.5878318795246054,1.587831879524605,1.5878318795246054,1.5878318795246054,1.5878318795246054,1.5878318795246058,1.0759425212148996,0.0,1.0,0.0,1.0,36648
1.5878318795246056,1.5878318795246062,1.5878318795246054,1.5878318795246058,1.5878318795246054,1.587831879524605,1.5878318795246054,1.5878318795246054,1.5878318795246054,1.5878318795246058,1.5227344749101237,1.0,1.0,0.0,0.0,37086
1.5878318795246056,1.5878318795246062,1.5878318795246054,1.5878318795246058,1.5878318795246054,1.587831879524605,1.5878318795246054,1.5878318795246054,1.5878318795246054,1.5878318795246058,1.9695264286053475,1.0,1.0,1.0,0.0,36966
1.5878318795246056,1.5878318795246062,1.5878318795246054,1.5878318795246058,1.5878318795246054,1.587831879524605,1.5878318795246054,1.5878318795246054,1.5878318795246054,1.5878318795246058,1.0759425212148996,0.0,1.0,0.0,1.0,37842
1.5878318795246056,1.5878318795246062,1.5878318795246054,1.5878318795246058,1.5878318795246054,1.587831879524605,1.5878318795246054,1.5878318795246054,1.5878318795246054,1.5878318795246058,1.5227344749101237,1.0,1.0,0.0,0.0,37866
1.5878318795246056,1.5878318795246062,1.5878318795246054,1.5878318795246058,1.5878318795246054,1.587831879524605,1.5878318795246054,1.5878318795246054,1.5878318795246054,1.5878318795246058,1.0759425212148996,1.0,1.0,0.0,1.0,36654
1.5878318795246056,1.5878318795246062,1.5878318795246054,1.5878318795246058,1.5878318795246054,1.587831879524605,1.5878318795246054,1.5878318795246054,1.5878318795246054,1.5878318795246058,1.9695264286053475,0.0,1.0,1.0,0.0,38304
1.5878318795246056,1.5878318795246062,1.5878318795246054,1.5878318795246058,1.5878318795246054,1.587831879524605,1.5878318795246054,1.5878318795246054,1.5878318795246054,1.5878318795246058,1.9695264286053475,1.0,1.0,1.0,0.0,37242
1.5878318795246056,1.5878318795246062,1.5878318795246054,1.5878318795246058,1.5878318795246054,1.587831879524605,1.5878318795246054,1.5878318795246054,1.5878318795246054,1.5878318795246058,1.9695264286053475,1.0,1.0,1.0,0.0,36966
1.5878318795246056,1.5878318795246062,1.5878318795246054,1.5878318795246058,1.5878318795246054,1.587831879524605,1.5878318795246054,1.5878318795246054,1.5878318795246054,1.5878318795246058,1.9695264286053475,1.0,1.0,1.0,0.0,36342
1.5878318795246056,1.5878318795246062,1.5878318795246054,1.5878318795246058,1.5878318795246054,1.587831879524605,1.5878318795246054,1.5878318795246054,1.5878318795246054,1.5878318795246058,1.5227344749101237,1.0,1.0,0.0,0.0,38460
1.5878318795246056,1.5878318795246062,1.5878318795246054,1.5878318795246058,1.5878318795246054,1.587831879524605,1.5878318795246054,1.5878318795246054,1.5878318795246054,1.5878318795246058,1.9695264286053475,0.0,1.0,1.0,0.0,37026
0.8921889150266281,0.8921889150266283,0.8921889150266279,0.8921889150266283,0.892188915026628,0.8921889150266278,0.892188915026628,0.8921889150266279,0.8921889150266279,0.8921889150266283,1.2248731724466408,1.0,1.0,1.0,0.0,29415
0.8921889150266281,0.8921889150266283,0.8921889150266279,0.8921889150266283,0.892188915026628,0.8921889150266278,0.892188915026628,0.8921889150266279,0.8921889150266279,0.8921889150266283,1.2248731724466408,0.0,1.0,1.0,0.0,29180
0.8921889150266281,0.8921889150266283,0.8921889150266279,0.8921889150266283,0.892188915026628,0.8921889150266278,0.892188915026628,0.8921889150266279,0.8921889150266279,0.8921889150266283,0.4802199162879345,1.0,1.0,0.0,1.0,31625
0.8921889150266281,0.8921889150266283,0.8921889150266279,0.8921889150266283,0.892188915026628,0.8921889150266278,0.892188915026628,0.8921889150266279,0.8921889150266279,0.8921889150266283,0.4802199162879345,1.0,1.0,0.0,1.0,32345
0.8921889150266281,0.8921889150266283,0.8921889150266279,0.8921889150266283,0.892188915026628,0.8921889150266278,0.892188915026628,0.8921889150266279,0.8921889150266279,0.8921889150266283,0.4802199162879345,0.0,1.0,0.0,1.0,31400
0.8921889150266281,0.8921889150266283,0.8921889150266279,0.8921889150266283,0.892188915026628,0.8921889150266278,0.892188915026628,0.8921889150266279,0.8921889150266279,0.8921889150266283,1.2248731724466408,1.0,1.0,1.0,0.0,30540
0.8921889150266281,0.8921889150266283,0.8921889150266279,0.8921889150266283,0.892188915026628,0.8921889150266278,0.892188915026628,0.8921889150266279,0.8921889150266279,0.8921889150266283,0.4802199162879345,0.0,1.0,0.0,1.0,30905
0.8921889150266281,0.8921889150266283,0.8921889150266279,0.8921889150266283,0.892188915026628,0.8921889150266278,0.892188915026628,0.8921889150266279,0.8921889150266279,0.8921889150266283,0.8525465443672877,0.0,1.0,0.0,0.0,30805
0.8921889150266281,0.8921889150266283,0.8921889150266279,0.8921889150266283,0.892188915026628,0.8921889150266278,0.892188915026628,0.8921889150266279,0.8921889150266279,0.8921889150266283,0.4802199162879345,1.0,1.0,0.0,1.0,31535
0.8921889150266281,0.8921889150266283,0.8921889150266279,0.8921889150266283,0.892188915026628,0.8921889150266278,0.892188915026628,0.8921889150266279,0.8921889150266279,0.8921889150266283,0.4802199162879345,0.0,0.0,0.0,1.0,31555
0.8921889150266281,0.8921889150266283,0.8921889150266279,0.8921889150266283,0.892188915026628,0.8921889150266278,0.892188915026628,0.8921889150266279,0.8921889150266279,0.8921889150266283,0.8525465443672877,0.0,0.0,0.0,0.0,30545
0.8921889150266281,0.8921889150266283,0.8921889150266279,0.8921889150266283,0.892188915026628,0.8921889150266278,0.892188915026628,0.8921889150266279,0.8921889150266279,0.8921889150266283,1.2248731724466408,0.0,0.0,1.0,0.0,31920
0.8921889150266281,0.8921889150266283,0.8921889150266279,0.8921889150266283,0.892188915026628,0.8921889150266278,0.892188915026628,0.8921889150266279,0.8921889150266279,0.8921889150266283,0.4802199162879345,0.0,0.0,0.0,1.0,31035
0.8921889150266281,0.8921889150266283,0.8921889150266279,0.8921889150266283,0.892188915026628,0.8921889150266278,0.892188915026628,0.8921889150266279,0.8921889150266279,0.8921889150266283,0.8525465443672877,1.0,0.0,0.0,0.0,30805
0.8921889150266281,0.8921889150266283,0.8921889150266279,0.8921889150266283,0.892188915026628,0.8921889150266278,0.892188915026628,0.8921889150266279,0.8921889150266279,0.8921889150266283,1.2248731724466408,0.0,0.0,1.0,0.0,30285
0.8921889150266281,0.8921889150266283,0.8921889150266279,0.8921889150266283,0.892188915026628,0.8921889150266278,0.892188915026628,0.8921889150266279,0.8921889150266279,0.8921889150266283,0.4802199162879345,1.0,0.0,0.0,1.0,32050
0.8921889150266281,0.8921889150266283,0.8921889150266279,0.8921889150266283,0.892188915026628,0.8921889150266278,0.892188915026628,0.8921889150266279,0.8921889150266279,0.8921889150266283,0.8525465443672877,1.0,0.0,0.0,0.0,30855
0.8921889150266281,0.8921889150266283,0.8921889150266279,0.8921889150266283,0.892188915026628,0.8921889150266278,0.892188915026628,0.8921889150266279,0.8921889150266279,0.8921889150266283,0.4802199162879345,0.0,0.0,0.0,1.0,30250
0.8921889150266281,0.8921889150266283,0.8921889150266279,0.8921889150266283,0.892188915026628,0.8921889150266278,0.892188915026628,0.8921889150266279,0.8921889150266279,0.8921889150266283,1.2248731724466408,1.0,0.0,1.0,0.0,30610
0.8921889150266281,0.8921889150266283,0.8921889150266279,0.8921889150266283,0.892188915026628,0.8921889150266278,0.892188915026628,0.8921889150266279,0.8921889150266279,0.8921889150266283,0.8525465443672877,1.0,0.0,0.0,0.0,30075
0.8921889150266281,0.8921889150266283,0.8921889150266279,0.8921889150266283,0.892188915026628,0.8921889150266278,0.892188915026628,0.8921889150266279,0.8921889150266279,0.8921889150266283,1.2248731724466408,1.0,0.0,1.0,0.0,31065
0.8921889150266281,0.8921889150266283,0.8921889150266279,0.8921889150266283,0.892188915026628,0.8921889150266278,0.892188915026628,0.8921889150266279,0.8921889150266279,0.8921889150266283,0.4802199162879345,0.0,0.0,0.0,1.0,31135
0.8921889150266281,0.8921889150266283,0.8921889150266279,0.8921889150266283,0.892188915026628,0.8921889150266278,0.892188915026628,0.8921889150266279,0.8921889150266279,0.8921889150266283,0.8525465443672877,0.0,0.0,0.0,0.0,31810
0.8921889150266281,0.8921889150266283,0.8921889150266279,0.8921889150266283,0.892188915026628,0.8921889150266278,0.892188915026628,0.8921889150266279,0.8921889150266279,0.8921889150266283,1.2248731724466408,0.0,0.0,1.0,0.0,30755
0.8921889150266281,0.8921889150266283,0.8921889150266279,0.8921889150266283,0.892188915026628,0.8921889150266278,0.892188915026628,0.8921889150266279,0.8921889150266279,0.8921889150266283,0.4802199162879345,1.0,0.0,0.0,1.0,31815
0.8921889150266281,0.8921889150266283,0.8921889150266279,0.8921889150266283,0.892188915026628,0.8921889150266278,0.892188915026628,0.8921889150266279,0.8921889150266279,0.8921889150266283,0.8525465443672877,0.0,0.0,0.0,0.0,32090
0.8921889150266281,0.8921889150266283,0.8921889150266279,0.8921889150266283,0.892188915026628,0.8921889150266278,0.892188915026628,0.8921889150266279,0.8921889150266279,0.8921889150266283,0.4802199162879345,1.0,0.0,0.0,1.0,31045
0.8921889150266281,0.8921889150266283,0.8921889150266279,0.8921889150266283,0.892188915026628,0.8921889150266278,0.892188915026628,0.8921889150266279,0.8921889150266279,0.8921889150266283,1.2248731724466408,0.0,0.0,1.0,0.0,32155
0.8921889150266281,0.8921889150266283,0.8921889150266279,0.8921889150266283,0.892188915026628,0.8921889150266278,0.892188915026628,0.8921889150266279,0.8921889150266279,0.8921889150266283,0.8525465443672877,0.0,0.0,0.0,0.0,31400
0.8921889150266281,0.8921889150266283,0.8921889150266279,0.8921889150266283,0.892188915026628,0.8921889150266278,0.892188915026628,0.8921889150266279,0.8921889150266279,0.8921889150266283,1.2248731724466408,1.0,0.0,1.0,0.0,30805
0.8921889150266281,0.8921889150266283,0.8921889150266279,0.8921889150266283,0.892188915026628,0.8921889150266278,0.892188915026628,0.8921889150266279,0.8921889150266279,0.8921889150266283,0.4802199162879345,1.0,0.0,0.0,1.0,31555
0.8921889150266281,0.8921889150266283,0.8921889150266279,0.8921889150266283,0.892188915026628,0.8921889150266278,0.892188915026628,0.8921889150266279,0.8921889150266279,0.8921889150266283,0.8525465443672877,0.0,0.0,0.0,0.0,30250
0.8921889150266281,0.8921889150266283,0.8921889150266279,0.8921889150266283,0.892188915026628,0.8921889150266278,0.892188915026628,0.8921889150266279,0.8921889150266279,0.8921889150266283,1.2248731724466408,1.0,0.0,1.0,0.0,30610
0.8921889150266281,0.8921889150266283,0.8921889150266279,0.8921889150266283,0.892188915026628,0.8921889150266278,0.892188915026628,0.8921889150266279,0.8921889150266279,0.8921889150266283,0.4802199162879345,0.0,0.0,0.0,1.0,30575
0.8921889150266281,0.8921889150266283,0.8921889150266279,0.8921889150266283,0.892188915026628,0.8921889150266278,0.892188915026628,0.8921889150266279,0.8921889150266279,0.8921889150266283,0.8525465443672877,1.0,0.0,0.0,0.0,31605
0.8921889150266281,0.8921889150266283,0.8921889150266279,0.8921889150266283,0.892188915026628,0.8921889150266278,0.892188915026628,0.8921889150266279,0.8921889150266279,0.8921889150266283,0.4802199162879345,1.0,0.0,0.0,1.0,31135
0.8921889150266281,0.8921889150266283,0.8921889150266279,0.8921889150266283,0.892188915026628,0.8921889150266278,0.892188915026628,0.8921889150266279,0.8921889150266279,0.8921889150266283,1.2248731724466408,0.0,0.0,1.0,0.0,28935
0.8921889150266281,0.8921889150266283,0.8921889150266279,0.8921889150266283,0.892188915026628,0.8921889150266278,0.892188915026628,0.8921889150266279,0.8921889150266279,0.8921889150266283,1.2248731724466408,1.0,0.0,1.0,0.0,29535
0.8921889150266281,0.8921889150266283,0.8921889150266279,0.8921889150266283,0.892188915026628,0.8921889150266278,0.892188915026628,0.8921889150266279,0.8921889150266279,0.8921889150266283,1.2248731724466408,0.0,0.0,1.0,0.0,28785
0.8921889150266281,0.8921889150266283,0.8921889150266279,0.8921889150266283,0.892188915026628,0.8921889150266278,0.892188915026628,0.8921889150266279,0.8921889150266279,0.8921889150266283,1.2248731724466408,1.0,0.0,1.0,0.0,29335
0.8921889150266281,0.8921889150266283,0.8921889150266279,0.8921889150266283,0.892188915026628,0.8921889150266278,0.892188915026628,0.8921889150266279,0.8921889150266279,0.8921889150266283,0.8525465443672877,0.0,0.0,0.0,0.0,29850
0.8921889150266281,0.8921889150266283,0.8921889150266279,0.8921889150266283,0.892188915026628,0.8921889150266278,0.892188915026628,0.8921889150266279,0.8921889150266279,0.8921889150266283,1.2248731724466408,0.0,0.0,1.0,0.0,29985
0.8921889150266281,0.8921889150266283,0.8921889150266279,0.8921889150266283,0.892188915026628,0.8921889150266278,0.892188915026628,0.8921889150266279,0.8921889150266279,0.8921889150266283,1.2248731724466408,1.0,0.0,1.0,0.0,28610
0.8921889150266281,0.8921889150266283,0.8921889150266279,0.8921889150266283,0.892188915026628,0.8921889150266278,0.892188915026628,0.8921889150266279,0.8921889150266279,0.8921889150266283,1.2248731724466408,0.0,0.0,1.0,0.0,27460
0.8921889150266281,0.8921889150266283,0.8921889150266279,0.8921889150266283,0.892188915026628,0.8921889150266278,0.892188915026628,0.8921889150266279,0.8921889150266279,0.8921889150266283,0.4802199162879345,1.0,0.0,0.0,1.0,31625
0.8921889150266281,0.8921889150266283,0.8921889150266279,0.8921889150266283,0.892188915026628,0.8921889150266278,0.892188915026628,0.8921889150266279,0.8921889150266279,0.8921889150266283,0.4802199162879345,0.0,0.0,0.0,1.0,32345
0.8921889150266281,0.8921889150266283,0.8921889150266279,0.8921889150266283,0.892188915026628,0.8921889150266278,0.892188915026628,0.8921889150266279,0.8921889150266279,0.8921889150266283,0.4802199162879345,1.0,0.0,0.0,1.0,31400
0.8921889150266281,0.8921889150266283,0.8921889150266279,0.8921889150266283,0.892188915026628,0.8921889150266278,0.892188915026628,0.8921889150266279,0.8921889150266279,0.8921889150266283,1.2248731724466408,0.0,0.0,1.0,0.0,30540
0.8921889150266281,0.8921889150266283,0.8921889150266279,0.8921889150266283,0.892188915026628,0.8921889150266278,0.892188915026628,0.8921889150266279,0.8921889150266279,0.8921889150266283,0.4802199162879345,1.0,0.0,0.0,1.0,30905
0.8921889150266281,0.8921889150266283,0.8921889150266279,0.8921889150266283,0.892188915026628,0.8921889150266278,0.892188915026628,0.8921889150266279,0.8921889150266279,0.8921889150266283,0.8525465443672877,1.0,0.0,0.0,0.0,30805
0.8921889150266281,0.8921889150266283,0.8921889150266279,0.8921889150266283,0.892188915026628,0.8921889150266278,0.892188915026628,0.8921889150266279,0.8921889150266279,0.8921889150266283,0.4802199162879345,1.0,0.0,0.0,1.0,31535
0.8921889150266281,0.8921889150266283,0.8921889150266279,0.8921889150266283,0.892188915026628,0.8921889150266278,0.892188915026628,0.8921889150266279,0.8921889150266279,0.8921889150266283,0.4802199162879345,1.0,0.0,0.0,1.0,31555
0.8921889150266281,0.8921889150266283,0.8921889150266279,0.8921889150266283,0.892188915026628,0.8921889150266278,0.892188915026628,0.8921889150266279,0.8921889150266279,0.8921889150266283,0.8525465443672877,0.0,0.0,0.0,0.0,30545
0.8921889150266281,0.8921889150266283,0.8921889150266279,0.8921889150266283,0.892188915026628,0.8921889150266278,0.892188915026628,0.8921889150266279,0.8921889150266279,0.8921889150266283,1.2248731724466408,1.0,0.0,1.0,0.0,31920
0.8921889150266281,0.8921889150266283,0.8921889150266279,0.8921889150266283,0.892188915026628,0.8921889150266278,0.892188915026628,0.8921889150266279,0.8921889150266279,0.8921889150266283,0.4802199162879345,1.0,0.0,0.0,1.0,31035
0.8921889150266281,0.8921889150266283,0.8921889150266279,0.8921889150266283,0.892188915026628,0.8921889150266278,0.892188915026628,0.8921889150266279,0.8921889150266279,0.8921889150266283,0.8525465443672877,0.0,0.0,0.0,0.0,30805
0.8921889150266281,0.8921889150266283,0.8921889150266279,0.8921889150266283,0.892188915026628,0.8921889150266278,0.892188915026628,0.8921889150266279,0.8921889150266279,0.8921889150266283,1.2248731724466408,1.0,0.0,1.0,0.0,30285
0.8921889150266281,0.8921889150266283,0.8921889150266279,0.8921889150266283,0.892188915026628,0.8921889150266278,0.892188915026628,0.8921889150266279,0.8921889150266279,0.8921889150266283,0.4802199162879345,1.0,0.0,0.0,1.0,32050
0.8921889150266281,0.8921889150266283,0.8921889150266279,0.8921889150266283,0.892188915026628,0.8921889150266278,0.892188915026628,0.8921889150266279,0.8921889150266279,0.8921889150266283,0.8525465443672877,0.0,0.0,0.0,0.0,30855
0.8921889150266281,0.8921889150266283,0.8921889150266279,0.8921889150266283,0.892188915026628,0.8921889150266278,0.892188915026628,0.8921889150266279,0.8921889150266279,0.8921889150266283,0.4802199162879345,1.0,0.0,0.0,1.0,30250
0.8921889150266281,0.8921889150266283,0.8921889150266279,0.8921889150266283,0.892188915026628,0.8921889150266278,0.892188915026628,0.8921889150266279,0.8921889150266279,0.8921889150266283,1.2248731724466408,1.0,0.0,1.0,0.0,30610
0.8921889150266281,0.8921889150266283,0.8921889150266279,0.8921889150266283,0.892188915026628,0.8921889150266278,0.892188915026628,0.8921889150266279,0.8921889150266279,0.8921889150266283,0.8525465443672877,1.0,0.0,0.0,0.0,30075
0.8921889150266281,0.8921889150266283,0.8921889150266279,0.8921889150266283,0.892188915026628,0.8921889150266278,0.892188915026628,0.8921889150266279,0.8921889150266279,0.8921889150266283,1.2248731724466408,0.0,0.0,1.0,0.0,31065
0.8921889150266281,0.8921889150266283,0.8921889150266279,0.8921889150266283,0.892188915026628,0.8921889150266278,0.892188915026628,0.8921889150266279,0.8921889150266279,0.8921889150266283,0.4802199162879345,1.0,0.0,0.0,1.0,31135
0.8921889150266281,0.8921889150266283,0.8921889150266279,0.8921889150266283,0.892188915026628,0.8921889150266278,0.892188915026628,0.8921889150266279,0.8921889150266279,0.8921889150266283,0.8525465443672877,1.0,0.0,0.0,0.0,31810
0.8921889150266281,0.8921889150266283,0.8921889150266279,0.8921889150266283,0.892188915026628,0.8921889150266278,0.892188915026628,0.8921889150266279,0.8921889150266279,0.8921889150266283,1.2248731724466408,0.0,0.0,1.0,0.0,30755
0.8921889150266281,0.8921889150266283,0.8921889150266279,0.8921889150266283,0.892188915026628,0.8921889150266278,0.892188915026628,0.8921889150266279,0.8921889150266279,0.8921889150266283,0.4802199162879345,0.0,0.0,0.0,1.0,31815
0.8921889150266281,0.8921889150266283,0.8921889150266279,0.8921889150266283,0.892188915026628,0.8921889150266278,0.892188915026628,0.8921889150266279,0.8921889150266279,0.8921889150266283,0.8525465443672877,0.0,0.0,0.0,0.0,32090
0.8921889150266281,0.8921889150266283,0.8921889150266279,0.8921889150266283,0.892188915026628,0.8921889150266278,0.892188915026628,0.8921889150266279,0.8921889150266279,0.8921889150266283,0.4802199162879345,0.0,0.0,0.0,1.0,31045
0.8921889150266281,0.8921889150266283,0.8921889150266279,0.8921889150266283,0.892188915026628,0.8921889150266278,0.892188915026628,0.8921889150266279,0.8921889150266279,0.8921889150266283,1.2248731724466408,0.0,0.0,1.0,0.0,32155
0.8921889150266281,0.8921889150266283,0.8921889150266279,0.8921889150266283,0.892188915026628,0.8921889150266278,0.892188915026628,0.8921889150266279,0.8921889150266279,0.8921889150266283,0.8525465443672877,0.0,0.0,0.0,0.0,31400
0.8921889150266281,0.8921889150266283,0.8921889150266279,0.8921889150266283,0.892188915026628,0.8921889150266278,0.892188915026628,0.8921889150266279,0.8921889150266279,0.8921889150266283,1.2248731724466408,0.0,0.0,1.0,0.0,30805
0.8921889150266281,0.8921889150266283,0.8921889150266279,0.8921889150266283,0.892188915026628,0.8921889150266278,0.892188915026628,0.8921889150266279,0.8921889150266279,0.8921889150266283,0.4802199162879345,1.0,0.0,0.0,1.0,31555
0.8921889150266281,0.8921889150266283,0.8921889150266279,0.8921889150266283,0.892188915026628,0.8921889150266278,0.892188915026628,0.8921889150266279,0.8921889150266279,0.8921889150266283,0.8525465443672877,1.0,0.0,0.0,0.0,30250
0.8921889150266281,0.8921889150266283,0.8921889150266279,0.8921889150266283,0.892188915026628,0.8921889150266278,0.892188915026628,0.8921889150266279,0.8921889150266279,0.8921889150266283,1.2248731724466408,1.0,0.0,1.0,0.0,30610
0.8921889150266281,0.8921889150266283,0.8921889150266279,0.8921889150266283,0.892188915026628,0.8921889150266278,0.892188915026628,0.8921889150266279,0.8921889150266279,0.8921889150266283,0.4802199162879345,1.0,0.0,0.0,1.0,30575
0.8921889150266281,0.8921889150266283,0.8921889150266279,0.8921889150266283,0.892188915026628,0.8921889150266278,0.892188915026628,0.8921889150266279,0.8921889150266279,0.8921889150266283,0.8525465443672877,1.0,0.0,0.0,0.0,31605
0.8921889150266281,0.8921889150266283,0.8921889150266279,0.8921889150266283,0.892188915026628,0.8921889150266278,0.892188915026628,0.8921889150266279,0.8921889150266279,0.8921889150266283,0.4802199162879345,1.0,0.0,0.0,1.0,31135
0.8921889150266281,0.8921889150266283,0.8921889150266279,0.8921889150266283,0.892188915026628,0.8921889150266278,0.892188915026628,0.8921889150266279,0.8921889150266279,0.8921889150266283,1.2248731724466408,1.0,0.0,1.0,0.0,29365
0.8921889150266281,0.8921889150266283,0.8921889150266279,0.8921889150266283,0.892188915026628,0.8921889150266278,0.892188915026628,0.8921889150266279,0.8921889150266279,0.8921889150266283,1.2248731724466408,1.0,0.0,1.0,0.0,29180
0.8921889150266281,0.8921889150266283,0.8921889150266279,0.8921889150266283,0.892188915026628,0.8921889150266278,0.892188915026628,0.8921889150266279,0.8921889150266279,0.8921889150266283,1.2248731724466408,0.0,0.0,1.0,0.0,28615
0.8921889150266281,0.8921889150266283,0.8921889150266279,0.8921889150266283,0.892188915026628,0.8921889150266278,0.892188915026628,0.8921889150266279,0.8921889150266279,0.8921889150266283,1.2248731724466408,0.0,0.0,1.0,0.0,27460
0.8921889150266281,0.8921889150266283,0.8921889150266279,0.8921889150266283,0.892188915026628,0.8921889150266278,0.892188915026628,0.8921889150266279,0.8921889150266279,0.8921889150266283,0.8525465443672877,0.0,0.0,0.0,0.0,29365
0.8921889150266281,0.8921889150266283,0.8921889150266279,0.8921889150266283,0.892188915026628,0.8921889150266278,0.892188915026628,0.8921889150266279,0.8921889150266279,0.8921889150266283,1.2248731724466408,0.0,0.0,1.0,0.0,29180
0.8921889150266281,0.8921889150266283,0.8921889150266279,0.8921889150266283,0.892188915026628,0.8921889150266278,0.892188915026628,0.8921889150266279,0.8921889150266279,0.8921889150266283,1.2248731724466408,1.0,0.0,1.0,0.0,29580
0.8921889150266281,0.8921889150266283,0.8921889150266279,0.8921889150266283,0.892188915026628,0.8921889150266278,0.892188915026628,0.8921889150266279,0.8921889150266279,0.8921889150266283,1.2248731724466408,0.0,0.0,1.0,0.0,28615
0.8921889150266281,0.8921889150266283,0.8921889150266279,0.8921889150266283,0.892188915026628,0.8921889150266278,0.892188915026628,0.8921889150266279,0.8921889150266279,0.8921889150266283,0.4802199162879345,0.0,0.0,0.0,1.0,31625
0.8921889150266281,0.8921889150266283,0.8921889150266279,0.8921889150266283,0.892188915026628,0.8921889150266278,0.892188915026628,0.8921889150266279,0.8921889150266279,0.8921889150266283,0.4802199162879345,0.0,0.0,0.0,1.0,32345
0.8921889150266281,0.8921889150266283,0.8921889150266279,0.8921889150266283,0.892188915026628,0.8921889150266278,0.892188915026628,0.8921889150266279,0.8921889150266279,0.8921889150266283,0.4802199162879345,1.0,0.0,0.0,1.0,31400
0.8921889150266281,0.8921889150266283,0.8921889150266279,0.8921889150266283,0.892188915026628,0.8921889150266278,0.892188915026628,0.8921889150266279,0.8921889150266279,0.8921889150266283,1.2248731724466408,1.0,0.0,1.0,0.0,30540
0.8921889150266281,0.8921889150266283,0.8921889150266279,0.8921889150266283,0.892188915026628,0.8921889150266278,0.892188915026628,0.8921889150266279,0.8921889150266279,0.8921889150266283,0.4802199162879345,1.0,0.0,0.0,1.0,30905
0.8921889150266281,0.8921889150266283,0.8921889150266279,0.8921889150266283,0.892188915026628,0.8921889150266278,0.892188915026628,0.8921889150266279,0.8921889150266279,0.8921889150266283,0.8525465443672877,1.0,0.0,0.0,0.0,30805
0.8921889150266281,0.8921889150266283,0.8921889150266279,0.8921889150266283,0.892188915026628,0.8921889150266278,0.892188915026628,0.8921889150266279,0.8921889150266279,0.8921889150266283,0.4802199162879345,1.0,0.0,0.0,1.0,31535
0.8921889150266281,0.8921889150266283,0.8921889150266279,0.8921889150266283,0.892188915026628,0.8921889150266278,0.892188915026628,0.8921889150266279,0.8921889150266279,0.8921889150266283,0.4802199162879345,1.0,0.0,0.0,1.0,31555
0.8921889150266281,0.8921889150266283,0.8921889150266279,0.8921889150266283,0.892188915026628,0.8921889150266278,0.892188915026628,0.8921889150266279,0.8921889150266279,0.8921889150266283,0.8525465443672877,1.0,0.0,0.0,0.0,30545
0.8921889150266281,0.8921889150266283,0.8921889150266279,0.8921889150266283,0.892188915026628,0.8921889150266278,0.892188915026628,0.8921889150266279,0.8921889150266279,0.8921889150266283,1.2248731724466408,0.0,0.0,1.0,0.0,31920
0.8921889150266281,0.8921889150266283,0.8921889150266279,0.8921889150266283,0.892188915026628,0.8921889150266278,0.892188915026628,0.8921889150266279,0.8921889150266279,0.8921889150266283,0.4802199162879345,1.0,0.0,0.0,1.0,31035
0.8921889150266281,0.8921889150266283,0.8921889150266279,0.8921889150266283,0.892188915026628,0.8921889150266278,0.892188915026628,0.8921889150266279,0.8921889150266279,0.8921889150266283,0.8525465443672877,0.0,0.0,0.0,0.0,30805
0.8921889150266281,0.8921889150266283,0.8921889150266279,0.8921889150266283,0.892188915026628,0.8921889150266278,0.892188915026628,0.8921889150266279,0.8921889150266279,0.8921889150266283,1.2248731724466408,1.0,0.0,1.0,0.0,30285
0.8921889150266281,0.8921889150266283,0.8921889150266279,0.8921889150266283,0.892188915026628,0.8921889150266278,0.892188915026628,0.8921889150266279,0.8921889150266279,0.8921889150266283,0.4802199162879345,0.0,0.0,0.0,1.0,32050
0.8921889150266281,0.8921889150266283,0.8921889150266279,0.8921889150266283,0.892188915026628,0.8921889150266278,0.892188915026628,0.8921889150266279,0.8921889150266279,0.8921889150266283,0.8525465443672877,0.0,0.0,0.0,0.0,30855
0.8921889150266281,0.8921889150266283,0.8921889150266279,0.8921889150266283,0.892188915026628,0.8921889150266278,0.892188915026628,0.8921889150266279,0.8921889150266279,0.8921889150266283,0.4802199162879345,1.0,0.0,0.0,1.0,30250
0.8921889150266281,0.8921889150266283,0.8921889150266279,0.8921889150266283,0.892188915026628,0.8921889150266278,0.892188915026628,0.8921889150266279,0.8921889150266279,0.8921889150266283,1.2248731724466408,0.0,0.0,1.0,0.0,30610
0.8921889150266281,0.8921889150266283,0.8921889150266279,0.8921889150266283,0.892188915026628,0.8921889150266278,0.892188915026628,0.8921889150266279,0.8921889150266279,0.8921889150266283,0.8525465443672877,1.0,0.0,0.0,0.0,30075
0.8921889150266281,0.8921889150266283,0.8921889150266279,0.8921889150266283,0.892188915026628,0.8921889150266278,0.892188915026628,0.8921889150266279,0.8921889150266279,0.8921889150266283,1.2248731724466408,0.0,0.0,1.0,0.0,31065
0.8921889150266281,0.8921889150266283,0.8921889150266279,0.8921889150266283,0.892188915026628,0.8921889150266278,0.892188915026628,0.8921889150266279,0.8921889150266279,0.8921889150266283,0.4802199162879345,1.0,0.0,0.0,1.0,31135
0.8921889150266281,0.8921889150266283,0.8921889150266279,0.8921889150266283,0.892188915026628,0.8921889150266278,0.892188915026628,0.8921889150266279,0.8921889150266279,0.8921889150266283,0.8525465443672877,0.0,0.0,0.0,0.0,31810
0.8921889150266281,0.8921889150266283,0.8921889150266279,0.8921889150266283,0.892188915026628,0.8921889150266278,0.892188915026628,0.8921889150266279,0.8921889150266279,0.8921889150266283,1.2248731724466408,1.0,0.0,1.0,0.0,30755
0.8921889150266281,0.8921889150266283,0.8921889150266279,0.8921889150266283,0.892188915026628,0.8921889150266278,0.892188915026628,0.8921889150266279,0.8921889150266279,0.8921889150266283,0.4802199162879345,1.0,0.0,0.0,1.0,31815
0.8921889150266281,0.8921889150266283,0.8921889150266279,0.8921889150266283,0.892188915026628,0.8921889150266278,0.892188915026628,0.8921889150266279,0.8921889150266279,0.8921889150266283,0.8525465443672877,0.0,0.0,0.0,0.0,32090
0.8921889150266281,0.8921889150266283,0.8921889150266279,0.8921889150266283,0.892188915026628,0.8921889150266278,0.892188915026628,0.8921889150266279,0.8921889150266279,0.8921889150266283,0.4802199162879345,1.0,0.0,0.0,1.0,31045
0.8921889150266281,0.8921889150266283,0.8921889150266279,0.8921889150266283,0.892188915026628,0.8921889150266278,0.892188915026628,0.8921889150266279,0.8921889150266279,0.8921889150266283,1.2248731724466408,1.0,0.0,1.0,0.0,32155
0.8921889150266281,0.8921889150266283,0.8921889150266279,0.8921889150266283,0.892188915026628,0.8921889150266278,0.892188915026628,0.8921889150266279,0.8921889150266279,0.8921889150266283,0.8525465443672877,0.0,0.0,0.0,0.0,31400
0.8921889150266281,0.8921889150266283,0.8921889150266279,0.8921889150266283,0.892188915026628,0.8921889150266278,0.892188915026628,0.8921889150266279,0.8921889150266279,0.8921889150266283,1.2248731724466408,1.0,0.0,1.0,0.0,30805
0.8921889150266281,0.8921889150266283,0.8921889150266279,0.8921889150266283,0.892188915026628,0.8921889150266278,0.892188915026628,0.8921889150266279,0.8921889150266279,0.8921889150266283,0.4802199162879345,1.0,0.0,0.0,1.0,31555
0.8921889150266281,0.8921889150266283,0.8921889150266279,0.8921889150266283,0.892188915026628,0.8921889150266278,0.892188915026628,0.8921889150266279,0.8921889150266279,0.8921889150266283,0.8525465443672877,1.0,0.0,0.0,0.0,30250
0.8921889150266281,0.8921889150266283,0.8921889150266279,0.8921889150266283,0.892188915026628,0.8921889150266278,0.892188915026628,0.8921889150266279,0.8921889150266279,0.8921889150266283,1.2248731724466408,1.0,0.0,1.0,0.0,30610
0.8921889150266281,0.8921889150266283,0.8921889150266279,0.8921889150266283,0.892188915026628,0.8921889150266278,0.892188915026628,0.8921889150266279,0.8921889150266279,0.8921889150266283,0.4802199162879345,0.0,0.0,0.0,1.0,30575
0.8921889150266281,0.8921889150266283,0.8921889150266279,0.8921889150266283,0.892188915026628,0.8921889150266278,0.892188915026628,0.8921889150266279,0.8921889150266279,0.8921889150266283,0.8525465443672877,1.0,0.0,0.0,0.0,31605
0.8921889150266281,0.8921889150266283,0.8921889150266279,0.8921889150266283,0.892188915026628,0.8921889150266278,0.892188915026628,0.8921889150266279,0.8921889150266279,0.8921889150266283,0.4802199162879345,0.0,0.0,0.0,1.0,31135
0.8921889150266281,0.8921889150266283,0.8921889150266279,0.8921889150266283,0.892188915026628,0.8921889150266278,0.892188915026628,0.8921889150266279,0.8921889150266279,0.8921889150266283,1.2248731724466408,1.0,0.0,1.0,0.0,29275
0.8921889150266281,0.8921889150266283,0.8921889150266279,0.8921889150266283,0.892188915026628,0.8921889150266278,0.892188915026628,0.8921889150266279,0.8921889150266279,0.8921889150266283,1.2248731724466408,1.0,1.0,1.0,0.0,27265
0.8921889150266281,0.8921889150266283,0.8921889150266279,0.8921889150266283,0.892188915026628,0.8921889150266278,0.892188915026628,0.8921889150266279,0.8921889150266279,0.8921889150266283,1.2248731724466408,0.0,1.0,1.0,0.0,28060
0.8921889150266281,0.8921889150266283,0.8921889150266279,0.8921889150266283,0.892188915026628,0.8921889150266278,0.892188915026628,0.8921889150266279,0.8921889150266279,0.8921889150266283,1.2248731724466408,1.0,1.0,1.0,0.0,29365
0.8921889150266281,0.8921889150266283,0.8921889150266279,0.8921889150266283,0.892188915026628,0.8921889150266278,0.892188915026628,0.8921889150266279,0.8921889150266279,0.8921889150266283,0.8525465443672877,0.0,1.0,0.0,0.0,29415
0.8921889150266281,0.8921889150266283,0.8921889150266279,0.8921889150266283,0.892188915026628,0.8921889150266278,0.892188915026628,0.8921889150266279,0.8921889150266279,0.8921889150266283,1.2248731724466408,0.0,1.0,1.0,0.0,29180
0.8921889150266281,0.8921889150266283,0.8921889150266279,0.8921889150266283,0.892188915026628,0.8921889150266278,0.892188915026628,0.8921889150266279,0.8921889150266279,0.8921889150266283,1.2248731724466408,1.0,1.0,1.0,0.0,28615
0.8921889150266281,0.8921889150266283,0.8921889150266279,0.8921889150266283,0.892188915026628,0.8921889150266278,0.892188915026628,0.8921889150266279,0.8921889150266279,0.8921889150266283,1.2248731724466408,0.0,1.0,1.0,0.0,27460
0.8921889150266281,0.8921889150266283,0.8921889150266279,0.8921889150266283,0.892188915026628,0.8921889150266278,0.892188915026628,0.8921889150266279,0.8921889150266279,0.8921889150266283,0.4802199162879345,0.0,1.0,0.0,1.0,31625
0.8921889150266281,0.8921889150266283,0.8921889150266279,0.8921889150266283,0.892188915026628,0.8921889150266278,0.892188915026628,0.8921889150266279,0.8921889150266279,0.8921889150266283,0.4802199162879345,0.0,1.0,0.0,1.0,32345
0.8921889150266281,0.8921889150266283,0.8921889150266279,0.8921889150266283,0.892188915026628,0.8921889150266278,0.892188915026628,0.8921889150266279,0.8921889150266279,0.8921889150266283,0.4802199162879345,0.0,1.0,0.0,1.0,31400
0.8921889150266281,0.8921889150266283,0.8921889150266279,0.8921889150266283,0.892188915026628,0.8921889150266278,0.892188915026628,0.8921889150266279,0.8921889150266279,0.8921889150266283,1.2248731724466408,1.0,1.0,1.0,0.0,30540
0.8921889150266281,0.8921889150266283,0.8921889150266279,0.8921889150266283,0.892188915026628,0.8921889150266278,0.892188915026628,0.8921889150266279,0.8921889150266279,0.8921889150266283,0.4802199162879345,0.0,1.0,0.0,1.0,30905
0.8921889150266281,0.8921889150266283,0.8921889150266279,0.8921889150266283,0.892188915026628,0.8921889150266278,0.892188915026628,0.8921889150266279,0.8921889150266279,0.8921889150266283,0.8525465443672877,1.0,1.0,0.0,0.0,30805
0.8921889150266281,0.8921889150266283,0.8921889150266279,0.8921889150266283,0.892188915026628,0.8921889150266278,0.892188915026628,0.8921889150266279,0.8921889150266279,0.8921889150266283,0.4802199162879345,1.0,1.0,0.0,1.0,31535
0.8921889150266281,0.8921889150266283,0.8921889150266279,0.8921889150266283,0.892188915026628,0.8921889150266278,0.892188915026628,0.8921889150266279,0.8921889150266279,0.8921889150266283,0.4802199162879345,0.0,1.0,0.0,1.0,31555
0.8921889150266281,0.8921889150266283,0.8921889150266279,0.8921889150266283,0.892188915026628,0.8921889150266278,0.892188915026628,0.8921889150266279,0.8921889150266279,0.8921889150266283,0.8525465443672877,1.0,1.0,0.0,0.0,30545
0.8921889150266281,0.8921889150266283,0.8921889150266279,0.8921889150266283,0.892188915026628,0.8921889150266278,0.892188915026628,0.8921889150266279,0.8921889150266279,0.8921889150266283,1.2248731724466408,1.0,1.0,1.0,0.0,31920
0.8921889150266281,0.8921889150266283,0.8921889150266279,0.8921889150266283,0.892188915026628,0.8921889150266278,0.892188915026628,0.8921889150266279,0.8921889150266279,0.8921889150266283,0.4802199162879345,1.0,1.0,0.0,1.0,31035
0.8921889150266281,0.8921889150266283,0.8921889150266279,0.8921889150266283,0.892188915026628,0.8921889150266278,0.892188915026628,0.8921889150266279,0.8921889150266279,0.8921889150266283,0.8525465443672877,0.0,1.0,0.0,0.0,30805
0.8921889150266281,0.8921889150266283,0.8921889150266279,0.8921889150266283,0.892188915026628,0.8921889150266278,0.892188915026628,0.8921889150266279,0.8921889150266279,0.8921889150266283,1.2248731724466408,0.0,1.0,1.0,0.0,30285
0.8921889150266281,0.8921889150266283,0.8921889150266279,0.8921889150266283,0.892188915026628,0.8921889150266278,0.892188915026628,0.8921889150266279,0.8921889150266279,0.8921889150266283,0.4802199162879345,0.0,1.0,0.0,1.0,32050
0.8921889150266281,0.8921889150266283,0.8921889150266279,0.8921889150266283,0.892188915026628,0.8921889150266278,0.892188915026628,0.8921889150266279,0.8921889150266279,0.8921889150266283,0.8525465443672877,1.0,1.0,0.0,0.0,30855
0.8921889150266281,0.8921889150266283,0.8921889150266279,0.8921889150266283,0.892188915026628,0.8921889150266278,0.892188915026628,0.8921889150266279,0.8921889150266279,0.8921889150266283,0.4802199162879345,0.0,1.0,0.0,1.0,30250
0.8921889150266281,0.8921889150266283,0.8921889150266279,0.8921889150266283,0.892188915026628,0.8921889150266278,0.892188915026628,0.8921889150266279,0.8921889150266279,0.8921889150266283,1.2248731724466408,1.0,0.0,1.0,0.0,30610
0.8921889150266281,0.8921889150266283,0.8921889150266279,0.8921889150266283,0.892188915026628,0.8921889150266278,0.892188915026628,0.8921889150266279,0.8921889150266279,0.8921889150266283,0.8525465443672877,0.0,0.0,0.0,0.0,30075
0.8921889150266281,0.8921889150266283,0.8921889150266279,0.8921889150266283,0.892188915026628,0.8921889150266278,0.892188915026628,0.8921889150266279,0.8921889150266279,0.8921889150266283,1.2248731724466408,0.0,0.0,1.0,0.0,31065
0.8921889150266281,0.8921889150266283,0.8921889150266279,0.8921889150266283,0.892188915026628,0.8921889150266278,0.892188915026628,0.8921889150266279,0.8921889150266279,0.8921889150266283,0.4802199162879345,1.0,0.0,0.0,1.0,31135
0.8921889150266281,0.8921889150266283,0.8921889150266279,0.8921889150266283,0.892188915026628,0.8921889150266278,0.892188915026628,0.8921889150266279,0.8921889150266279,0.8921889150266283,0.8525465443672877,1.0,0.0,0.0,0.0,31810
0.8921889150266281,0.8921889150266283,0.8921889150266279,0.8921889150266283,0.892188915026628,0.8921889150266278,0.892188915026628,0.8921889150266279,0.8921889150266279,0.8921889150266283,1.2248731724466408,0.0,0.0,1.0,0.0,30755
0.8921889150266281,0.8921889150266283,0.8921889150266279,0.8921889150266283,0.892188915026628,0.8921889150266278,0.892188915026628,0.8921889150266279,0.8921889150266279,0.8921889150266283,0.4802199162879345,1.0,0.0,0.0,1.0,31815
0.8921889150266281,0.8921889150266283,0.8921889150266279,0.8921889150266283,0.892188915026628,0.8921889150266278,0.892188915026628,0.8921889150266279,0.8921889150266279,0.8921889150266283,0.8525465443672877,0.0,0.0,0.0,0.0,32090
0.8921889150266281,0.8921889150266283,0.8921889150266279,0.8921889150266283,0.892188915026628,0.8921889150266278,0.892188915026628,0.8921889150266279,0.8921889150266279,0.8921889150266283,0.4802199162879345,1.0,0.0,0.0,1.0,31045
0.8921889150266281,0.8921889150266283,0.8921889150266279,0.8921889150266283,0.892188915026628,0.8921889150266278,0.892188915026628,0.8921889150266279,0.8921889150266279,0.8921889150266283,1.2248731724466408,1.0,0.0,1.0,0.0,32155
0.8921889150266281,0.8921889150266283,0.8921889150266279,0.8921889150266283,0.892188915026628,0.8921889150266278,0.892188915026628,0.8921889150266279,0.8921889150266279,0.8921889150266283,0.8525465443672877,0.0,0.0,0.0,0.0,31400
0.8921889150266281,0.8921889150266283,0.8921889150266279,0.8921889150266283,0.892188915026628,0.8921889150266278,0.892188915026628,0.8921889150266279,0.8921889150266279,0.8921889150266283,1.2248731724466408,1.0,0.0,1.0,0.0,30805
0.8921889150266281,0.8921889150266283,0.8921889150266279,0.8921889150266283,0.892188915026628,0.8921889150266278,0.892188915026628,0.8921889150266279,0.8921889150266279,0.8921889150266283,0.4802199162879345,0.0,0.0,0.0,1.0,31555
0.8921889150266281,0.8921889150266283,0.8921889150266279,0.8921889150266283,0.892188915026628,0.8921889150266278,0.892188915026628,0.8921889150266279,0.8921889150266279,0.8921889150266283,0.8525465443672877,1.0,0.0,0.0,0.0,30250
0.8921889150266281,0.8921889150266283,0.8921889150266279,0.8921889150266283,0.892188915026628,0.8921889150266278,0.892188915026628,0.8921889150266279,0.8921889150266279,0.8921889150266283,1.2248731724466408,0.0,0.0,1.0,0.0,30610
0.8921889150266281,0.8921889150266283,0.8921889150266279,0.8921889150266283,0.892188915026628,0.8921889150266278,0.892188915026628,0.8921889150266279,0.8921889150266279,0.8921889150266283,0.4802199162879345,0.0,0.0,0.0,1.0,30575
0.8921889150266281,0.8921889150266283,0.8921889150266279,0.8921889150266283,0.892188915026628,0.8921889150266278,0.892188915026628,0.8921889150266279,0.8921889150266279,0.8921889150266283,0.8525465443672877,1.0,0.0,0.0,0.0,31605
0.8921889150266281,0.8921889150266283,0.8921889150266279,0.8921889150266283,0.892188915026628,0.8921889150266278,0.892188915026628,0.8921889150266279,0.8921889150266279,0.8921889150266283,0.4802199162879345,0.0,0.0,0.0,1.0,31135
0.8921889150266281,0.8921889150266283,0.8921889150266279,0.8921889150266283,0.892188915026628,0.8921889150266278,0.892188915026628,0.8921889150266279,0.8921889150266279,0.8921889150266283,1.2248731724466408,1.0,1.0,1.0,0.0,29455
0.8921889150266281,0.8921889150266283,0.8921889150266279,0.8921889150266283,0.892188915026628,0.8921889150266278,0.892188915026628,0.8921889150266279,0.8921889150266279,0.8921889150266283,1.2248731724466408,0.0,1.0,1.0,0.0,29930
0.8921889150266281,0.8921889150266283,0.8921889150266279,0.8921889150266283,0.892188915026628,0.8921889150266278,0.892188915026628,0.8921889150266279,0.8921889150266279,0.8921889150266283,1.2248731724466408,1.0,1.0,1.0,0.0,27100
0.8921889150266281,0.8921889150266283,0.8921889150266279,0.8921889150266283,0.892188915026628,0.8921889150266278,0.892188915026628,0.8921889150266279,0.8921889150266279,0.8921889150266283,1.2248731724466408,0.0,1.0,1.0,0.0,27270
0.8921889150266281,0.8921889150266283,0.8921889150266279,0.8921889150266283,0.892188915026628,0.8921889150266278,0.892188915026628,0.8921889150266279,0.8921889150266279,0.8921889150266283,0.8525465443672877,1.0,1.0,0.0,0.0,27660
0.8921889150266281,0.8921889150266283,0.8921889150266279,0.8921889150266283,0.892188915026628,0.8921889150266278,0.892188915026628,0.8921889150266279,0.8921889150266279,0.8921889150266283,1.2248731724466408,1.0,1.0,1.0,0.0,28400
0.8921889150266281,0.8921889150266283,0.8921889150266279,0.8921889150266283,0.892188915026628,0.8921889150266278,0.892188915026628,0.8921889150266279,0.8921889150266279,0.8921889150266283,1.2248731724466408,1.0,1.0,1.0,0.0,29180
0.8921889150266281,0.8921889150266283,0.8921889150266279,0.8921889150266283,0.892188915026628,0.8921889150266278,0.892188915026628,0.8921889150266279,0.8921889150266279,0.8921889150266283,1.2248731724466408,1.0,1.0,1.0,0.0,29365
0.8921889150266281,0.8921889150266283,0.8921889150266279,0.8921889150266283,0.892188915026628,0.8921889150266278,0.892188915026628,0.8921889150266279,0.8921889150266279,0.8921889150266283,0.4802199162879345,0.0,1.0,0.0,1.0,31625
0.8921889150266281,0.8921889150266283,0.8921889150266279,0.8921889150266283,0.892188915026628,0.8921889150266278,0.892188915026628,0.8921889150266279,0.8921889150266279,0.8921889150266283,0.4802199162879345,1.0,1.0,0.0,1.0,32345
0.8921889150266281,0.8921889150266283,0.8921889150266279,0.8921889150266283,0.892188915026628,0.8921889150266278,0.892188915026628,0.8921889150266279,0.8921889150266279,0.8921889150266283,0.4802199162879345,1.0,1.0,0.0,1.0,31400
0.8921889150266281,0.8921889150266283,0.8921889150266279,0.8921889150266283,0.892188915026628,0.8921889150266278,0.892188915026628,0.8921889150266279,0.8921889150266279,0.8921889150266283,1.2248731724466408,0.0,1.0,1.0,0.0,30540
0.8921889150266281,0.8921889150266283,0.8921889150266279,0.8921889150266283,0.892188915026628,0.8921889150266278,0.892188915026628,0.8921889150266279,0.8921889150266279,0.8921889150266283,0.4802199162879345,1.0,1.0,0.0,1.0,30905
0.8921889150266281,0.8921889150266283,0.8921889150266279,0.8921889150266283,0.892188915026628,0.8921889150266278,0.892188915026628,0.8921889150266279,0.8921889150266279,0.8921889150266283,0.8525465443672877,1.0,1.0,0.0,0.0,30805
0.8921889150266281,0.8921889150266283,0.8921889150266279,0.8921889150266283,0.892188915026628,0.8921889150266278,0.892188915026628,0.8921889150266279,0.8921889150266279,0.8921889150266283,0.4802199162879345,0.0,1.0,0.0,1.0,31535
0.8921889150266281,0.8921889150266283,0.8921889150266279,0.8921889150266283,0.892188915026628,0.8921889150266278,0.892188915026628,0.8921889150266279,0.8921889150266279,0.8921889150266283,0.4802199162879345,1.0,1.0,0.0,1.0,31555
0.8921889150266281,0.8921889150266283,0.8921889150266279,0.8921889150266283,0.892188915026628,0.8921889150266278,0.892188915026628,0.8921889150266279,0.8921889150266279,0.8921889150266283,0.8525465443672877,1.0,1.0,0.0,0.0,30545
0.8921889150266281,0.8921889150266283,0.8921889150266279,0.8921889150266283,0.892188915026628,0.8921889150266278,0.892188915026628,0.8921889150266279,0.8921889150266279,0.8921889150266283,1.2248731724466408,1.0,1.0,1.0,0.0,31920
0.8921889150266281,0.8921889150266283,0.8921889150266279,0.8921889150266283,0.892188915026628,0.8921889150266278,0.892188915026628,0.8921889150266279,0.8921889150266279,0.8921889150266283,0.4802199162879345,0.0,1.0,0.0,1.0,31035
0.8921889150266281,0.8921889150266283,0.8921889150266279,0.8921889150266283,0.892188915026628,0.8921889150266278,0.892188915026628,0.8921889150266279,0.8921889150266279,0.8921889150266283,0.8525465443672877,1.0,1.0,0.0,0.0,30805
0.8921889150266281,0.8921889150266283,0.8921889150266279,0.8921889150266283,0.892188915026628,0.8921889150266278,0.892188915026628,0.8921889150266279,0.8921889150266279,0.8921889150266283,1.2248731724466408,1.0,1.0,1.0,0.0,30285
0.8921889150266281,0.8921889150266283,0.8921889150266279,0.8921889150266283,0.892188915026628,0.8921889150266278,0.892188915026628,0.8921889150266279,0.8921889150266279,0.8921889150266283,0.4802199162879345,0.0,1.0,0.0,1.0,32050
0.8921889150266281,0.8921889150266283,0.8921889150266279,0.8921889150266283,0.892188915026628,0.8921889150266278,0.892188915026628,0.8921889150266279,0.8921889150266279,0.8921889150266283,0.8525465443672877,0.0,1.0,0.0,0.0,30855
0.8921889150266281,0.8921889150266283,0.8921889150266279,0.8921889150266283,0.892188915026628,0.8921889150266278,0.892188915026628,0.8921889150266279,0.8921889150266279,0.8921889150266283,0.4802199162879345,0.0,1.0,0.0,1.0,30250
0.8921889150266281,0.8921889150266283,0.8921889150266279,0.8921889150266283,0.892188915026628,0.8921889150266278,0.892188915026628,0.8921889150266279,0.8921889150266279,0.8921889150266283,1.2248731724466408,0.0,1.0,1.0,0.0,30610
0.8921889150266281,0.8921889150266283,0.8921889150266279,0.8921889150266283,0.892188915026628,0.8921889150266278,0.892188915026628,0.8921889150266279,0.8921889150266279,0.8921889150266283,0.8525465443672877,0.0,1.0,0.0,0.0,30075
0.8921889150266281,0.8921889150266283,0.8921889150266279,0.8921889150266283,0.892188915026628,0.8921889150266278,0.892188915026628,0.8921889150266279,0.8921889150266279,0.8921889150266283,1.2248731724466408,0.0,1.0,1.0,0.0,31065
0.8921889150266281,0.8921889150266283,0.8921889150266279,0.8921889150266283,0.892188915026628,0.8921889150266278,0.892188915026628,0.8921889150266279,0.8921889150266279,0.8921889150266283,0.4802199162879345,0.0,1.0,0.0,1.0,31135
0.8921889150266281,0.8921889150266283,0.8921889150266279,0.8921889150266283,0.892188915026628,0.8921889150266278,0.892188915026628,0.8921889150266279,0.8921889150266279,0.8921889150266283,0.8525465443672877,1.0,1.0,0.0,0.0,31810
0.8921889150266281,0.8921889150266283,0.8921889150266279,0.8921889150266283,0.892188915026628,0.8921889150266278,0.892188915026628,0.8921889150266279,0.8921889150266279,0.8921889150266283,1.2248731724466408,1.0,1.0,1.0,0.0,30755
0.8921889150266281,0.8921889150266283,0.8921889150266279,0.8921889150266283,0.892188915026628,0.8921889150266278,0.892188915026628,0.8921889150266279,0.8921889150266279,0.8921889150266283,0.4802199162879345,1.0,1.0,0.0,1.0,31815
0.8921889150266281,0.8921889150266283,0.8921889150266279,0.8921889150266283,0.892188915026628,0.8921889150266278,0.892188915026628,0.8921889150266279,0.8921889150266279,0.8921889150266283,0.8525465443672877,1.0,1.0,0.0,0.0,32090
0.8921889150266281,0.8921889150266283,0.8921889150266279,0.8921889150266283,0.892188915026628,0.8921889150266278,0.892188915026628,0.8921889150266279,0.8921889150266279,0.8921889150266283,0.4802199162879345,1.0,0.0,0.0,1.0,31045
0.8921889150266281,0.8921889150266283,0.8921889150266279,0.8921889150266283,0.892188915026628,0.8921889150266278,0.892188915026628,0.8921889150266279,0.8921889150266279,0.8921889150266283,1.2248731724466408,1.0,0.0,1.0,0.0,32155
0.8921889150266281,0.8921889150266283,0.8921889150266279,0.8921889150266283,0.892188915026628,0.8921889150266278,0.892188915026628,0.8921889150266279,0.8921889150266279,0.8921889150266283,0.8525465443672877,1.0,0.0,0.0,0.0,31400
0.8921889150266281,0.8921889150266283,0.8921889150266279,0.8921889150266283,0.892188915026628,0.8921889150266278,0.892188915026628,0.8921889150266279,0.8921889150266279,0.8921889150266283,1.2248731724466408,1.0,0.0,1.0,0.0,30805
0.8921889150266281,0.8921889150266283,0.8921889150266279,0.8921889150266283,0.892188915026628,0.8921889150266278,0.892188915026628,0.8921889150266279,0.8921889150266279,0.8921889150266283,0.4802199162879345,0.0,0.0,0.0,1.0,31555
0.8921889150266281,0.8921889150266283,0.8921889150266279,0.8921889150266283,0.892188915026628,0.8921889150266278,0.892188915026628,0.8921889150266279,0.8921889150266279,0.8921889150266283,0.8525465443672877,0.0,0.0,0.0,0.0,30250
0.8921889150266281,0.8921889150266283,0.8921889150266279,0.8921889150266283,0.892188915026628,0.8921889150266278,0.892188915026628,0.8921889150266279,0.8921889150266279,0.8921889150266283,1.2248731724466408,0.0,0.0,1.0,0.0,30610
0.8921889150266281,0.8921889150266283,0.8921889150266279,0.8921889150266283,0.892188915026628,0.8921889150266278,0.892188915026628,0.8921889150266279,0.8921889150266279,0.8921889150266283,0.4802199162879345,0.0,0.0,0.0,1.0,30575
0.8921889150266281,0.8921889150266283,0.8921889150266279,0.8921889150266283,0.892188915026628,0.8921889150266278,0.892188915026628,0.8921889150266279,0.8921889150266279,0.8921889150266283,0.8525465443672877,0.0,0.0,0.0,0.0,31605
0.8921889150266281,0.8921889150266283,0.8921889150266279,0.8921889150266283,0.892188915026628,0.8921889150266278,0.892188915026628,0.8921889150266279,0.8921889150266279,0.8921889150266283,0.4802199162879345,0.0,0.0,0.0,1.0,31135
0.8921889150266281,0.8921889150266283,0.8921889150266279,0.8921889150266283,0.892188915026628,0.8921889150266278,0.892188915026628,0.8921889150266279,0.8921889150266279,0.8921889150266283,1.2248731724466408,0.0,0.0,1.0,0.0,29365
0.8921889150266281,0.8921889150266283,0.8921889150266279,0.8921889150266283,0.892188915026628,0.8921889150266278,0.892188915026628,0.8921889150266279,0.8921889150266279,0.8921889150266283,1.2248731724466408,0.0,0.0,1.0,0.0,27315
0.8921889150266281,0.8921889150266283,0.8921889150266279,0.8921889150266283,0.892188915026628,0.8921889150266278,0.892188915026628,0.8921889150266279,0.8921889150266279,0.8921889150266283,1.2248731724466408,1.0,0.0,1.0,0.0,27460
0.8921889150266281,0.8921889150266283,0.8921889150266279,0.8921889150266283,0.892188915026628,0.8921889150266278,0.892188915026628,0.8921889150266279,0.8921889150266279,0.8921889150266283,1.2248731724466408,1.0,0.0,1.0,0.0,28615
0.8921889150266281,0.8921889150266283,0.8921889150266279,0.8921889150266283,0.892188915026628,0.8921889150266278,0.892188915026628,0.8921889150266279,0.8921889150266279,0.8921889150266283,0.8525465443672877,1.0,0.0,0.0,0.0,29180
0.8921889150266281,0.8921889150266283,0.8921889150266279,0.8921889150266283,0.892188915026628,0.8921889150266278,0.892188915026628,0.8921889150266279,0.8921889150266279,0.8921889150266283,1.2248731724466408,1.0,0.0,1.0,0.0,29275
0.8921889150266281,0.8921889150266283,0.8921889150266279,0.8921889150266283,0.892188915026628,0.8921889150266278,0.892188915026628,0.8921889150266279,0.8921889150266279,0.8921889150266283,1.2248731724466408,1.0,0.0,1.0,0.0,29180
0.8921889150266281,0.8921889150266283,0.8921889150266279,0.8921889150266283,0.892188915026628,0.8921889150266278,0.892188915026628,0.8921889150266279,0.8921889150266279,0.8921889150266283,1.2248731724466408,1.0,0.0,1.0,0.0,28615
0.8921889150266281,0.8921889150266283,0.8921889150266279,0.8921889150266283,0.892188915026628,0.8921889150266278,0.892188915026628,0.8921889150266279,0.8921889150266279,0.8921889150266283,0.4802199162879345,1.0,0.0,0.0,1.0,30100
0.8921889150266281,0.8921889150266283,0.8921889150266279,0.8921889150266283,0.892188915026628,0.8921889150266278,0.892188915026628,0.8921889150266279,0.8921889150266279,0.8921889150266283,0.4802199162879345,0.0,0.0,0.0,1.0,32085
0.8921889150266281,0.8921889150266283,0.8921889150266279,0.8921889150266283,0.892188915026628,0.8921889150266278,0.892188915026628,0.8921889150266279,0.8921889150266279,0.8921889150266283,0.4802199162879345,1.0,0.0,0.0,1.0,31980
0.8921889150266281,0.8921889150266283,0.8921889150266279,0.8921889150266283,0.892188915026628,0.8921889150266278,0.892188915026628,0.8921889150266279,0.8921889150266279,0.8921889150266283,1.2248731724466408,0.0,0.0,1.0,0.0,29180
0.8921889150266281,0.8921889150266283,0.8921889150266279,0.8921889150266283,0.892188915026628,0.8921889150266278,0.892188915026628,0.8921889150266279,0.8921889150266279,0.8921889150266283,0.4802199162879345,1.0,0.0,0.0,1.0,31555
0.8921889150266281,0.8921889150266283,0.8921889150266279,0.8921889150266283,0.892188915026628,0.8921889150266278,0.892188915026628,0.8921889150266279,0.8921889150266279,0.8921889150266283,0.8525465443672877,0.0,1.0,0.0,0.0,29315
0.8921889150266281,0.8921889150266283,0.8921889150266279,0.8921889150266283,0.892188915026628,0.8921889150266278,0.892188915026628,0.8921889150266279,0.8921889150266279,0.8921889150266283,0.4802199162879345,0.0,1.0,0.0,1.0,30405
0.8921889150266281,0.8921889150266283,0.8921889150266279,0.8921889150266283,0.892188915026628,0.8921889150266278,0.892188915026628,0.8921889150266279,0.8921889150266279,0.8921889150266283,0.4802199162879345,1.0,1.0,0.0,1.0,31420
0.8921889150266281,0.8921889150266283,0.8921889150266279,0.8921889150266283,0.892188915026628,0.8921889150266278,0.892188915026628,0.8921889150266279,0.8921889150266279,0.8921889150266283,0.8525465443672877,0.0,1.0,0.0,0.0,29180
0.8921889150266281,0.8921889150266283,0.8921889150266279,0.8921889150266283,0.892188915026628,0.8921889150266278,0.892188915026628,0.8921889150266279,0.8921889150266279,0.8921889150266283,1.2248731724466408,1.0,1.0,1.0,0.0,28615
0.8921889150266281,0.8921889150266283,0.8921889150266279,0.8921889150266283,0.892188915026628,0.8921889150266278,0.892188915026628,0.8921889150266279,0.8921889150266279,0.8921889150266283,0.4802199162879345,0.0,1.0,0.0,1.0,30965
0.8921889150266281,0.8921889150266283,0.8921889150266279,0.8921889150266283,0.892188915026628,0.8921889150266278,0.892188915026628,0.8921889150266279,0.8921889150266279,0.8921889150266283,0.8525465443672877,1.0,1.0,0.0,0.0,29365
0.8921889150266281,0.8921889150266283,0.8921889150266279,0.8921889150266283,0.892188915026628,0.8921889150266278,0.892188915026628,0.8921889150266279,0.8921889150266279,0.8921889150266283,1.2248731724466408,0.0,1.0,1.0,0.0,27315
0.8921889150266281,0.8921889150266283,0.8921889150266279,0.8921889150266283,0.892188915026628,0.8921889150266278,0.892188915026628,0.8921889150266279,0.8921889150266279,0.8921889150266283,0.4802199162879345,1.0,1.0,0.0,1.0,31140
0.8921889150266281,0.8921889150266283,0.8921889150266279,0.8921889150266283,0.892188915026628,0.8921889150266278,0.892188915026628,0.8921889150266279,0.8921889150266279,0.8921889150266283,0.8525465443672877,1.0,1.0,0.0,0.0,27265
0.8921889150266281,0.8921889150266283,0.8921889150266279,0.8921889150266283,0.892188915026628,0.8921889150266278,0.892188915026628,0.8921889150266279,0.8921889150266279,0.8921889150266283,0.4802199162879345,0.0,1.0,0.0,1.0,30250
0.8921889150266281,0.8921889150266283,0.8921889150266279,0.8921889150266283,0.892188915026628,0.8921889150266278,0.892188915026628,0.8921889150266279,0.8921889150266279,0.8921889150266283,1.2248731724466408,1.0,0.0,1.0,0.0,30610
0.8921889150266281,0.8921889150266283,0.8921889150266279,0.8921889150266283,0.892188915026628,0.8921889150266278,0.892188915026628,0.8921889150266279,0.8921889150266279,0.8921889150266283,0.8525465443672877,1.0,0.0,0.0,0.0,30575
0.8921889150266281,0.8921889150266283,0.8921889150266279,0.8921889150266283,0.892188915026628,0.8921889150266278,0.892188915026628,0.8921889150266279,0.8921889150266279,0.8921889150266283,1.2248731724466408,0.0,0.0,1.0,0.0,30075
0.8921889150266281,0.8921889150266283,0.8921889150266279,0.8921889150266283,0.892188915026628,0.8921889150266278,0.892188915026628,0.8921889150266279,0.8921889150266279,0.8921889150266283,0.4802199162879345,1.0,0.0,0.0,1.0,31605
0.8921889150266281,0.8921889150266283,0.8921889150266279,0.8921889150266283,0.892188915026628,0.8921889150266278,0.892188915026628,0.8921889150266279,0.8921889150266279,0.8921889150266283,0.8525465443672877,1.0,0.0,0.0,0.0,31065
0.8921889150266281,0.8921889150266283,0.8921889150266279,0.8921889150266283,0.892188915026628,0.8921889150266278,0.892188915026628,0.8921889150266279,0.8921889150266279,0.8921889150266283,1.2248731724466408,1.0,0.0,1.0,0.0,31135
0.8921889150266281,0.8921889150266283,0.8921889150266279,0.8921889150266283,0.892188915026628,0.8921889150266278,0.892188915026628,0.8921889150266279,0.8921889150266279,0.8921889150266283,0.4802199162879345,1.0,0.0,0.0,1.0,32080
0.8921889150266281,0.8921889150266283,0.8921889150266279,0.8921889150266283,0.892188915026628,0.8921889150266278,0.892188915026628,0.8921889150266279,0.8921889150266279,0.8921889150266283,0.8525465443672877,0.0,0.0,0.0,0.0,31135
0.8921889150266281,0.8921889150266283,0.8921889150266279,0.8921889150266283,0.892188915026628,0.8921889150266278,0.892188915026628,0.8921889150266279,0.8921889150266279,0.8921889150266283,0.4802199162879345,1.0,0.0,0.0,1.0,31810
0.8921889150266281,0.8921889150266283,0.8921889150266279,0.8921889150266283,0.892188915026628,0.8921889150266278,0.892188915026628,0.8921889150266279,0.8921889150266279,0.8921889150266283,1.2248731724466408,0.0,0.0,1.0,0.0,30885
0.8921889150266281,0.8921889150266283,0.8921889150266279,0.8921889150266283,0.892188915026628,0.8921889150266278,0.892188915026628,0.8921889150266279,0.8921889150266279,0.8921889150266283,0.8525465443672877,1.0,1.0,0.0,0.0,31430
0.8921889150266281,0.8921889150266283,0.8921889150266279,0.8921889150266283,0.892188915026628,0.8921889150266278,0.892188915026628,0.8921889150266279,0.8921889150266279,0.8921889150266283,1.2248731724466408,1.0,1.0,1.0,0.0,30755
0.8921889150266281,0.8921889150266283,0.8921889150266279,0.8921889150266283,0.892188915026628,0.8921889150266278,0.892188915026628,0.8921889150266279,0.8921889150266279,0.8921889150266283,0.4802199162879345,0.0,1.0,0.0,1.0,30945
0.8921889150266281,0.8921889150266283,0.8921889150266279,0.8921889150266283,0.892188915026628,0.8921889150266278,0.892188915026628,0.8921889150266279,0.8921889150266279,0.8921889150266283,0.8525465443672877,1.0,1.0,0.0,0.0,31815
0.8921889150266281,0.8921889150266283,0.8921889150266279,0.8921889150266283,0.892188915026628,0.8921889150266278,0.892188915026628,0.8921889150266279,0.8921889150266279,0.8921889150266283,1.2248731724466408,0.0,1.0,1.0,0.0,30460
0.8921889150266281,0.8921889150266283,0.8921889150266279,0.8921889150266283,0.892188915026628,0.8921889150266278,0.892188915026628,0.8921889150266279,0.8921889150266279,0.8921889150266283,0.4802199162879345,0.0,1.0,0.0,1.0,30960
0.8921889150266281,0.8921889150266283,0.8921889150266279,0.8921889150266283,0.892188915026628,0.8921889150266278,0.892188915026628,0.8921889150266279,0.8921889150266279,0.8921889150266283,0.8525465443672877,1.0,1.0,0.0,0.0,32020
0.8921889150266281,0.8921889150266283,0.8921889150266279,0.8921889150266283,0.892188915026628,0.8921889150266278,0.892188915026628,0.8921889150266279,0.8921889150266279,0.8921889150266283,0.4802199162879345,0.0,1.0,0.0,1.0,32090
0.8921889150266281,0.8921889150266283,0.8921889150266279,0.8921889150266283,0.892188915026628,0.8921889150266278,0.892188915026628,0.8921889150266279,0.8921889150266279,0.8921889150266283,1.2248731724466408,0.0,1.0,1.0,0.0,31780
0.8921889150266281,0.8921889150266283,0.8921889150266279,0.8921889150266283,0.892188915026628,0.8921889150266278,0.892188915026628,0.8921889150266279,0.8921889150266279,0.8921889150266283,1.2248731724466408,0.0,1.0,1.0,0.0,30795
0.8921889150266281,0.8921889150266283,0.8921889150266279,0.8921889150266283,0.892188915026628,0.8921889150266278,0.892188915026628,0.8921889150266279,0.8921889150266279,0.8921889150266283,1.2248731724466408,0.0,1.0,1.0,0.0,31045
0.8921889150266281,0.8921889150266283,0.8921889150266279,0.8921889150266283,0.892188915026628,0.8921889150266278,0.892188915026628,0.8921889150266279,0.8921889150266279,0.8921889150266283,1.2248731724466408,1.0,1.0,1.0,0.0,30575
0.8921889150266281,0.8921889150266283,0.8921889150266279,0.8921889150266283,0.892188915026628,0.8921889150266278,0.892188915026628,0.8921889150266279,0.8921889150266279,0.8921889150266283,0.8525465443672877,0.0,1.0,0.0,0.0,32155
0.8921889150266281,0.8921889150266283,0.8921889150266279,0.8921889150266283,0.892188915026628,0.8921889150266278,0.892188915026628,0.8921889150266279,0.8921889150266279,0.8921889150266283,1.2248731724466408,1.0,1.0,1.0,0.0,30355
0.8921889150266281,0.8921889150266283,0.8921889150266279,0.8921889150266283,0.892188915026628,0.8921889150266278,0.892188915026628,0.8921889150266279,0.8921889150266279,0.8921889150266283,1.2248731724466408,1.0,1.0,1.0,0.0,31625
0.8921889150266281,0.8921889150266283,0.8921889150266279,0.8921889150266283,0.892188915026628,0.8921889150266278,0.892188915026628,0.8921889150266279,0.8921889150266279,0.8921889150266283,1.2248731724466408,0.0,1.0,1.0,0.0,32345
0.8921889150266281,0.8921889150266283,0.8921889150266279,0.8921889150266283,0.892188915026628,0.8921889150266278,0.892188915026628,0.8921889150266279,0.8921889150266279,0.8921889150266283,0.4802199162879345,1.0,1.0,0.0,1.0,31400
0.8921889150266281,0.8921889150266283,0.8921889150266279,0.8921889150266283,0.892188915026628,0.8921889150266278,0.892188915026628,0.8921889150266279,0.8921889150266279,0.8921889150266283,0.4802199162879345,1.0,1.0,0.0,1.0,30540
0.8921889150266281,0.8921889150266283,0.8921889150266279,0.8921889150266283,0.892188915026628,0.8921889150266278,0.892188915026628,0.8921889150266279,0.8921889150266279,0.8921889150266283,0.4802199162879345,1.0,1.0,0.0,1.0,30905
0.8921889150266281,0.8921889150266283,0.8921889150266279,0.8921889150266283,0.892188915026628,0.8921889150266278,0.892188915026628,0.8921889150266279,0.8921889150266279,0.8921889150266283,1.2248731724466408,0.0,1.0,1.0,0.0,30805
0.8921889150266281,0.8921889150266283,0.8921889150266279,0.8921889150266283,0.892188915026628,0.8921889150266278,0.892188915026628,0.8921889150266279,0.8921889150266279,0.8921889150266283,0.4802199162879345,0.0,1.0,0.0,1.0,31535
0.8921889150266281,0.8921889150266283,0.8921889150266279,0.8921889150266283,0.892188915026628,0.8921889150266278,0.892188915026628,0.8921889150266279,0.8921889150266279,0.8921889150266283,0.8525465443672877,0.0,1.0,0.0,0.0,31555
0.8921889150266281,0.8921889150266283,0.8921889150266279,0.8921889150266283,0.892188915026628,0.8921889150266278,0.892188915026628,0.8921889150266279,0.8921889150266279,0.8921889150266283,0.4802199162879345,1.0,0.0,0.0,1.0,30545
0.8921889150266281,0.8921889150266283,0.8921889150266279,0.8921889150266283,0.892188915026628,0.8921889150266278,0.892188915026628,0.8921889150266279,0.8921889150266279,0.8921889150266283,0.4802199162879345,0.0,0.0,0.0,1.0,31920
0.8921889150266281,0.8921889150266283,0.8921889150266279,0.8921889150266283,0.892188915026628,0.8921889150266278,0.892188915026628,0.8921889150266279,0.8921889150266279,0.8921889150266283,0.8525465443672877,1.0,0.0,0.0,0.0,31035
0.8921889150266281,0.8921889150266283,0.8921889150266279,0.8921889150266283,0.892188915026628,0.8921889150266278,0.892188915026628,0.8921889150266279,0.8921889150266279,0.8921889150266283,1.2248731724466408,0.0,0.0,1.0,0.0,30805
0.8921889150266281,0.8921889150266283,0.8921889150266279,0.8921889150266283,0.892188915026628,0.8921889150266278,0.892188915026628,0.8921889150266279,0.8921889150266279,0.8921889150266283,0.4802199162879345,0.0,0.0,0.0,1.0,30285
0.8921889150266281,0.8921889150266283,0.8921889150266279,0.8921889150266283,0.892188915026628,0.8921889150266278,0.892188915026628,0.8921889150266279,0.8921889150266279,0.8921889150266283,0.8525465443672877,1.0,0.0,0.0,0.0,32050
0.8921889150266281,0.8921889150266283,0.8921889150266279,0.8921889150266283,0.892188915026628,0.8921889150266278,0.892188915026628,0.8921889150266279,0.8921889150266279,0.8921889150266283,1.2248731724466408,1.0,0.0,1.0,0.0,30855
0.8921889150266281,0.8921889150266283,0.8921889150266279,0.8921889150266283,0.892188915026628,0.8921889150266278,0.892188915026628,0.8921889150266279,0.8921889150266279,0.8921889150266283,0.4802199162879345,0.0,0.0,0.0,1.0,30250
0.8921889150266281,0.8921889150266283,0.8921889150266279,0.8921889150266283,0.892188915026628,0.8921889150266278,0.892188915026628,0.8921889150266279,0.8921889150266279,0.8921889150266283,0.8525465443672877,1.0,0.0,0.0,0.0,30610
0.8921889150266281,0.8921889150266283,0.8921889150266279,0.8921889150266283,0.892188915026628,0.8921889150266278,0.892188915026628,0.8921889150266279,0.8921889150266279,0.8921889150266283,0.4802199162879345,0.0,0.0,0.0,1.0,30075
0.8921889150266281,0.8921889150266283,0.8921889150266279,0.8921889150266283,0.892188915026628,0.8921889150266278,0.892188915026628,0.8921889150266279,0.8921889150266279,0.8921889150266283,1.2248731724466408,1.0,0.0,1.0,0.0,31065
0.8921889150266281,0.8921889150266283,0.8921889150266279,0.8921889150266283,0.892188915026628,0.8921889150266278,0.892188915026628,0.8921889150266279,0.8921889150266279,0.8921889150266283,0.8525465443672877,1.0,1.0,0.0,0.0,31135
0.8921889150266281,0.8921889150266283,0.8921889150266279,0.8921889150266283,0.892188915026628,0.8921889150266278,0.892188915026628,0.8921889150266279,0.8921889150266279,0.8921889150266283,1.2248731724466408,0.0,1.0,1.0,0.0,31810
0.8921889150266281,0.8921889150266283,0.8921889150266279,0.8921889150266283,0.892188915026628,0.8921889150266278,0.892188915026628,0.8921889150266279,0.8921889150266279,0.8921889150266283,0.4802199162879345,1.0,1.0,0.0,1.0,30755
0.8921889150266281,0.8921889150266283,0.8921889150266279,0.8921889150266283,0.892188915026628,0.8921889150266278,0.892188915026628,0.8921889150266279,0.8921889150266279,0.8921889150266283,0.8525465443672877,0.0,1.0,0.0,0.0,31815
0.8921889150266281,0.8921889150266283,0.8921889150266279,0.8921889150266283,0.892188915026628,0.8921889150266278,0.892188915026628,0.8921889150266279,0.8921889150266279,0.8921889150266283,1.2248731724466408,1.0,1.0,1.0,0.0,32090
0.8921889150266281,0.8921889150266283,0.8921889150266279,0.8921889150266283,0.892188915026628,0.8921889150266278,0.892188915026628,0.8921889150266279,0.8921889150266279,0.8921889150266283,0.4802199162879345,0.0,1.0,0.0,1.0,31045
0.8921889150266281,0.8921889150266283,0.8921889150266279,0.8921889150266283,0.892188915026628,0.8921889150266278,0.892188915026628,0.8921889150266279,0.8921889150266279,0.8921889150266283,0.8525465443672877,0.0,1.0,0.0,0.0,32155
0.8921889150266281,0.8921889150266283,0.8921889150266279,0.8921889150266283,0.892188915026628,0.8921889150266278,0.892188915026628,0.8921889150266279,0.8921889150266279,0.8921889150266283,0.4802199162879345,1.0,1.0,0.0,1.0,31400
0.8921889150266281,0.8921889150266283,0.8921889150266279,0.8921889150266283,0.892188915026628,0.8921889150266278,0.892188915026628,0.8921889150266279,0.8921889150266279,0.8921889150266283,1.2248731724466408,0.0,1.0,1.0,0.0,30805
0.8921889150266281,0.8921889150266283,0.8921889150266279,0.8921889150266283,0.892188915026628,0.8921889150266278,0.892188915026628,0.8921889150266279,0.8921889150266279,0.8921889150266283,0.8525465443672877,1.0,1.0,0.0,0.0,31555
0.8921889150266281,0.8921889150266283,0.8921889150266279,0.8921889150266283,0.892188915026628,0.8921889150266278,0.892188915026628,0.8921889150266279,0.8921889150266279,0.8921889150266283,1.2248731724466408,0.0,1.0,1.0,0.0,30250
0.8921889150266281,0.8921889150266283,0.8921889150266279,0.8921889150266283,0.892188915026628,0.8921889150266278,0.892188915026628,0.8921889150266279,0.8921889150266279,0.8921889150266283,0.4802199162879345,1.0,1.0,0.0,1.0,30610
0.8921889150266281,0.8921889150266283,0.8921889150266279,0.8921889150266283,0.892188915026628,0.8921889150266278,0.892188915026628,0.8921889150266279,0.8921889150266279,0.8921889150266283,0.8525465443672877,0.0,1.0,0.0,0.0,30575
0.8921889150266281,0.8921889150266283,0.8921889150266279,0.8921889150266283,0.892188915026628,0.8921889150266278,0.892188915026628,0.8921889150266279,0.8921889150266279,0.8921889150266283,1.2248731724466408,1.0,0.0,1.0,0.0,31605
0.8921889150266281,0.8921889150266283,0.8921889150266279,0.8921889150266283,0.892188915026628,0.8921889150266278,0.892188915026628,0.8921889150266279,0.8921889150266279,0.8921889150266283,0.4802199162879345,1.0,0.0,0.0,1.0,31135
0.8921889150266281,0.8921889150266283,0.8921889150266279,0.8921889150266283,0.892188915026628,0.8921889150266278,0.892188915026628,0.8921889150266279,0.8921889150266279,0.8921889150266283,0.8525465443672877,1.0,0.0,0.0,0.0,32080
0.8921889150266281,0.8921889150266283,0.8921889150266279,0.8921889150266283,0.892188915026628,0.8921889150266278,0.892188915026628,0.8921889150266279,0.8921889150266279,0.8921889150266283,0.4802199162879345,1.0,0.0,0.0,1.0,30885
0.8921889150266281,0.8921889150266283,0.8921889150266279,0.8921889150266283,0.892188915026628,0.8921889150266278,0.892188915026628,0.8921889150266279,0.8921889150266279,0.8921889150266283,1.2248731724466408,0.0,0.0,1.0,0.0,30945
0.8921889150266281,0.8921889150266283,0.8921889150266279,0.8921889150266283,0.892188915026628,0.8921889150266278,0.892188915026628,0.8921889150266279,0.8921889150266279,0.8921889150266283,1.2248731724466408,1.0,0.0,1.0,0.0,30460
0.8921889150266281,0.8921889150266283,0.8921889150266279,0.8921889150266283,0.892188915026628,0.8921889150266278,0.892188915026628,0.8921889150266279,0.8921889150266279,0.8921889150266283,1.2248731724466408,1.0,0.0,1.0,0.0,31780
0.8921889150266281,0.8921889150266283,0.8921889150266279,0.8921889150266283,0.892188915026628,0.8921889150266278,0.892188915026628,0.8921889150266279,0.8921889150266279,0.8921889150266283,1.2248731724466408,0.0,0.0,1.0,0.0,30575
0.8921889150266281,0.8921889150266283,0.8921889150266279,0.8921889150266283,0.892188915026628,0.8921889150266278,0.892188915026628,0.8921889150266279,0.8921889150266279,0.8921889150266283,0.8525465443672877,1.0,0.0,0.0,0.0,30355
0.8921889150266281,0.8921889150266283,0.8921889150266279,0.8921889150266283,0.892188915026628,0.8921889150266278,0.892188915026628,0.8921889150266279,0.8921889150266279,0.8921889150266283,1.2248731724466408,1.0,1.0,1.0,0.0,30540
0.8921889150266281,0.8921889150266283,0.8921889150266279,0.8921889150266283,0.892188915026628,0.8921889150266278,0.892188915026628,0.8921889150266279,0.8921889150266279,0.8921889150266283,1.2248731724466408,0.0,1.0,1.0,0.0,31535
0.8921889150266281,0.8921889150266283,0.8921889150266279,0.8921889150266283,0.892188915026628,0.8921889150266278,0.892188915026628,0.8921889150266279,0.8921889150266279,0.8921889150266283,1.2248731724466408,1.0,1.0,1.0,0.0,30545
0.8921889150266281,0.8921889150266283,0.8921889150266279,0.8921889150266283,0.892188915026628,0.8921889150266278,0.892188915026628,0.8921889150266279,0.8921889150266279,0.8921889150266283,0.4802199162879345,1.0,1.0,0.0,1.0,31625
0.8921889150266281,0.8921889150266283,0.8921889150266279,0.8921889150266283,0.892188915026628,0.8921889150266278,0.892188915026628,0.8921889150266279,0.8921889150266279,0.8921889150266283,0.4802199162879345,1.0,1.0,0.0,1.0,32345
0.8921889150266281,0.8921889150266283,0.8921889150266279,0.8921889150266283,0.892188915026628,0.8921889150266278,0.892188915026628,0.8921889150266279,0.8921889150266279,0.8921889150266283,0.4802199162879345,0.0,1.0,0.0,1.0,31400
0.8921889150266281,0.8921889150266283,0.8921889150266279,0.8921889150266283,0.892188915026628,0.8921889150266278,0.892188915026628,0.8921889150266279,0.8921889150266279,0.8921889150266283,1.2248731724466408,1.0,1.0,1.0,0.0,30905
0.8921889150266281,0.8921889150266283,0.8921889150266279,0.8921889150266283,0.892188915026628,0.8921889150266278,0.892188915026628,0.8921889150266279,0.8921889150266279,0.8921889150266283,0.4802199162879345,1.0,1.0,0.0,1.0,31535
0.8921889150266281,0.8921889150266283,0.8921889150266279,0.8921889150266283,0.892188915026628,0.8921889150266278,0.892188915026628,0.8921889150266279,0.8921889150266279,0.8921889150266283,0.8525465443672877,0.0,1.0,0.0,0.0,31555
0.8921889150266281,0.8921889150266283,0.8921889150266279,0.8921889150266283,0.892188915026628,0.8921889150266278,0.892188915026628,0.8921889150266279,0.8921889150266279,0.8921889150266283,0.4802199162879345,0.0,1.0,0.0,1.0,31035
0.8921889150266281,0.8921889150266283,0.8921889150266279,0.8921889150266283,0.892188915026628,0.8921889150266278,0.892188915026628,0.8921889150266279,0.8921889150266279,0.8921889150266283,0.4802199162879345,0.0,0.0,0.0,1.0,32050
0.8921889150266281,0.8921889150266283,0.8921889150266279,0.8921889150266283,0.892188915026628,0.8921889150266278,0.892188915026628,0.8921889150266279,0.8921889150266279,0.8921889150266283,0.8525465443672877,0.0,0.0,0.0,0.0,30250
0.8921889150266281,0.8921889150266283,0.8921889150266279,0.8921889150266283,0.892188915026628,0.8921889150266278,0.892188915026628,0.8921889150266279,0.8921889150266279,0.8921889150266283,1.2248731724466408,0.0,0.0,1.0,0.0,31135
0.8921889150266281,0.8921889150266283,0.8921889150266279,0.8921889150266283,0.892188915026628,0.8921889150266278,0.892188915026628,0.8921889150266279,0.8921889150266279,0.8921889150266283,0.4802199162879345,0.0,0.0,0.0,1.0,31815
0.8921889150266281,0.8921889150266283,0.8921889150266279,0.8921889150266283,0.892188915026628,0.8921889150266278,0.892188915026628,0.8921889150266279,0.8921889150266279,0.8921889150266283,0.8525465443672877,0.0,0.0,0.0,0.0,31045
0.8921889150266281,0.8921889150266283,0.8921889150266279,0.8921889150266283,0.892188915026628,0.8921889150266278,0.892188915026628,0.8921889150266279,0.8921889150266279,0.8921889150266283,1.2248731724466408,1.0,0.0,1.0,0.0,31555
0.8921889150266281,0.8921889150266283,0.8921889150266279,0.8921889150266283,0.892188915026628,0.8921889150266278,0.892188915026628,0.8921889150266279,0.8921889150266279,0.8921889150266283,0.4802199162879345,1.0,0.0,0.0,1.0,30575
0.8921889150266281,0.8921889150266283,0.8921889150266279,0.8921889150266283,0.892188915026628,0.8921889150266278,0.892188915026628,0.8921889150266279,0.8921889150266279,0.8921889150266283,0.8525465443672877,1.0,0.0,0.0,0.0,31135
0.8921889150266281,0.8921889150266283,0.8921889150266279,0.8921889150266283,0.892188915026628,0.8921889150266278,0.892188915026628,0.8921889150266279,0.8921889150266279,0.8921889150266283,0.4802199162879345,1.0,0.0,0.0,1.0,31625
0.8921889150266281,0.8921889150266283,0.8921889150266279,0.8921889150266283,0.892188915026628,0.8921889150266278,0.892188915026628,0.8921889150266279,0.8921889150266279,0.8921889150266283,1.2248731724466408,1.0,0.0,1.0,0.0,32345
0.8921889150266281,0.8921889150266283,0.8921889150266279,0.8921889150266283,0.892188915026628,0.8921889150266278,0.892188915026628,0.8921889150266279,0.8921889150266279,0.8921889150266283,0.8525465443672877,1.0,0.0,0.0,0.0,31400
0.8921889150266281,0.8921889150266283,0.8921889150266279,0.8921889150266283,0.892188915026628,0.8921889150266278,0.892188915026628,0.8921889150266279,0.8921889150266279,0.8921889150266283,1.2248731724466408,1.0,1.0,1.0,0.0,30905
0.8921889150266281,0.8921889150266283,0.8921889150266279,0.8921889150266283,0.892188915026628,0.8921889150266278,0.892188915026628,0.8921889150266279,0.8921889150266279,0.8921889150266283,0.4802199162879345,1.0,1.0,0.0,1.0,31535
0.8921889150266281,0.8921889150266283,0.8921889150266279,0.8921889150266283,0.892188915026628,0.8921889150266278,0.892188915026628,0.8921889150266279,0.8921889150266279,0.8921889150266283,0.8525465443672877,0.0,1.0,0.0,0.0,31555
0.8921889150266281,0.8921889150266283,0.8921889150266279,0.8921889150266283,0.892188915026628,0.8921889150266278,0.892188915026628,0.8921889150266279,0.8921889150266279,0.8921889150266283,1.2248731724466408,0.0,1.0,1.0,0.0,31035
0.8921889150266281,0.8921889150266283,0.8921889150266279,0.8921889150266283,0.892188915026628,0.8921889150266278,0.892188915026628,0.8921889150266279,0.8921889150266279,0.8921889150266283,0.4802199162879345,0.0,1.0,0.0,1.0,32050
0.8921889150266281,0.8921889150266283,0.8921889150266279,0.8921889150266283,0.892188915026628,0.8921889150266278,0.892188915026628,0.8921889150266279,0.8921889150266279,0.8921889150266283,0.8525465443672877,0.0,1.0,0.0,0.0,30250
0.8921889150266281,0.8921889150266283,0.8921889150266279,0.8921889150266283,0.892188915026628,0.8921889150266278,0.892188915026628,0.8921889150266279,0.8921889150266279,0.8921889150266283,0.4802199162879345,0.0,1.0,0.0,1.0,31135
0.8921889150266281,0.8921889150266283,0.8921889150266279,0.8921889150266283,0.892188915026628,0.8921889150266278,0.892188915026628,0.8921889150266279,0.8921889150266279,0.8921889150266283,1.2248731724466408,0.0,1.0,1.0,0.0,31815
0.8921889150266281,0.8921889150266283,0.8921889150266279,0.8921889150266283,0.892188915026628,0.8921889150266278,0.892188915026628,0.8921889150266279,0.8921889150266279,0.8921889150266283,0.8525465443672877,0.0,1.0,0.0,0.0,31045
0.8921889150266281,0.8921889150266283,0.8921889150266279,0.8921889150266283,0.892188915026628,0.8921889150266278,0.892188915026628,0.8921889150266279,0.8921889150266279,0.8921889150266283,1.2248731724466408,0.0,1.0,1.0,0.0,31555
0.8921889150266281,0.8921889150266283,0.8921889150266279,0.8921889150266283,0.892188915026628,0.8921889150266278,0.892188915026628,0.8921889150266279,0.8921889150266279,0.8921889150266283,0.4802199162879345,1.0,1.0,0.0,1.0,30575
0.8921889150266281,0.8921889150266283,0.8921889150266279,0.8921889150266283,0.892188915026628,0.8921889150266278,0.892188915026628,0.8921889150266279,0.8921889150266279,0.8921889150266283,0.8525465443672877,1.0,1.0,0.0,0.0,31135
0.8921889150266281,0.8921889150266283,0.8921889150266279,0.8921889150266283,0.892188915026628,0.8921889150266278,0.892188915026628,0.8921889150266279,0.8921889150266279,0.8921889150266283,1.2248731724466408,1.0,0.0,1.0,0.0,31625
0.8921889150266281,0.8921889150266283,0.8921889150266279,0.8921889150266283,0.892188915026628,0.8921889150266278,0.892188915026628,0.8921889150266279,0.8921889150266279,0.8921889150266283,0.4802199162879345,1.0,0.0,0.0,1.0,32345
0.8921889150266281,0.8921889150266283,0.8921889150266279,0.8921889150266283,0.892188915026628,0.8921889150266278,0.892188915026628,0.8921889150266279,0.8921889150266279,0.8921889150266283,0.8525465443672877,1.0,0.0,0.0,0.0,31400
0.8921889150266281,0.8921889150266283,0.8921889150266279,0.8921889150266283,0.892188915026628,0.8921889150266278,0.892188915026628,0.8921889150266279,0.8921889150266279,0.8921889150266283,0.4802199162879345,1.0,0.0,0.0,1.0,30905
0.8921889150266281,0.8921889150266283,0.8921889150266279,0.8921889150266283,0.892188915026628,0.8921889150266278,0.892188915026628,0.8921889150266279,0.8921889150266279,0.8921889150266283,1.2248731724466408,1.0,0.0,1.0,0.0,31535
0.8921889150266281,0.8921889150266283,0.8921889150266279,0.8921889150266283,0.892188915026628,0.8921889150266278,0.892188915026628,0.8921889150266279,0.8921889150266279,0.8921889150266283,1.2248731724466408,0.0,0.0,1.0,0.0,31555
0.8921889150266281,0.8921889150266283,0.8921889150266279,0.8921889150266283,0.892188915026628,0.8921889150266278,0.892188915026628,0.8921889150266279,0.8921889150266279,0.8921889150266283,1.2248731724466408,1.0,0.0,1.0,0.0,31035
0.8921889150266281,0.8921889150266283,0.8921889150266279,0.8921889150266283,0.892188915026628,0.8921889150266278,0.892188915026628,0.8921889150266279,0.8921889150266279,0.8921889150266283,1.2248731724466408,0.0,0.0,1.0,0.0,32050
0.8921889150266281,0.8921889150266283,0.8921889150266279,0.8921889150266283,0.892188915026628,0.8921889150266278,0.892188915026628,0.8921889150266279,0.8921889150266279,0.8921889150266283,0.8525465443672877,1.0,0.0,0.0,0.0,30250
0.8921889150266281,0.8921889150266283,0.8921889150266279,0.8921889150266283,0.892188915026628,0.8921889150266278,0.892188915026628,0.8921889150266279,0.8921889150266279,0.8921889150266283,1.2248731724466408,0.0,0.0,1.0,0.0,31135
0.8921889150266281,0.8921889150266283,0.8921889150266279,0.8921889150266283,0.892188915026628,0.8921889150266278,0.892188915026628,0.8921889150266279,0.8921889150266279,0.8921889150266283,1.2248731724466408,0.0,1.0,1.0,0.0,31815
0.8921889150266281,0.8921889150266283,0.8921889150266279,0.8921889150266283,0.892188915026628,0.8921889150266278,0.892188915026628,0.8921889150266279,0.8921889150266279,0.8921889150266283,1.2248731724466408,1.0,1.0,1.0,0.0,31045
0.8921889150266281,0.8921889150266283,0.8921889150266279,0.8921889150266283,0.892188915026628,0.8921889150266278,0.892188915026628,0.8921889150266279,0.8921889150266279,0.8921889150266283,0.4802199162879345,0.0,1.0,0.0,1.0,31555
0.8921889150266281,0.8921889150266283,0.8921889150266279,0.8921889150266283,0.892188915026628,0.8921889150266278,0.892188915026628,0.8921889150266279,0.8921889150266279,0.8921889150266283,0.4802199162879345,1.0,1.0,0.0,1.0,30575
0.8921889150266281,0.8921889150266283,0.8921889150266279,0.8921889150266283,0.892188915026628,0.8921889150266278,0.892188915026628,0.8921889150266279,0.8921889150266279,0.8921889150266283,0.4802199162879345,0.0,1.0,0.0,1.0,31135
0.8921889150266281,0.8921889150266283,0.8921889150266279,0.8921889150266283,0.892188915026628,0.8921889150266278,0.892188915026628,0.8921889150266279,0.8921889150266279,0.8921889150266283,1.2248731724466408,1.0,1.0,1.0,0.0,31625
0.8921889150266281,0.8921889150266283,0.8921889150266279,0.8921889150266283,0.892188915026628,0.8921889150266278,0.892188915026628,0.8921889150266279,0.8921889150266279,0.8921889150266283,0.4802199162879345,0.0,1.0,0.0,1.0,32345
0.8921889150266281,0.8921889150266283,0.8921889150266279,0.8921889150266283,0.892188915026628,0.8921889150266278,0.892188915026628,0.8921889150266279,0.8921889150266279,0.8921889150266283,0.8525465443672877,1.0,1.0,0.0,0.0,31400
0.8921889150266281,0.8921889150266283,0.8921889150266279,0.8921889150266283,0.892188915026628,0.8921889150266278,0.892188915026628,0.8921889150266279,0.8921889150266279,0.8921889150266283,0.4802199162879345,1.0,1.0,0.0,1.0,30905
0.8921889150266281,0.8921889150266283,0.8921889150266279,0.8921889150266283,0.892188915026628,0.8921889150266278,0.892188915026628,0.8921889150266279,0.8921889150266279,0.8921889150266283,0.4802199162879345,0.0,1.0,0.0,1.0,31535
0.8921889150266281,0.8921889150266283,0.8921889150266279,0.8921889150266283,0.892188915026628,0.8921889150266278,0.892188915026628,0.8921889150266279,0.8921889150266279,0.8921889150266283,0.8525465443672877,1.0,1.0,0.0,0.0,31555
0.8921889150266281,0.8921889150266283,0.8921889150266279,0.8921889150266283,0.892188915026628,0.8921889150266278,0.892188915026628,0.8921889150266279,0.8921889150266279,0.8921889150266283,1.2248731724466408,1.0,1.0,1.0,0.0,31035
0.8921889150266281,0.8921889150266283,0.8921889150266279,0.8921889150266283,0.892188915026628,0.8921889150266278,0.892188915026628,0.8921889150266279,0.8921889150266279,0.8921889150266283,0.4802199162879345,0.0,1.0,0.0,1.0,32050
0.8921889150266281,0.8921889150266283,0.8921889150266279,0.8921889150266283,0.892188915026628,0.8921889150266278,0.892188915026628,0.8921889150266279,0.8921889150266279,0.8921889150266283,0.8525465443672877,1.0,1.0,0.0,0.0,30250
0.8921889150266281,0.8921889150266283,0.8921889150266279,0.8921889150266283,0.892188915026628,0.8921889150266278,0.892188915026628,0.8921889150266279,0.8921889150266279,0.8921889150266283,1.2248731724466408,1.0,1.0,1.0,0.0,31135
0.8921889150266281,0.8921889150266283,0.8921889150266279,0.8921889150266283,0.892188915026628,0.8921889150266278,0.892188915026628,0.8921889150266279,0.8921889150266279,0.8921889150266283,0.4802199162879345,1.0,1.0,0.0,1.0,31815
0.8921889150266281,0.8921889150266283,0.8921889150266279,0.8921889150266283,0.892188915026628,0.8921889150266278,0.892188915026628,0.8921889150266279,0.8921889150266279,0.8921889150266283,0.8525465443672877,1.0,1.0,0.0,0.0,31045
0.8921889150266281,0.8921889150266283,0.8921889150266279,0.8921889150266283,0.892188915026628,0.8921889150266278,0.892188915026628,0.8921889150266279,0.8921889150266279,0.8921889150266283,0.4802199162879345,0.0,1.0,0.0,1.0,31555
0.8921889150266281,0.8921889150266283,0.8921889150266279,0.8921889150266283,0.892188915026628,0.8921889150266278,0.892188915026628,0.8921889150266279,0.8921889150266279,0.8921889150266283,1.2248731724466408,1.0,1.0,1.0,0.0,30575
0.8921889150266281,0.8921889150266283,0.8921889150266279,0.8921889150266283,0.892188915026628,0.8921889150266278,0.892188915026628,0.8921889150266279,0.8921889150266279,0.8921889150266283,0.8525465443672877,0.0,1.0,0.0,0.0,31135
0.8921889150266281,0.8921889150266283,0.8921889150266279,0.8921889150266283,0.892188915026628,0.8921889150266278,0.892188915026628,0.8921889150266279,0.8921889150266279,0.8921889150266283,1.2248731724466408,1.0,1.0,1.0,0.0,31625
0.8921889150266281,0.8921889150266283,0.8921889150266279,0.8921889150266283,0.892188915026628,0.8921889150266278,0.892188915026628,0.8921889150266279,0.8921889150266279,0.8921889150266283,0.4802199162879345,1.0,1.0,0.0,1.0,32345
0.8921889150266281,0.8921889150266283,0.8921889150266279,0.8921889150266283,0.892188915026628,0.8921889150266278,0.892188915026628,0.8921889150266279,0.8921889150266279,0.8921889150266283,0.8525465443672877,0.0,1.0,0.0,0.0,31400
0.8921889150266281,0.8921889150266283,0.8921889150266279,0.8921889150266283,0.892188915026628,0.8921889150266278,0.892188915026628,0.8921889150266279,0.8921889150266279,0.8921889150266283,1.2248731724466408,1.0,1.0,1.0,0.0,30905
0.8921889150266281,0.8921889150266283,0.8921889150266279,0.8921889150266283,0.892188915026628,0.8921889150266278,0.892188915026628,0.8921889150266279,0.8921889150266279,0.8921889150266283,0.4802199162879345,0.0,1.0,0.0,1.0,31535
0.8921889150266281,0.8921889150266283,0.8921889150266279,0.8921889150266283,0.892188915026628,0.8921889150266278,0.892188915026628,0.8921889150266279,0.8921889150266279,0.8921889150266283,0.8525465443672877,0.0,1.0,0.0,0.0,31555
0.8921889150266281,0.8921889150266283,0.8921889150266279,0.8921889150266283,0.892188915026628,0.8921889150266278,0.892188915026628,0.8921889150266279,0.8921889150266279,0.8921889150266283,0.4802199162879345,1.0,1.0,0.0,1.0,31035
0.8921889150266281,0.8921889150266283,0.8921889150266279,0.8921889150266283,0.892188915026628,0.8921889150266278,0.892188915026628,0.8921889150266279,0.8921889150266279,0.8921889150266283,1.2248731724466408,0.0,1.0,1.0,0.0,32050
0.8921889150266281,0.8921889150266283,0.8921889150266279,0.8921889150266283,0.892188915026628,0.8921889150266278,0.892188915026628,0.8921889150266279,0.8921889150266279,0.8921889150266283,0.8525465443672877,0.0,1.0,0.0,0.0,30250
0.8921889150266281,0.8921889150266283,0.8921889150266279,0.8921889150266283,0.892188915026628,0.8921889150266278,0.892188915026628,0.8921889150266279,0.8921889150266279,0.8921889150266283,1.2248731724466408,0.0,1.0,1.0,0.0,31135
0.8921889150266281,0.8921889150266283,0.8921889150266279,0.8921889150266283,0.892188915026628,0.8921889150266278,0.892188915026628,0.8921889150266279,0.8921889150266279,0.8921889150266283,0.4802199162879345,0.0,1.0,0.0,1.0,31815
0.8921889150266281,0.8921889150266283,0.8921889150266279,0.8921889150266283,0.892188915026628,0.8921889150266278,0.892188915026628,0.8921889150266279,0.8921889150266279,0.8921889150266283,0.8525465443672877,1.0,1.0,0.0,0.0,31045
0.8921889150266281,0.8921889150266283,0.8921889150266279,0.8921889150266283,0.892188915026628,0.8921889150266278,0.892188915026628,0.8921889150266279,0.8921889150266279,0.8921889150266283,1.2248731724466408,0.0,1.0,1.0,0.0,31555
0.8921889150266281,0.8921889150266283,0.8921889150266279,0.8921889150266283,0.892188915026628,0.8921889150266278,0.892188915026628,0.8921889150266279,0.8921889150266279,0.8921889150266283,0.4802199162879345,1.0,1.0,0.0,1.0,30575
0.8921889150266281,0.8921889150266283,0.8921889150266279,0.8921889150266283,0.892188915026628,0.8921889150266278,0.892188915026628,0.8921889150266279,0.8921889150266279,0.8921889150266283,0.8525465443672877,1.0,1.0,0.0,0.0,31135
0.8921889150266281,0.8921889150266283,0.8921889150266279,0.8921889150266283,0.892188915026628,0.8921889150266278,0.892188915026628,0.8921889150266279,0.8921889150266279,0.8921889150266283,0.4802199162879345,0.0,1.0,0.0,1.0,30100
0.8921889150266281,0.8921889150266283,0.8921889150266279,0.8921889150266283,0.892188915026628,0.8921889150266278,0.892188915026628,0.8921889150266279,0.8921889150266279,0.8921889150266283,1.2248731724466408,1.0,0.0,1.0,0.0,32085
0.8921889150266281,0.8921889150266283,0.8921889150266279,0.8921889150266283,0.892188915026628,0.8921889150266278,0.892188915026628,0.8921889150266279,0.8921889150266279,0.8921889150266283,1.2248731724466408,1.0,0.0,1.0,0.0,31980
0.8921889150266281,0.8921889150266283,0.8921889150266279,0.8921889150266283,0.892188915026628,0.8921889150266278,0.892188915026628,0.8921889150266279,0.8921889150266279,0.8921889150266283,1.2248731724466408,1.0,0.0,1.0,0.0,31555
0.8921889150266281,0.8921889150266283,0.8921889150266279,0.8921889150266283,0.892188915026628,0.8921889150266278,0.892188915026628,0.8921889150266279,0.8921889150266279,0.8921889150266283,1.2248731724466408,0.0,0.0,1.0,0.0,30405
0.8921889150266281,0.8921889150266283,0.8921889150266279,0.8921889150266283,0.892188915026628,0.8921889150266278,0.892188915026628,0.8921889150266279,0.8921889150266279,0.8921889150266283,0.8525465443672877,0.0,0.0,0.0,0.0,31420
0.8921889150266281,0.8921889150266283,0.8921889150266279,0.8921889150266283,0.892188915026628,0.8921889150266278,0.892188915026628,0.8921889150266279,0.8921889150266279,0.8921889150266283,1.2248731724466408,0.0,0.0,1.0,0.0,30965
0.8921889150266281,0.8921889150266283,0.8921889150266279,0.8921889150266283,0.892188915026628,0.8921889150266278,0.892188915026628,0.8921889150266279,0.8921889150266279,0.8921889150266283,1.2248731724466408,1.0,0.0,1.0,0.0,31140
0.8921889150266281,0.8921889150266283,0.8921889150266279,0.8921889150266283,0.892188915026628,0.8921889150266278,0.892188915026628,0.8921889150266279,0.8921889150266279,0.8921889150266283,1.2248731724466408,0.0,0.0,1.0,0.0,28615
0.8921889150266281,0.8921889150266283,0.8921889150266279,0.8921889150266283,0.892188915026628,0.8921889150266278,0.892188915026628,0.8921889150266279,0.8921889150266279,0.8921889150266283,0.4802199162879345,1.0,0.0,0.0,1.0,30250
0.8921889150266281,0.8921889150266283,0.8921889150266279,0.8921889150266283,0.892188915026628,0.8921889150266278,0.892188915026628,0.8921889150266279,0.8921889150266279,0.8921889150266283,0.4802199162879345,0.0,0.0,0.0,1.0,30610
0.8921889150266281,0.8921889150266283,0.8921889150266279,0.8921889150266283,0.892188915026628,0.8921889150266278,0.892188915026628,0.8921889150266279,0.8921889150266279,0.8921889150266283,0.4802199162879345,0.0,0.0,0.0,1.0,30575
0.8921889150266281,0.8921889150266283,0.8921889150266279,0.8921889150266283,0.892188915026628,0.8921889150266278,0.892188915026628,0.8921889150266279,0.8921889150266279,0.8921889150266283,1.2248731724466408,1.0,1.0,1.0,0.0,30075
0.8921889150266281,0.8921889150266283,0.8921889150266279,0.8921889150266283,0.892188915026628,0.8921889150266278,0.892188915026628,0.8921889150266279,0.8921889150266279,0.8921889150266283,0.4802199162879345,1.0,1.0,0.0,1.0,31605
0.8921889150266281,0.8921889150266283,0.8921889150266279,0.8921889150266283,0.892188915026628,0.8921889150266278,0.892188915026628,0.8921889150266279,0.8921889150266279,0.8921889150266283,0.8525465443672877,0.0,1.0,0.0,0.0,31065
0.8921889150266281,0.8921889150266283,0.8921889150266279,0.8921889150266283,0.892188915026628,0.8921889150266278,0.892188915026628,0.8921889150266279,0.8921889150266279,0.8921889150266283,0.4802199162879345,1.0,1.0,0.0,1.0,31135
0.8921889150266281,0.8921889150266283,0.8921889150266279,0.8921889150266283,0.892188915026628,0.8921889150266278,0.892188915026628,0.8921889150266279,0.8921889150266279,0.8921889150266283,0.4802199162879345,0.0,1.0,0.0,1.0,32080
0.8921889150266281,0.8921889150266283,0.8921889150266279,0.8921889150266283,0.892188915026628,0.8921889150266278,0.892188915026628,0.8921889150266279,0.8921889150266279,0.8921889150266283,0.8525465443672877,1.0,1.0,0.0,0.0,31135
0.8921889150266281,0.8921889150266283,0.8921889150266279,0.8921889150266283,0.892188915026628,0.8921889150266278,0.892188915026628,0.8921889150266279,0.8921889150266279,0.8921889150266283,1.2248731724466408,1.0,1.0,1.0,0.0,31810
0.8921889150266281,0.8921889150266283,0.8921889150266279,0.8921889150266283,0.892188915026628,0.8921889150266278,0.892188915026628,0.8921889150266279,0.8921889150266279,0.8921889150266283,0.4802199162879345,0.0,1.0,0.0,1.0,30885
0.8921889150266281,0.8921889150266283,0.8921889150266279,0.8921889150266283,0.892188915026628,0.8921889150266278,0.892188915026628,0.8921889150266279,0.8921889150266279,0.8921889150266283,0.8525465443672877,1.0,1.0,0.0,0.0,31430
0.8921889150266281,0.8921889150266283,0.8921889150266279,0.8921889150266283,0.892188915026628,0.8921889150266278,0.892188915026628,0.8921889150266279,0.8921889150266279,0.8921889150266283,1.2248731724466408,0.0,1.0,1.0,0.0,30755
0.8921889150266281,0.8921889150266283,0.8921889150266279,0.8921889150266283,0.892188915026628,0.8921889150266278,0.892188915026628,0.8921889150266279,0.8921889150266279,0.8921889150266283,0.4802199162879345,1.0,1.0,0.0,1.0,30945
0.8921889150266281,0.8921889150266283,0.8921889150266279,0.8921889150266283,0.892188915026628,0.8921889150266278,0.892188915026628,0.8921889150266279,0.8921889150266279,0.8921889150266283,0.8525465443672877,0.0,1.0,0.0,0.0,31815
0.8921889150266281,0.8921889150266283,0.8921889150266279,0.8921889150266283,0.892188915026628,0.8921889150266278,0.892188915026628,0.8921889150266279,0.8921889150266279,0.8921889150266283,0.4802199162879345,0.0,1.0,0.0,1.0,30460
0.8921889150266281,0.8921889150266283,0.8921889150266279,0.8921889150266283,0.892188915026628,0.8921889150266278,0.892188915026628,0.8921889150266279,0.8921889150266279,0.8921889150266283,1.2248731724466408,1.0,1.0,1.0,0.0,30960
0.8921889150266281,0.8921889150266283,0.8921889150266279,0.8921889150266283,0.892188915026628,0.8921889150266278,0.892188915026628,0.8921889150266279,0.8921889150266279,0.8921889150266283,0.8525465443672877,0.0,1.0,0.0,0.0,32020
0.8921889150266281,0.8921889150266283,0.8921889150266279,0.8921889150266283,0.892188915026628,0.8921889150266278,0.892188915026628,0.8921889150266279,0.8921889150266279,0.8921889150266283,1.2248731724466408,1.0,1.0,1.0,0.0,32090
0.8921889150266281,0.8921889150266283,0.8921889150266279,0.8921889150266283,0.892188915026628,0.8921889150266278,0.892188915026628,0.8921889150266279,0.8921889150266279,0.8921889150266283,0.4802199162879345,0.0,1.0,0.0,1.0,31780
0.8921889150266281,0.8921889150266283,0.8921889150266279,0.8921889150266283,0.892188915026628,0.8921889150266278,0.892188915026628,0.8921889150266279,0.8921889150266279,0.8921889150266283,0.8525465443672877,1.0,1.0,0.0,0.0,30795
0.8921889150266281,0.8921889150266283,0.8921889150266279,0.8921889150266283,0.892188915026628,0.8921889150266278,0.892188915026628,0.8921889150266279,0.8921889150266279,0.8921889150266283,1.2248731724466408,0.0,1.0,1.0,0.0,31045
0.8921889150266281,0.8921889150266283,0.8921889150266279,0.8921889150266283,0.892188915026628,0.8921889150266278,0.892188915026628,0.8921889150266279,0.8921889150266279,0.8921889150266283,0.4802199162879345,1.0,1.0,0.0,1.0,30575
0.8921889150266281,0.8921889150266283,0.8921889150266279,0.8921889150266283,0.892188915026628,0.8921889150266278,0.892188915026628,0.8921889150266279,0.8921889150266279,0.8921889150266283,0.8525465443672877,1.0,1.0,0.0,0.0,32155
0.8921889150266281,0.8921889150266283,0.8921889150266279,0.8921889150266283,0.892188915026628,0.8921889150266278,0.892188915026628,0.8921889150266279,0.8921889150266279,0.8921889150266283,0.4802199162879345,1.0,1.0,0.0,1.0,30355
0.8921889150266281,0.8921889150266283,0.8921889150266279,0.8921889150266283,0.892188915026628,0.8921889150266278,0.892188915026628,0.8921889150266279,0.8921889150266279,0.8921889150266283,1.2248731724466408,1.0,1.0,1.0,0.0,31625
0.8921889150266281,0.8921889150266283,0.8921889150266279,0.8921889150266283,0.892188915026628,0.8921889150266278,0.892188915026628,0.8921889150266279,0.8921889150266279,0.8921889150266283,0.8525465443672877,0.0,1.0,0.0,0.0,32345
0.8921889150266281,0.8921889150266283,0.8921889150266279,0.8921889150266283,0.892188915026628,0.8921889150266278,0.892188915026628,0.8921889150266279,0.8921889150266279,0.8921889150266283,1.2248731724466408,1.0,1.0,1.0,0.0,31400
0.8921889150266281,0.8921889150266283,0.8921889150266279,0.8921889150266283,0.892188915026628,0.8921889150266278,0.892188915026628,0.8921889150266279,0.8921889150266279,0.8921889150266283,0.4802199162879345,1.0,1.0,0.0,1.0,30540
0.8921889150266281,0.8921889150266283,0.8921889150266279,0.8921889150266283,0.892188915026628,0.8921889150266278,0.892188915026628,0.8921889150266279,0.8921889150266279,0.8921889150266283,0.8525465443672877,0.0,1.0,0.0,0.0,30905
0.8921889150266281,0.8921889150266283,0.8921889150266279,0.8921889150266283,0.892188915026628,0.8921889150266278,0.892188915026628,0.8921889150266279,0.8921889150266279,0.8921889150266283,1.2248731724466408,1.0,1.0,1.0,0.0,30805
0.8921889150266281,0.8921889150266283,0.8921889150266279,0.8921889150266283,0.892188915026628,0.8921889150266278,0.892188915026628,0.8921889150266279,0.8921889150266279,0.8921889150266283,0.4802199162879345,1.0,1.0,0.0,1.0,31535
0.8921889150266281,0.8921889150266283,0.8921889150266279,0.8921889150266283,0.892188915026628,0.8921889150266278,0.892188915026628,0.8921889150266279,0.8921889150266279,0.8921889150266283,0.8525465443672877,0.0,1.0,0.0,0.0,31555
0.8921889150266281,0.8921889150266283,0.8921889150266279,0.8921889150266283,0.892188915026628,0.8921889150266278,0.892188915026628,0.8921889150266279,0.8921889150266279,0.8921889150266283,0.4802199162879345,1.0,1.0,0.0,1.0,30545
0.8921889150266281,0.8921889150266283,0.8921889150266279,0.8921889150266283,0.892188915026628,0.8921889150266278,0.892188915026628,0.8921889150266279,0.8921889150266279,0.8921889150266283,1.2248731724466408,1.0,0.0,1.0,0.0,31920
0.8921889150266281,0.8921889150266283,0.8921889150266279,0.8921889150266283,0.892188915026628,0.8921889150266278,0.892188915026628,0.8921889150266279,0.8921889150266279,0.8921889150266283,1.2248731724466408,1.0,0.0,1.0,0.0,31035
0.8921889150266281,0.8921889150266283,0.8921889150266279,0.8921889150266283,0.892188915026628,0.8921889150266278,0.892188915026628,0.8921889150266279,0.8921889150266279,0.8921889150266283,1.2248731724466408,0.0,0.0,1.0,0.0,30805
0.8921889150266281,0.8921889150266283,0.8921889150266279,0.8921889150266283,0.892188915026628,0.8921889150266278,0.892188915026628,0.8921889150266279,0.8921889150266279,0.8921889150266283,1.2248731724466408,1.0,0.0,1.0,0.0,30285
0.8921889150266281,0.8921889150266283,0.8921889150266279,0.8921889150266283,0.892188915026628,0.8921889150266278,0.892188915026628,0.8921889150266279,0.8921889150266279,0.8921889150266283,0.8525465443672877,1.0,0.0,0.0,0.0,32050
0.8921889150266281,0.8921889150266283,0.8921889150266279,0.8921889150266283,0.892188915026628,0.8921889150266278,0.892188915026628,0.8921889150266279,0.8921889150266279,0.8921889150266283,1.2248731724466408,0.0,0.0,1.0,0.0,30855
0.8921889150266281,0.8921889150266283,0.8921889150266279,0.8921889150266283,0.892188915026628,0.8921889150266278,0.892188915026628,0.8921889150266279,0.8921889150266279,0.8921889150266283,1.2248731724466408,0.0,0.0,1.0,0.0,30250
0.8921889150266281,0.8921889150266283,0.8921889150266279,0.8921889150266283,0.892188915026628,0.8921889150266278,0.892188915026628,0.8921889150266279,0.8921889150266279,0.8921889150266283,1.2248731724466408,0.0,0.0,1.0,0.0,30610
0.8921889150266281,0.8921889150266283,0.8921889150266279,0.8921889150266283,0.892188915026628,0.8921889150266278,0.892188915026628,0.8921889150266279,0.8921889150266279,0.8921889150266283,0.4802199162879345,0.0,0.0,0.0,1.0,30075
0.8921889150266281,0.8921889150266283,0.8921889150266279,0.8921889150266283,0.892188915026628,0.8921889150266278,0.892188915026628,0.8921889150266279,0.8921889150266279,0.8921889150266283,0.4802199162879345,0.0,0.0,0.0,1.0,31065
0.8921889150266281,0.8921889150266283,0.8921889150266279,0.8921889150266283,0.892188915026628,0.8921889150266278,0.892188915026628,0.8921889150266279,0.8921889150266279,0.8921889150266283,0.4802199162879345,0.0,0.0,0.0,1.0,31135
0.8921889150266281,0.8921889150266283,0.8921889150266279,0.8921889150266283,0.892188915026628,0.8921889150266278,0.892188915026628,0.8921889150266279,0.8921889150266279,0.8921889150266283,1.2248731724466408,0.0,0.0,1.0,0.0,31810
0.8921889150266281,0.8921889150266283,0.8921889150266279,0.8921889150266283,0.892188915026628,0.8921889150266278,0.892188915026628,0.8921889150266279,0.8921889150266279,0.8921889150266283,0.4802199162879345,1.0,0.0,0.0,1.0,30755
0.8921889150266281,0.8921889150266283,0.8921889150266279,0.8921889150266283,0.892188915026628,0.8921889150266278,0.892188915026628,0.8921889150266279,0.8921889150266279,0.8921889150266283,0.8525465443672877,1.0,0.0,0.0,0.0,31815
0.8921889150266281,0.8921889150266283,0.8921889150266279,0.8921889150266283,0.892188915026628,0.8921889150266278,0.892188915026628,0.8921889150266279,0.8921889150266279,0.8921889150266283,0.4802199162879345,1.0,0.0,0.0,1.0,32090
0.8921889150266281,0.8921889150266283,0.8921889150266279,0.8921889150266283,0.892188915026628,0.8921889150266278,0.892188915026628,0.8921889150266279,0.8921889150266279,0.8921889150266283,0.4802199162879345,1.0,0.0,0.0,1.0,31045
0.8921889150266281,0.8921889150266283,0.8921889150266279,0.8921889150266283,0.892188915026628,0.8921889150266278,0.892188915026628,0.8921889150266279,0.8921889150266279,0.8921889150266283,0.8525465443672877,1.0,1.0,0.0,0.0,32155
0.8921889150266281,0.8921889150266283,0.8921889150266279,0.8921889150266283,0.892188915026628,0.8921889150266278,0.892188915026628,0.8921889150266279,0.8921889150266279,0.8921889150266283,1.2248731724466408,1.0,1.0,1.0,0.0,31400
0.8921889150266281,0.8921889150266283,0.8921889150266279,0.8921889150266283,0.892188915026628,0.8921889150266278,0.892188915026628,0.8921889150266279,0.8921889150266279,0.8921889150266283,0.4802199162879345,1.0,1.0,0.0,1.0,30805
0.8921889150266281,0.8921889150266283,0.8921889150266279,0.8921889150266283,0.892188915026628,0.8921889150266278,0.892188915026628,0.8921889150266279,0.8921889150266279,0.8921889150266283,0.8525465443672877,1.0,1.0,0.0,0.0,31555
0.8921889150266281,0.8921889150266283,0.8921889150266279,0.8921889150266283,0.892188915026628,0.8921889150266278,0.892188915026628,0.8921889150266279,0.8921889150266279,0.8921889150266283,1.2248731724466408,0.0,1.0,1.0,0.0,30250
0.8921889150266281,0.8921889150266283,0.8921889150266279,0.8921889150266283,0.892188915026628,0.8921889150266278,0.892188915026628,0.8921889150266279,0.8921889150266279,0.8921889150266283,0.4802199162879345,0.0,1.0,0.0,1.0,30610
0.8921889150266281,0.8921889150266283,0.8921889150266279,0.8921889150266283,0.892188915026628,0.8921889150266278,0.892188915026628,0.8921889150266279,0.8921889150266279,0.8921889150266283,0.8525465443672877,0.0,1.0,0.0,0.0,30575
0.8921889150266281,0.8921889150266283,0.8921889150266279,0.8921889150266283,0.892188915026628,0.8921889150266278,0.892188915026628,0.8921889150266279,0.8921889150266279,0.8921889150266283,0.4802199162879345,0.0,1.0,0.0,1.0,31605
0.8921889150266281,0.8921889150266283,0.8921889150266279,0.8921889150266283,0.892188915026628,0.8921889150266278,0.892188915026628,0.8921889150266279,0.8921889150266279,0.8921889150266283,1.2248731724466408,1.0,0.0,1.0,0.0,31135
0.8921889150266281,0.8921889150266283,0.8921889150266279,0.8921889150266283,0.892188915026628,0.8921889150266278,0.892188915026628,0.8921889150266279,0.8921889150266279,0.8921889150266283,0.8525465443672877,0.0,0.0,0.0,0.0,32080
0.8921889150266281,0.8921889150266283,0.8921889150266279,0.8921889150266283,0.892188915026628,0.8921889150266278,0.892188915026628,0.8921889150266279,0.8921889150266279,0.8921889150266283,1.2248731724466408,0.0,0.0,1.0,0.0,30885
0.8921889150266281,0.8921889150266283,0.8921889150266279,0.8921889150266283,0.892188915026628,0.8921889150266278,0.892188915026628,0.8921889150266279,0.8921889150266279,0.8921889150266283,0.4802199162879345,0.0,0.0,0.0,1.0,30945
0.8921889150266281,0.8921889150266283,0.8921889150266279,0.8921889150266283,0.892188915026628,0.8921889150266278,0.892188915026628,0.8921889150266279,0.8921889150266279,0.8921889150266283,0.8525465443672877,1.0,0.0,0.0,0.0,30460
0.8921889150266281,0.8921889150266283,0.8921889150266279,0.8921889150266283,0.892188915026628,0.8921889150266278,0.892188915026628,0.8921889150266279,0.8921889150266279,0.8921889150266283,1.2248731724466408,1.0,0.0,1.0,0.0,31780
0.8921889150266281,0.8921889150266283,0.8921889150266279,0.8921889150266283,0.892188915026628,0.8921889150266278,0.892188915026628,0.8921889150266279,0.8921889150266279,0.8921889150266283,0.4802199162879345,1.0,0.0,0.0,1.0,30575
0.8921889150266281,0.8921889150266283,0.8921889150266279,0.8921889150266283,0.892188915026628,0.8921889150266278,0.892188915026628,0.8921889150266279,0.8921889150266279,0.8921889150266283,0.8525465443672877,1.0,0.0,0.0,0.0,30355
0.8921889150266281,0.8921889150266283,0.8921889150266279,0.8921889150266283,0.892188915026628,0.8921889150266278,0.892188915026628,0.8921889150266279,0.8921889150266279,0.8921889150266283,0.4802199162879345,1.0,0.0,0.0,1.0,30540
0.8921889150266281,0.8921889150266283,0.8921889150266279,0.8921889150266283,0.892188915026628,0.8921889150266278,0.892188915026628,0.8921889150266279,0.8921889150266279,0.8921889150266283,1.2248731724466408,1.0,1.0,1.0,0.0,31535
0.8921889150266281,0.8921889150266283,0.8921889150266279,0.8921889150266283,0.892188915026628,0.8921889150266278,0.892188915026628,0.8921889150266279,0.8921889150266279,0.8921889150266283,0.8525465443672877,1.0,1.0,0.0,0.0,30545
0.8921889150266281,0.8921889150266283,0.8921889150266279,0.8921889150266283,0.892188915026628,0.8921889150266278,0.892188915026628,0.8921889150266279,0.8921889150266279,0.8921889150266283,1.2248731724466408,0.0,1.0,1.0,0.0,31625
0.8921889150266281,0.8921889150266283,0.8921889150266279,0.8921889150266283,0.892188915026628,0.8921889150266278,0.892188915026628,0.8921889150266279,0.8921889150266279,0.8921889150266283,0.4802199162879345,1.0,1.0,0.0,1.0,32345
0.8921889150266281,0.8921889150266283,0.8921889150266279,0.8921889150266283,0.892188915026628,0.8921889150266278,0.892188915026628,0.8921889150266279,0.8921889150266279,0.8921889150266283,0.8525465443672877,0.0,1.0,0.0,0.0,31400
0.8921889150266281,0.8921889150266283,0.8921889150266279,0.8921889150266283,0.892188915026628,0.8921889150266278,0.892188915026628,0.8921889150266279,0.8921889150266279,0.8921889150266283,1.2248731724466408,1.0,1.0,1.0,0.0,30905
0.8921889150266281,0.8921889150266283,0.8921889150266279,0.8921889150266283,0.892188915026628,0.8921889150266278,0.892188915026628,0.8921889150266279,0.8921889150266279,0.8921889150266283,0.4802199162879345,0.0,1.0,0.0,1.0,31535
0.8921889150266281,0.8921889150266283,0.8921889150266279,0.8921889150266283,0.892188915026628,0.8921889150266278,0.892188915026628,0.8921889150266279,0.8921889150266279,0.8921889150266283,0.8525465443672877,0.0,1.0,0.0,0.0,31555
0.8921889150266281,0.8921889150266283,0.8921889150266279,0.8921889150266283,0.892188915026628,0.8921889150266278,0.892188915026628,0.8921889150266279,0.8921889150266279,0.8921889150266283,0.4802199162879345,1.0,1.0,0.0,1.0,31035
0.8921889150266281,0.8921889150266283,0.8921889150266279,0.8921889150266283,0.892188915026628,0.8921889150266278,0.892188915026628,0.8921889150266279,0.8921889150266279,0.8921889150266283,1.2248731724466408,0.0,1.0,1.0,0.0,32050
0.8921889150266281,0.8921889150266283,0.8921889150266279,0.8921889150266283,0.892188915026628,0.8921889150266278,0.892188915026628,0.8921889150266279,0.8921889150266279,0.8921889150266283,1.2248731724466408,1.0,1.0,1.0,0.0,30250
0.8921889150266281,0.8921889150266283,0.8921889150266279,0.8921889150266283,0.892188915026628,0.8921889150266278,0.892188915026628,0.8921889150266279,0.8921889150266279,0.8921889150266283,1.2248731724466408,0.0,1.0,1.0,0.0,31135
0.8921889150266281,0.8921889150266283,0.8921889150266279,0.8921889150266283,0.892188915026628,0.8921889150266278,0.892188915026628,0.8921889150266279,0.8921889150266279,0.8921889150266283,1.2248731724466408,1.0,1.0,1.0,0.0,31815
0.8921889150266281,0.8921889150266283,0.8921889150266279,0.8921889150266283,0.892188915026628,0.8921889150266278,0.892188915026628,0.8921889150266279,0.8921889150266279,0.8921889150266283,0.8525465443672877,0.0,1.0,0.0,0.0,31045
0.8921889150266281,0.8921889150266283,0.8921889150266279,0.8921889150266283,0.892188915026628,0.8921889150266278,0.892188915026628,0.8921889150266279,0.8921889150266279,0.8921889150266283,1.2248731724466408,1.0,1.0,1.0,0.0,31555
0.8921889150266281,0.8921889150266283,0.8921889150266279,0.8921889150266283,0.892188915026628,0.8921889150266278,0.892188915026628,0.8921889150266279,0.8921889150266279,0.8921889150266283,1.2248731724466408,1.0,1.0,1.0,0.0,30575
0.8921889150266281,0.8921889150266283,0.8921889150266279,0.8921889150266283,0.892188915026628,0.8921889150266278,0.892188915026628,0.8921889150266279,0.8921889150266279,0.8921889150266283,1.2248731724466408,0.0,1.0,1.0,0.0,31135
0.8921889150266281,0.8921889150266283,0.8921889150266279,0.8921889150266283,0.892188915026628,0.8921889150266278,0.892188915026628,0.8921889150266279,0.8921889150266279,0.8921889150266283,0.4802199162879345,1.0,1.0,0.0,1.0,31625
0.8921889150266281,0.8921889150266283,0.8921889150266279,0.8921889150266283,0.892188915026628,0.8921889150266278,0.892188915026628,0.8921889150266279,0.8921889150266279,0.8921889150266283,0.4802199162879345,1.0,0.0,0.0,1.0,32345
0.8921889150266281,0.8921889150266283,0.8921889150266279,0.8921889150266283,0.892188915026628,0.8921889150266278,0.892188915026628,0.8921889150266279,0.8921889150266279,0.8921889150266283,0.4802199162879345,0.0,0.0,0.0,1.0,31400
0.8921889150266281,0.8921889150266283,0.8921889150266279,0.8921889150266283,0.892188915026628,0.8921889150266278,0.892188915026628,0.8921889150266279,0.8921889150266279,0.8921889150266283,1.2248731724466408,1.0,0.0,1.0,0.0,30905
0.8921889150266281,0.8921889150266283,0.8921889150266279,0.8921889150266283,0.892188915026628,0.8921889150266278,0.892188915026628,0.8921889150266279,0.8921889150266279,0.8921889150266283,0.4802199162879345,1.0,0.0,0.0,1.0,31535
0.8921889150266281,0.8921889150266283,0.8921889150266279,0.8921889150266283,0.892188915026628,0.8921889150266278,0.892188915026628,0.8921889150266279,0.8921889150266279,0.8921889150266283,0.8525465443672877,1.0,0.0,0.0,0.0,31555
0.8921889150266281,0.8921889150266283,0.8921889150266279,0.8921889150266283,0.892188915026628,0.8921889150266278,0.892188915026628,0.8921889150266279,0.8921889150266279,0.8921889150266283,0.4802199162879345,1.0,0.0,0.0,1.0,31035
0.8921889150266281,0.8921889150266283,0.8921889150266279,0.8921889150266283,0.892188915026628,0.8921889150266278,0.892188915026628,0.8921889150266279,0.8921889150266279,0.8921889150266283,0.4802199162879345,0.0,0.0,0.0,1.0,32050
0.8921889150266281,0.8921889150266283,0.8921889150266279,0.8921889150266283,0.892188915026628,0.8921889150266278,0.892188915026628,0.8921889150266279,0.8921889150266279,0.8921889150266283,0.8525465443672877,1.0,0.0,0.0,0.0,30250
0.8921889150266281,0.8921889150266283,0.8921889150266279,0.8921889150266283,0.892188915026628,0.8921889150266278,0.892188915026628,0.8921889150266279,0.8921889150266279,0.8921889150266283,1.2248731724466408,0.0,0.0,1.0,0.0,31135
0.8921889150266281,0.8921889150266283,0.8921889150266279,0.8921889150266283,0.892188915026628,0.8921889150266278,0.892188915026628,0.8921889150266279,0.8921889150266279,0.8921889150266283,0.4802199162879345,1.0,0.0,0.0,1.0,31815
0.8921889150266281,0.8921889150266283,0.8921889150266279,0.8921889150266283,0.892188915026628,0.8921889150266278,0.892188915026628,0.8921889150266279,0.8921889150266279,0.8921889150266283,0.8525465443672877,1.0,1.0,0.0,0.0,31045
0.8921889150266281,0.8921889150266283,0.8921889150266279,0.8921889150266283,0.892188915026628,0.8921889150266278,0.892188915026628,0.8921889150266279,0.8921889150266279,0.8921889150266283,1.2248731724466408,0.0,1.0,1.0,0.0,31555
0.8921889150266281,0.8921889150266283,0.8921889150266279,0.8921889150266283,0.892188915026628,0.8921889150266278,0.892188915026628,0.8921889150266279,0.8921889150266279,0.8921889150266283,0.4802199162879345,1.0,1.0,0.0,1.0,30575
0.8921889150266281,0.8921889150266283,0.8921889150266279,0.8921889150266283,0.892188915026628,0.8921889150266278,0.892188915026628,0.8921889150266279,0.8921889150266279,0.8921889150266283,0.8525465443672877,0.0,1.0,0.0,0.0,31135
0.8921889150266281,0.8921889150266283,0.8921889150266279,0.8921889150266283,0.892188915026628,0.8921889150266278,0.892188915026628,0.8921889150266279,0.8921889150266279,0.8921889150266283,0.4802199162879345,0.0,1.0,0.0,1.0,31625
0.8921889150266281,0.8921889150266283,0.8921889150266279,0.8921889150266283,0.892188915026628,0.8921889150266278,0.892188915026628,0.8921889150266279,0.8921889150266279,0.8921889150266283,1.2248731724466408,1.0,1.0,1.0,0.0,32345
0.8921889150266281,0.8921889150266283,0.8921889150266279,0.8921889150266283,0.892188915026628,0.8921889150266278,0.892188915026628,0.8921889150266279,0.8921889150266279,0.8921889150266283,0.8525465443672877,0.0,1.0,0.0,0.0,31400
0.8921889150266281,0.8921889150266283,0.8921889150266279,0.8921889150266283,0.892188915026628,0.8921889150266278,0.892188915026628,0.8921889150266279,0.8921889150266279,0.8921889150266283,1.2248731724466408,0.0,1.0,1.0,0.0,30905
0.8921889150266281,0.8921889150266283,0.8921889150266279,0.8921889150266283,0.892188915026628,0.8921889150266278,0.892188915026628,0.8921889150266279,0.8921889150266279,0.8921889150266283,0.4802199162879345,0.0,1.0,0.0,1.0,31535
0.8921889150266281,0.8921889150266283,0.8921889150266279,0.8921889150266283,0.892188915026628,0.8921889150266278,0.892188915026628,0.8921889150266279,0.8921889150266279,0.8921889150266283,0.8525465443672877,0.0,1.0,0.0,0.0,31555
0.8921889150266281,0.8921889150266283,0.8921889150266279,0.8921889150266283,0.892188915026628,0.8921889150266278,0.892188915026628,0.8921889150266279,0.8921889150266279,0.8921889150266283,1.2248731724466408,1.0,1.0,1.0,0.0,31035
0.8921889150266281,0.8921889150266283,0.8921889150266279,0.8921889150266283,0.892188915026628,0.8921889150266278,0.892188915026628,0.8921889150266279,0.8921889150266279,0.8921889150266283,0.4802199162879345,0.0,0.0,0.0,1.0,32050
0.8921889150266281,0.8921889150266283,0.8921889150266279,0.8921889150266283,0.892188915026628,0.8921889150266278,0.892188915026628,0.8921889150266279,0.8921889150266279,0.8921889150266283,0.8525465443672877,1.0,0.0,0.0,0.0,30250
0.8921889150266281,0.8921889150266283,0.8921889150266279,0.8921889150266283,0.892188915026628,0.8921889150266278,0.892188915026628,0.8921889150266279,0.8921889150266279,0.8921889150266283,0.4802199162879345,1.0,0.0,0.0,1.0,31135
0.8921889150266281,0.8921889150266283,0.8921889150266279,0.8921889150266283,0.892188915026628,0.8921889150266278,0.892188915026628,0.8921889150266279,0.8921889150266279,0.8921889150266283,1.2248731724466408,0.0,0.0,1.0,0.0,31815
0.8921889150266281,0.8921889150266283,0.8921889150266279,0.8921889150266283,0.892188915026628,0.8921889150266278,0.892188915026628,0.8921889150266279,0.8921889150266279,0.8921889150266283,0.8525465443672877,1.0,0.0,0.0,0.0,31045
0.8921889150266281,0.8921889150266283,0.8921889150266279,0.8921889150266283,0.892188915026628,0.8921889150266278,0.892188915026628,0.8921889150266279,0.8921889150266279,0.8921889150266283,1.2248731724466408,1.0,0.0,1.0,0.0,31555
0.8921889150266281,0.8921889150266283,0.8921889150266279,0.8921889150266283,0.892188915026628,0.8921889150266278,0.892188915026628,0.8921889150266279,0.8921889150266279,0.8921889150266283,0.4802199162879345,1.0,0.0,0.0,1.0,30575
0.8921889150266281,0.8921889150266283,0.8921889150266279,0.8921889150266283,0.892188915026628,0.8921889150266278,0.892188915026628,0.8921889150266279,0.8921889150266279,0.8921889150266283,0.8525465443672877,0.0,0.0,0.0,0.0,31135
0.8921889150266281,0.8921889150266283,0.8921889150266279,0.8921889150266283,0.892188915026628,0.8921889150266278,0.892188915026628,0.8921889150266279,0.8921889150266279,0.8921889150266283,1.2248731724466408,0.0,0.0,1.0,0.0,31625
0.8921889150266281,0.8921889150266283,0.8921889150266279,0.8921889150266283,0.892188915026628,0.8921889150266278,0.892188915026628,0.8921889150266279,0.8921889150266279,0.8921889150266283,0.4802199162879345,0.0,0.0,0.0,1.0,32345
0.8921889150266281,0.8921889150266283,0.8921889150266279,0.8921889150266283,0.892188915026628,0.8921889150266278,0.892188915026628,0.8921889150266279,0.8921889150266279,0.8921889150266283,0.8525465443672877,1.0,1.0,0.0,0.0,31400
0.8921889150266281,0.8921889150266283,0.8921889150266279,0.8921889150266283,0.892188915026628,0.8921889150266278,0.892188915026628,0.8921889150266279,0.8921889150266279,0.8921889150266283,0.4802199162879345,0.0,1.0,0.0,1.0,30905
0.8921889150266281,0.8921889150266283,0.8921889150266279,0.8921889150266283,0.892188915026628,0.8921889150266278,0.892188915026628,0.8921889150266279,0.8921889150266279,0.8921889150266283,1.2248731724466408,1.0,1.0,1.0,0.0,31535
0.8921889150266281,0.8921889150266283,0.8921889150266279,0.8921889150266283,0.892188915026628,0.8921889150266278,0.892188915026628,0.8921889150266279,0.8921889150266279,0.8921889150266283,1.2248731724466408,0.0,1.0,1.0,0.0,31555
0.8921889150266281,0.8921889150266283,0.8921889150266279,0.8921889150266283,0.892188915026628,0.8921889150266278,0.892188915026628,0.8921889150266279,0.8921889150266279,0.8921889150266283,1.2248731724466408,0.0,1.0,1.0,0.0,31035
0.8921889150266281,0.8921889150266283,0.8921889150266279,0.8921889150266283,0.892188915026628,0.8921889150266278,0.892188915026628,0.8921889150266279,0.8921889150266279,0.8921889150266283,1.2248731724466408,1.0,1.0,1.0,0.0,32050
0.8921889150266281,0.8921889150266283,0.8921889150266279,0.8921889150266283,0.892188915026628,0.8921889150266278,0.892188915026628,0.8921889150266279,0.8921889150266279,0.8921889150266283,0.8525465443672877,1.0,1.0,0.0,0.0,30250
0.8921889150266281,0.8921889150266283,0.8921889150266279,0.8921889150266283,0.892188915026628,0.8921889150266278,0.892188915026628,0.8921889150266279,0.8921889150266279,0.8921889150266283,1.2248731724466408,0.0,1.0,1.0,0.0,31135
0.8921889150266281,0.8921889150266283,0.8921889150266279,0.8921889150266283,0.892188915026628,0.8921889150266278,0.892188915026628,0.8921889150266279,0.8921889150266279,0.8921889150266283,1.2248731724466408,1.0,1.0,1.0,0.0,31815
0.8921889150266281,0.8921889150266283,0.8921889150266279,0.8921889150266283,0.892188915026628,0.8921889150266278,0.892188915026628,0.8921889150266279,0.8921889150266279,0.8921889150266283,1.2248731724466408,0.0,1.0,1.0,0.0,31045
0.8921889150266281,0.8921889150266283,0.8921889150266279,0.8921889150266283,0.892188915026628,0.8921889150266278,0.892188915026628,0.8921889150266279,0.8921889150266279,0.8921889150266283,0.4802199162879345,1.0,1.0,0.0,1.0,31555
0.8921889150266281,0.8921889150266283,0.8921889150266279,0.8921889150266283,0.892188915026628,0.8921889150266278,0.892188915026628,0.8921889150266279,0.8921889150266279,0.8921889150266283,0.4802199162879345,1.0,1.0,0.0,1.0,30575
0.8921889150266281,0.8921889150266283,0.8921889150266279,0.8921889150266283,0.892188915026628,0.8921889150266278,0.892188915026628,0.8921889150266279,0.8921889150266279,0.8921889150266283,0.4802199162879345,0.0,1.0,0.0,1.0,31135
0.8921889150266281,0.8921889150266283,0.8921889150266279,0.8921889150266283,0.892188915026628,0.8921889150266278,0.892188915026628,0.8921889150266279,0.8921889150266279,0.8921889150266283,1.2248731724466408,1.0,0.0,1.0,0.0,31625
0.8921889150266281,0.8921889150266283,0.8921889150266279,0.8921889150266283,0.892188915026628,0.8921889150266278,0.892188915026628,0.8921889150266279,0.8921889150266279,0.8921889150266283,0.4802199162879345,0.0,0.0,0.0,1.0,32345
0.8921889150266281,0.8921889150266283,0.8921889150266279,0.8921889150266283,0.892188915026628,0.8921889150266278,0.892188915026628,0.8921889150266279,0.8921889150266279,0.8921889150266283,0.8525465443672877,1.0,0.0,0.0,0.0,31400
0.8921889150266281,0.8921889150266283,0.8921889150266279,0.8921889150266283,0.892188915026628,0.8921889150266278,0.892188915026628,0.8921889150266279,0.8921889150266279,0.8921889150266283,0.4802199162879345,0.0,0.0,0.0,1.0,30905
0.8921889150266281,0.8921889150266283,0.8921889150266279,0.8921889150266283,0.892188915026628,0.8921889150266278,0.892188915026628,0.8921889150266279,0.8921889150266279,0.8921889150266283,0.4802199162879345,0.0,0.0,0.0,1.0,31535
0.8921889150266281,0.8921889150266283,0.8921889150266279,0.8921889150266283,0.892188915026628,0.8921889150266278,0.892188915026628,0.8921889150266279,0.8921889150266279,0.8921889150266283,0.8525465443672877,1.0,0.0,0.0,0.0,31555
0.8921889150266281,0.8921889150266283,0.8921889150266279,0.8921889150266283,0.892188915026628,0.8921889150266278,0.892188915026628,0.8921889150266279,0.8921889150266279,0.8921889150266283,1.2248731724466408,0.0,0.0,1.0,0.0,31035
0.8921889150266281,0.8921889150266283,0.8921889150266279,0.8921889150266283,0.892188915026628,0.8921889150266278,0.892188915026628,0.8921889150266279,0.8921889150266279,0.8921889150266283,0.4802199162879345,1.0,0.0,0.0,1.0,32050
0.8921889150266281,0.8921889150266283,0.8921889150266279,0.8921889150266283,0.892188915026628,0.8921889150266278,0.892188915026628,0.8921889150266279,0.8921889150266279,0.8921889150266283,0.8525465443672877,0.0,0.0,0.0,0.0,30250
0.8921889150266281,0.8921889150266283,0.8921889150266279,0.8921889150266283,0.892188915026628,0.8921889150266278,0.892188915026628,0.8921889150266279,0.8921889150266279,0.8921889150266283,1.2248731724466408,1.0,0.0,1.0,0.0,31135
0.8921889150266281,0.8921889150266283,0.8921889150266279,0.8921889150266283,0.892188915026628,0.8921889150266278,0.892188915026628,0.8921889150266279,0.8921889150266279,0.8921889150266283,0.4802199162879345,0.0,0.0,0.0,1.0,31815
0.8921889150266281,0.8921889150266283,0.8921889150266279,0.8921889150266283,0.892188915026628,0.8921889150266278,0.892188915026628,0.8921889150266279,0.8921889150266279,0.8921889150266283,0.8525465443672877,1.0,1.0,0.0,0.0,31045
0.8921889150266281,0.8921889150266283,0.8921889150266279,0.8921889150266283,0.892188915026628,0.8921889150266278,0.892188915026628,0.8921889150266279,0.8921889150266279,0.8921889150266283,0.4802199162879345,1.0,1.0,0.0,1.0,31555
0.8921889150266281,0.8921889150266283,0.8921889150266279,0.8921889150266283,0.892188915026628,0.8921889150266278,0.892188915026628,0.8921889150266279,0.8921889150266279,0.8921889150266283,1.2248731724466408,1.0,1.0,1.0,0.0,30575
0.8921889150266281,0.8921889150266283,0.8921889150266279,0.8921889150266283,0.892188915026628,0.8921889150266278,0.892188915026628,0.8921889150266279,0.8921889150266279,0.8921889150266283,0.8525465443672877,1.0,1.0,0.0,0.0,31135
0.8921889150266281,0.8921889150266283,0.8921889150266279,0.8921889150266283,0.892188915026628,0.8921889150266278,0.892188915026628,0.8921889150266279,0.8921889150266279,0.8921889150266283,1.2248731724466408,0.0,1.0,1.0,0.0,30100
0.8921889150266281,0.8921889150266283,0.8921889150266279,0.8921889150266283,0.892188915026628,0.8921889150266278,0.892188915026628,0.8921889150266279,0.8921889150266279,0.8921889150266283,0.4802199162879345,1.0,1.0,0.0,1.0,32085
0.8921889150266281,0.8921889150266283,0.8921889150266279,0.8921889150266283,0.892188915026628,0.8921889150266278,0.892188915026628,0.8921889150266279,0.8921889150266279,0.8921889150266283,0.8525465443672877,1.0,1.0,0.0,0.0,31980
0.8921889150266281,0.8921889150266283,0.8921889150266279,0.8921889150266283,0.892188915026628,0.8921889150266278,0.892188915026628,0.8921889150266279,0.8921889150266279,0.8921889150266283,1.2248731724466408,0.0,1.0,1.0,0.0,31555
0.8921889150266281,0.8921889150266283,0.8921889150266279,0.8921889150266283,0.892188915026628,0.8921889150266278,0.892188915026628,0.8921889150266279,0.8921889150266279,0.8921889150266283,0.4802199162879345,1.0,1.0,0.0,1.0,30405
0.8921889150266281,0.8921889150266283,0.8921889150266279,0.8921889150266283,0.892188915026628,0.8921889150266278,0.892188915026628,0.8921889150266279,0.8921889150266279,0.8921889150266283,0.8525465443672877,1.0,1.0,0.0,0.0,31420
0.8921889150266281,0.8921889150266283,0.8921889150266279,0.8921889150266283,0.892188915026628,0.8921889150266278,0.892188915026628,0.8921889150266279,0.8921889150266279,0.8921889150266283,0.4802199162879345,0.0,1.0,0.0,1.0,30965
0.8921889150266281,0.8921889150266283,0.8921889150266279,0.8921889150266283,0.892188915026628,0.8921889150266278,0.892188915026628,0.8921889150266279,0.8921889150266279,0.8921889150266283,1.2248731724466408,1.0,1.0,1.0,0.0,31140
0.8921889150266281,0.8921889150266283,0.8921889150266279,0.8921889150266283,0.892188915026628,0.8921889150266278,0.892188915026628,0.8921889150266279,0.8921889150266279,0.8921889150266283,0.8525465443672877,1.0,1.0,0.0,0.0,29190
0.8921889150266281,0.8921889150266283,0.8921889150266279,0.8921889150266283,0.892188915026628,0.8921889150266278,0.892188915026628,0.8921889150266279,0.8921889150266279,0.8921889150266283,1.2248731724466408,1.0,1.0,1.0,0.0,29510
0.8921889150266281,0.8921889150266283,0.8921889150266279,0.8921889150266283,0.892188915026628,0.8921889150266278,0.892188915026628,0.8921889150266279,0.8921889150266279,0.8921889150266283,0.4802199162879345,0.0,0.0,0.0,1.0,30250
0.8921889150266281,0.8921889150266283,0.8921889150266279,0.8921889150266283,0.892188915026628,0.8921889150266278,0.892188915026628,0.8921889150266279,0.8921889150266279,0.8921889150266283,0.8525465443672877,1.0,0.0,0.0,0.0,30610
0.8921889150266281,0.8921889150266283,0.8921889150266279,0.8921889150266283,0.892188915026628,0.8921889150266278,0.892188915026628,0.8921889150266279,0.8921889150266279,0.8921889150266283,1.2248731724466408,1.0,0.0,1.0,0.0,30575
0.8921889150266281,0.8921889150266283,0.8921889150266279,0.8921889150266283,0.892188915026628,0.8921889150266278,0.892188915026628,0.8921889150266279,0.8921889150266279,0.8921889150266283,0.4802199162879345,0.0,0.0,0.0,1.0,30075
0.8921889150266281,0.8921889150266283,0.8921889150266279,0.8921889150266283,0.892188915026628,0.8921889150266278,0.892188915026628,0.8921889150266279,0.8921889150266279,0.8921889150266283,0.8525465443672877,0.0,0.0,0.0,0.0,31605
0.8921889150266281,0.8921889150266283,0.8921889150266279,0.8921889150266283,0.892188915026628,0.8921889150266278,0.892188915026628,0.8921889150266279,0.8921889150266279,0.8921889150266283,0.4802199162879345,0.0,0.0,0.0,1.0,31065
0.8921889150266281,0.8921889150266283,0.8921889150266279,0.8921889150266283,0.892188915026628,0.8921889150266278,0.892188915026628,0.8921889150266279,0.8921889150266279,0.8921889150266283,1.2248731724466408,0.0,0.0,1.0,0.0,31135
0.8921889150266281,0.8921889150266283,0.8921889150266279,0.8921889150266283,0.892188915026628,0.8921889150266278,0.892188915026628,0.8921889150266279,0.8921889150266279,0.8921889150266283,1.2248731724466408,0.0,0.0,1.0,0.0,32080
0.8921889150266281,0.8921889150266283,0.8921889150266279,0.8921889150266283,0.892188915026628,0.8921889150266278,0.892188915026628,0.8921889150266279,0.8921889150266279,0.8921889150266283,1.2248731724466408,0.0,0.0,1.0,0.0,31135
0.8921889150266281,0.8921889150266283,0.8921889150266279,0.8921889150266283,0.892188915026628,0.8921889150266278,0.892188915026628,0.8921889150266279,0.8921889150266279,0.8921889150266283,1.2248731724466408,0.0,0.0,1.0,0.0,31810
0.8921889150266281,0.8921889150266283,0.8921889150266279,0.8921889150266283,0.892188915026628,0.8921889150266278,0.892188915026628,0.8921889150266279,0.8921889150266279,0.8921889150266283,0.8525465443672877,1.0,0.0,0.0,0.0,30885
0.8921889150266281,0.8921889150266283,0.8921889150266279,0.8921889150266283,0.892188915026628,0.8921889150266278,0.892188915026628,0.8921889150266279,0.8921889150266279,0.8921889150266283,1.2248731724466408,1.0,0.0,1.0,0.0,31430
0.8921889150266281,0.8921889150266283,0.8921889150266279,0.8921889150266283,0.892188915026628,0.8921889150266278,0.892188915026628,0.8921889150266279,0.8921889150266279,0.8921889150266283,1.2248731724466408,1.0,0.0,1.0,0.0,30755
0.8921889150266281,0.8921889150266283,0.8921889150266279,0.8921889150266283,0.892188915026628,0.8921889150266278,0.892188915026628,0.8921889150266279,0.8921889150266279,0.8921889150266283,1.2248731724466408,1.0,0.0,1.0,0.0,30945
0.8921889150266281,0.8921889150266283,0.8921889150266279,0.8921889150266283,0.892188915026628,0.8921889150266278,0.892188915026628,0.8921889150266279,0.8921889150266279,0.8921889150266283,0.4802199162879345,1.0,0.0,0.0,1.0,31815
0.8921889150266281,0.8921889150266283,0.8921889150266279,0.8921889150266283,0.892188915026628,0.8921889150266278,0.892188915026628,0.8921889150266279,0.8921889150266279,0.8921889150266283,0.4802199162879345,1.0,0.0,0.0,1.0,30460
0.8921889150266281,0.8921889150266283,0.8921889150266279,0.8921889150266283,0.892188915026628,0.8921889150266278,0.892188915026628,0.8921889150266279,0.8921889150266279,0.8921889150266283,0.4802199162879345,1.0,0.0,0.0,1.0,30960
0.8921889150266281,0.8921889150266283,0.8921889150266279,0.8921889150266283,0.892188915026628,0.8921889150266278,0.892188915026628,0.8921889150266279,0.8921889150266279,0.8921889150266283,1.2248731724466408,1.0,0.0,1.0,0.0,32020
0.8921889150266281,0.8921889150266283,0.8921889150266279,0.8921889150266283,0.892188915026628,0.8921889150266278,0.892188915026628,0.8921889150266279,0.8921889150266279,0.8921889150266283,0.4802199162879345,0.0,0.0,0.0,1.0,32090
0.8921889150266281,0.8921889150266283,0.8921889150266279,0.8921889150266283,0.892188915026628,0.8921889150266278,0.892188915026628,0.8921889150266279,0.8921889150266279,0.8921889150266283,0.8525465443672877,0.0,0.0,0.0,0.0,31780
0.8921889150266281,0.8921889150266283,0.8921889150266279,0.8921889150266283,0.892188915026628,0.8921889150266278,0.892188915026628,0.8921889150266279,0.8921889150266279,0.8921889150266283,0.4802199162879345,0.0,0.0,0.0,1.0,30795
0.8921889150266281,0.8921889150266283,0.8921889150266279,0.8921889150266283,0.892188915026628,0.8921889150266278,0.892188915026628,0.8921889150266279,0.8921889150266279,0.8921889150266283,0.4802199162879345,0.0,0.0,0.0,1.0,31045
0.8921889150266281,0.8921889150266283,0.8921889150266279,0.8921889150266283,0.892188915026628,0.8921889150266278,0.892188915026628,0.8921889150266279,0.8921889150266279,0.8921889150266283,0.8525465443672877,0.0,0.0,0.0,0.0,30575
0.8921889150266281,0.8921889150266283,0.8921889150266279,0.8921889150266283,0.892188915026628,0.8921889150266278,0.892188915026628,0.8921889150266279,0.8921889150266279,0.8921889150266283,1.2248731724466408,0.0,0.0,1.0,0.0,32155
0.8921889150266281,0.8921889150266283,0.8921889150266279,0.8921889150266283,0.892188915026628,0.8921889150266278,0.892188915026628,0.8921889150266279,0.8921889150266279,0.8921889150266283,0.4802199162879345,0.0,0.0,0.0,1.0,30355
0.8921889150266281,0.8921889150266283,0.8921889150266279,0.8921889150266283,0.892188915026628,0.8921889150266278,0.892188915026628,0.8921889150266279,0.8921889150266279,0.8921889150266283,0.8525465443672877,0.0,0.0,0.0,0.0,31625
0.8921889150266281,0.8921889150266283,0.8921889150266279,0.8921889150266283,0.892188915026628,0.8921889150266278,0.892188915026628,0.8921889150266279,0.8921889150266279,0.8921889150266283,1.2248731724466408,1.0,0.0,1.0,0.0,32345
0.8921889150266281,0.8921889150266283,0.8921889150266279,0.8921889150266283,0.892188915026628,0.8921889150266278,0.892188915026628,0.8921889150266279,0.8921889150266279,0.8921889150266283,0.4802199162879345,1.0,0.0,0.0,1.0,31400
0.8921889150266281,0.8921889150266283,0.8921889150266279,0.8921889150266283,0.892188915026628,0.8921889150266278,0.892188915026628,0.8921889150266279,0.8921889150266279,0.8921889150266283,0.8525465443672877,1.0,0.0,0.0,0.0,30540
0.8921889150266281,0.8921889150266283,0.8921889150266279,0.8921889150266283,0.892188915026628,0.8921889150266278,0.892188915026628,0.8921889150266279,0.8921889150266279,0.8921889150266283,0.4802199162879345,1.0,0.0,0.0,1.0,30905
0.8921889150266281,0.8921889150266283,0.8921889150266279,0.8921889150266283,0.892188915026628,0.8921889150266278,0.892188915026628,0.8921889150266279,0.8921889150266279,0.8921889150266283,1.2248731724466408,1.0,0.0,1.0,0.0,30805
0.8921889150266281,0.8921889150266283,0.8921889150266279,0.8921889150266283,0.892188915026628,0.8921889150266278,0.892188915026628,0.8921889150266279,0.8921889150266279,0.8921889150266283,0.8525465443672877,1.0,0.0,0.0,0.0,31535
0.8921889150266281,0.8921889150266283,0.8921889150266279,0.8921889150266283,0.892188915026628,0.8921889150266278,0.892188915026628,0.8921889150266279,0.8921889150266279,0.8921889150266283,1.2248731724466408,1.0,0.0,1.0,0.0,31555
0.8921889150266281,0.8921889150266283,0.8921889150266279,0.8921889150266283,0.892188915026628,0.8921889150266278,0.892188915026628,0.8921889150266279,0.8921889150266279,0.8921889150266283,0.4802199162879345,0.0,0.0,0.0,1.0,30545
0.8921889150266281,0.8921889150266283,0.8921889150266279,0.8921889150266283,0.892188915026628,0.8921889150266278,0.892188915026628,0.8921889150266279,0.8921889150266279,0.8921889150266283,0.8525465443672877,1.0,0.0,0.0,0.0,31920
0.8921889150266281,0.8921889150266283,0.8921889150266279,0.8921889150266283,0.892188915026628,0.8921889150266278,0.892188915026628,0.8921889150266279,0.8921889150266279,0.8921889150266283,1.2248731724466408,0.0,0.0,1.0,0.0,31035
0.8921889150266281,0.8921889150266283,0.8921889150266279,0.8921889150266283,0.892188915026628,0.8921889150266278,0.892188915026628,0.8921889150266279,0.8921889150266279,0.8921889150266283,0.4802199162879345,1.0,0.0,0.0,1.0,30805
0.8921889150266281,0.8921889150266283,0.8921889150266279,0.8921889150266283,0.892188915026628,0.8921889150266278,0.892188915026628,0.8921889150266279,0.8921889150266279,0.8921889150266283,0.8525465443672877,0.0,0.0,0.0,0.0,30285
0.8921889150266281,0.8921889150266283,0.8921889150266279,0.8921889150266283,0.892188915026628,0.8921889150266278,0.892188915026628,0.8921889150266279,0.8921889150266279,0.8921889150266283,0.4802199162879345,0.0,0.0,0.0,1.0,32050
0.8921889150266281,0.8921889150266283,0.8921889150266279,0.8921889150266283,0.892188915026628,0.8921889150266278,0.892188915026628,0.8921889150266279,0.8921889150266279,0.8921889150266283,1.2248731724466408,1.0,0.0,1.0,0.0,30855
0.8921889150266281,0.8921889150266283,0.8921889150266279,0.8921889150266283,0.892188915026628,0.8921889150266278,0.892188915026628,0.8921889150266279,0.8921889150266279,0.8921889150266283,0.8525465443672877,0.0,0.0,0.0,0.0,30250
0.8921889150266281,0.8921889150266283,0.8921889150266279,0.8921889150266283,0.892188915026628,0.8921889150266278,0.892188915026628,0.8921889150266279,0.8921889150266279,0.8921889150266283,1.2248731724466408,1.0,0.0,1.0,0.0,30610
0.8921889150266281,0.8921889150266283,0.8921889150266279,0.8921889150266283,0.892188915026628,0.8921889150266278,0.892188915026628,0.8921889150266279,0.8921889150266279,0.8921889150266283,0.4802199162879345,0.0,0.0,0.0,1.0,30075
0.8921889150266281,0.8921889150266283,0.8921889150266279,0.8921889150266283,0.892188915026628,0.8921889150266278,0.892188915026628,0.8921889150266279,0.8921889150266279,0.8921889150266283,0.8525465443672877,1.0,0.0,0.0,0.0,31065
0.8921889150266281,0.8921889150266283,0.8921889150266279,0.8921889150266283,0.892188915026628,0.8921889150266278,0.892188915026628,0.8921889150266279,0.8921889150266279,0.8921889150266283,1.2248731724466408,0.0,0.0,1.0,0.0,31135
0.8921889150266281,0.8921889150266283,0.8921889150266279,0.8921889150266283,0.892188915026628,0.8921889150266278,0.892188915026628,0.8921889150266279,0.8921889150266279,0.8921889150266283,0.4802199162879345,1.0,0.0,0.0,1.0,31810
0.8921889150266281,0.8921889150266283,0.8921889150266279,0.8921889150266283,0.892188915026628,0.8921889150266278,0.892188915026628,0.8921889150266279,0.8921889150266279,0.8921889150266283,0.8525465443672877,1.0,1.0,0.0,0.0,30755
0.8921889150266281,0.8921889150266283,0.8921889150266279,0.8921889150266283,0.892188915026628,0.8921889150266278,0.892188915026628,0.8921889150266279,0.8921889150266279,0.8921889150266283,0.4802199162879345,0.0,1.0,0.0,1.0,31815
0.8921889150266281,0.8921889150266283,0.8921889150266279,0.8921889150266283,0.892188915026628,0.8921889150266278,0.892188915026628,0.8921889150266279,0.8921889150266279,0.8921889150266283,1.2248731724466408,1.0,1.0,1.0,0.0,32090
0.8921889150266281,0.8921889150266283,0.8921889150266279,0.8921889150266283,0.892188915026628,0.8921889150266278,0.892188915026628,0.8921889150266279,0.8921889150266279,0.8921889150266283,1.2248731724466408,1.0,1.0,1.0,0.0,31045
0.8921889150266281,0.8921889150266283,0.8921889150266279,0.8921889150266283,0.892188915026628,0.8921889150266278,0.892188915026628,0.8921889150266279,0.8921889150266279,0.8921889150266283,1.2248731724466408,0.0,1.0,1.0,0.0,32155
0.8921889150266281,0.8921889150266283,0.8921889150266279,0.8921889150266283,0.892188915026628,0.8921889150266278,0.892188915026628,0.8921889150266279,0.8921889150266279,0.8921889150266283,1.2248731724466408,1.0,1.0,1.0,0.0,31400
0.8921889150266281,0.8921889150266283,0.8921889150266279,0.8921889150266283,0.892188915026628,0.8921889150266278,0.892188915026628,0.8921889150266279,0.8921889150266279,0.8921889150266283,0.8525465443672877,1.0,1.0,0.0,0.0,30805
0.8921889150266281,0.8921889150266283,0.8921889150266279,0.8921889150266283,0.892188915026628,0.8921889150266278,0.892188915026628,0.8921889150266279,0.8921889150266279,0.8921889150266283,1.2248731724466408,1.0,1.0,1.0,0.0,31555
0.8921889150266281,0.8921889150266283,0.8921889150266279,0.8921889150266283,0.892188915026628,0.8921889150266278,0.892188915026628,0.8921889150266279,0.8921889150266279,0.8921889150266283,1.2248731724466408,1.0,1.0,1.0,0.0,30250
0.8921889150266281,0.8921889150266283,0.8921889150266279,0.8921889150266283,0.892188915026628,0.8921889150266278,0.892188915026628,0.8921889150266279,0.8921889150266279,0.8921889150266283,1.2248731724466408,0.0,1.0,1.0,0.0,30610
0.8921889150266281,0.8921889150266283,0.8921889150266279,0.8921889150266283,0.892188915026628,0.8921889150266278,0.892188915026628,0.8921889150266279,0.8921889150266279,0.8921889150266283,0.4802199162879345,1.0,1.0,0.0,1.0,30575
0.8921889150266281,0.8921889150266283,0.8921889150266279,0.8921889150266283,0.892188915026628,0.8921889150266278,0.892188915026628,0.8921889150266279,0.8921889150266279,0.8921889150266283,0.4802199162879345,0.0,1.0,0.0,1.0,31605
0.8921889150266281,0.8921889150266283,0.8921889150266279,0.8921889150266283,0.892188915026628,0.8921889150266278,0.892188915026628,0.8921889150266279,0.8921889150266279,0.8921889150266283,0.4802199162879345,1.0,0.0,0.0,1.0,31135
0.8921889150266281,0.8921889150266283,0.8921889150266279,0.8921889150266283,0.892188915026628,0.8921889150266278,0.892188915026628,0.8921889150266279,0.8921889150266279,0.8921889150266283,1.2248731724466408,1.0,0.0,1.0,0.0,32080
0.8921889150266281,0.8921889150266283,0.8921889150266279,0.8921889150266283,0.892188915026628,0.8921889150266278,0.892188915026628,0.8921889150266279,0.8921889150266279,0.8921889150266283,0.4802199162879345,0.0,0.0,0.0,1.0,30885
0.8921889150266281,0.8921889150266283,0.8921889150266279,0.8921889150266283,0.892188915026628,0.8921889150266278,0.892188915026628,0.8921889150266279,0.8921889150266279,0.8921889150266283,0.8525465443672877,1.0,0.0,0.0,0.0,30945
0.8921889150266281,0.8921889150266283,0.8921889150266279,0.8921889150266283,0.892188915026628,0.8921889150266278,0.892188915026628,0.8921889150266279,0.8921889150266279,0.8921889150266283,0.4802199162879345,0.0,0.0,0.0,1.0,30460
0.8921889150266281,0.8921889150266283,0.8921889150266279,0.8921889150266283,0.892188915026628,0.8921889150266278,0.892188915026628,0.8921889150266279,0.8921889150266279,0.8921889150266283,0.4802199162879345,0.0,0.0,0.0,1.0,31780
0.8921889150266281,0.8921889150266283,0.8921889150266279,0.8921889150266283,0.892188915026628,0.8921889150266278,0.892188915026628,0.8921889150266279,0.8921889150266279,0.8921889150266283,0.8525465443672877,1.0,0.0,0.0,0.0,30575
0.8921889150266281,0.8921889150266283,0.8921889150266279,0.8921889150266283,0.892188915026628,0.8921889150266278,0.892188915026628,0.8921889150266279,0.8921889150266279,0.8921889150266283,1.2248731724466408,0.0,0.0,1.0,0.0,30355
0.8921889150266281,0.8921889150266283,0.8921889150266279,0.8921889150266283,0.892188915026628,0.8921889150266278,0.892188915026628,0.8921889150266279,0.8921889150266279,0.8921889150266283,0.4802199162879345,0.0,0.0,0.0,1.0,30540
0.8921889150266281,0.8921889150266283,0.8921889150266279,0.8921889150266283,0.892188915026628,0.8921889150266278,0.892188915026628,0.8921889150266279,0.8921889150266279,0.8921889150266283,0.8525465443672877,0.0,0.0,0.0,0.0,31535
0.8921889150266281,0.8921889150266283,0.8921889150266279,0.8921889150266283,0.892188915026628,0.8921889150266278,0.892188915026628,0.8921889150266279,0.8921889150266279,0.8921889150266283,1.2248731724466408,0.0,0.0,1.0,0.0,30545
0.8921889150266281,0.8921889150266283,0.8921889150266279,0.8921889150266283,0.892188915026628,0.8921889150266278,0.892188915026628,0.8921889150266279,0.8921889150266279,0.8921889150266283,0.4802199162879345,1.0,1.0,0.0,1.0,31625
0.8921889150266281,0.8921889150266283,0.8921889150266279,0.8921889150266283,0.892188915026628,0.8921889150266278,0.892188915026628,0.8921889150266279,0.8921889150266279,0.8921889150266283,0.8525465443672877,0.0,1.0,0.0,0.0,32345
0.8921889150266281,0.8921889150266283,0.8921889150266279,0.8921889150266283,0.892188915026628,0.8921889150266278,0.892188915026628,0.8921889150266279,0.8921889150266279,0.8921889150266283,0.4802199162879345,1.0,1.0,0.0,1.0,31400
0.8921889150266281,0.8921889150266283,0.8921889150266279,0.8921889150266283,0.892188915026628,0.8921889150266278,0.892188915026628,0.8921889150266279,0.8921889150266279,0.8921889150266283,1.2248731724466408,1.0,1.0,1.0,0.0,30905
0.8921889150266281,0.8921889150266283,0.8921889150266279,0.8921889150266283,0.892188915026628,0.8921889150266278,0.892188915026628,0.8921889150266279,0.8921889150266279,0.8921889150266283,0.8525465443672877,0.0,1.0,0.0,0.0,31535
0.8921889150266281,0.8921889150266283,0.8921889150266279,0.8921889150266283,0.892188915026628,0.8921889150266278,0.892188915026628,0.8921889150266279,0.8921889150266279,0.8921889150266283,1.2248731724466408,1.0,1.0,1.0,0.0,31555
0.8921889150266281,0.8921889150266283,0.8921889150266279,0.8921889150266283,0.892188915026628,0.8921889150266278,0.892188915026628,0.8921889150266279,0.8921889150266279,0.8921889150266283,0.4802199162879345,1.0,1.0,0.0,1.0,31035
0.8921889150266281,0.8921889150266283,0.8921889150266279,0.8921889150266283,0.892188915026628,0.8921889150266278,0.892188915026628,0.8921889150266279,0.8921889150266279,0.8921889150266283,0.8525465443672877,1.0,1.0,0.0,0.0,32050
0.8921889150266281,0.8921889150266283,0.8921889150266279,0.8921889150266283,0.892188915026628,0.8921889150266278,0.892188915026628,0.8921889150266279,0.8921889150266279,0.8921889150266283,1.2248731724466408,0.0,1.0,1.0,0.0,30250
0.8921889150266281,0.8921889150266283,0.8921889150266279,0.8921889150266283,0.892188915026628,0.8921889150266278,0.892188915026628,0.8921889150266279,0.8921889150266279,0.8921889150266283,0.4802199162879345,0.0,1.0,0.0,1.0,31135
0.8921889150266281,0.8921889150266283,0.8921889150266279,0.8921889150266283,0.892188915026628,0.8921889150266278,0.892188915026628,0.8921889150266279,0.8921889150266279,0.8921889150266283,0.8525465443672877,0.0,1.0,0.0,0.0,31815
0.8921889150266281,0.8921889150266283,0.8921889150266279,0.8921889150266283,0.892188915026628,0.8921889150266278,0.892188915026628,0.8921889150266279,0.8921889150266279,0.8921889150266283,0.4802199162879345,1.0,1.0,0.0,1.0,31045
0.8921889150266281,0.8921889150266283,0.8921889150266279,0.8921889150266283,0.892188915026628,0.8921889150266278,0.892188915026628,0.8921889150266279,0.8921889150266279,0.8921889150266283,1.2248731724466408,0.0,0.0,1.0,0.0,31555
0.8921889150266281,0.8921889150266283,0.8921889150266279,0.8921889150266283,0.892188915026628,0.8921889150266278,0.892188915026628,0.8921889150266279,0.8921889150266279,0.8921889150266283,0.8525465443672877,1.0,0.0,0.0,0.0,30575
0.8921889150266281,0.8921889150266283,0.8921889150266279,0.8921889150266283,0.892188915026628,0.8921889150266278,0.892188915026628,0.8921889150266279,0.8921889150266279,0.8921889150266283,1.2248731724466408,0.0,0.0,1.0,0.0,31135
0.8921889150266281,0.8921889150266283,0.8921889150266279,0.8921889150266283,0.892188915026628,0.8921889150266278,0.892188915026628,0.8921889150266279,0.8921889150266279,0.8921889150266283,0.4802199162879345,0.0,0.0,0.0,1.0,31625
0.8921889150266281,0.8921889150266283,0.8921889150266279,0.8921889150266283,0.892188915026628,0.8921889150266278,0.892188915026628,0.8921889150266279,0.8921889150266279,0.8921889150266283,0.8525465443672877,1.0,0.0,0.0,0.0,32345
0.8921889150266281,0.8921889150266283,0.8921889150266279,0.8921889150266283,0.892188915026628,0.8921889150266278,0.892188915026628,0.8921889150266279,0.8921889150266279,0.8921889150266283,1.2248731724466408,1.0,0.0,1.0,0.0,31400
0.8921889150266281,0.8921889150266283,0.8921889150266279,0.8921889150266283,0.892188915026628,0.8921889150266278,0.892188915026628,0.8921889150266279,0.8921889150266279,0.8921889150266283,0.4802199162879345,0.0,0.0,0.0,1.0,30905
0.8921889150266281,0.8921889150266283,0.8921889150266279,0.8921889150266283,0.892188915026628,0.8921889150266278,0.892188915026628,0.8921889150266279,0.8921889150266279,0.8921889150266283,0.8525465443672877,1.0,0.0,0.0,0.0,31535
0.8921889150266281,0.8921889150266283,0.8921889150266279,0.8921889150266283,0.892188915026628,0.8921889150266278,0.892188915026628,0.8921889150266279,0.8921889150266279,0.8921889150266283,0.4802199162879345,0.0,0.0,0.0,1.0,31555
0.8921889150266281,0.8921889150266283,0.8921889150266279,0.8921889150266283,0.892188915026628,0.8921889150266278,0.892188915026628,0.8921889150266279,0.8921889150266279,0.8921889150266283,1.2248731724466408,1.0,0.0,1.0,0.0,31035
0.8921889150266281,0.8921889150266283,0.8921889150266279,0.8921889150266283,0.892188915026628,0.8921889150266278,0.892188915026628,0.8921889150266279,0.8921889150266279,0.8921889150266283,1.2248731724466408,1.0,0.0,1.0,0.0,32050
0.8921889150266281,0.8921889150266283,0.8921889150266279,0.8921889150266283,0.892188915026628,0.8921889150266278,0.892188915026628,0.8921889150266279,0.8921889150266279,0.8921889150266283,1.2248731724466408,0.0,0.0,1.0,0.0,30250
0.8921889150266281,0.8921889150266283,0.8921889150266279,0.8921889150266283,0.892188915026628,0.8921889150266278,0.892188915026628,0.8921889150266279,0.8921889150266279,0.8921889150266283,1.2248731724466408,1.0,0.0,1.0,0.0,31135
0.8921889150266281,0.8921889150266283,0.8921889150266279,0.8921889150266283,0.892188915026628,0.8921889150266278,0.892188915026628,0.8921889150266279,0.8921889150266279,0.8921889150266283,0.8525465443672877,0.0,0.0,0.0,0.0,31815
0.8921889150266281,0.8921889150266283,0.8921889150266279,0.8921889150266283,0.892188915026628,0.8921889150266278,0.892188915026628,0.8921889150266279,0.8921889150266279,0.8921889150266283,1.2248731724466408,1.0,0.0,1.0,0.0,31045
0.8921889150266281,0.8921889150266283,0.8921889150266279,0.8921889150266283,0.892188915026628,0.8921889150266278,0.892188915026628,0.8921889150266279,0.8921889150266279,0.8921889150266283,1.2248731724466408,0.0,0.0,1.0,0.0,31555
0.8921889150266281,0.8921889150266283,0.8921889150266279,0.8921889150266283,0.892188915026628,0.8921889150266278,0.892188915026628,0.8921889150266279,0.8921889150266279,0.8921889150266283,1.2248731724466408,0.0,0.0,1.0,0.0,30575
0.8921889150266281,0.8921889150266283,0.8921889150266279,0.8921889150266283,0.892188915026628,0.8921889150266278,0.892188915026628,0.8921889150266279,0.8921889150266279,0.8921889150266283,0.4802199162879345,1.0,0.0,0.0,1.0,31135
0.8921889150266281,0.8921889150266283,0.8921889150266279,0.8921889150266283,0.892188915026628,0.8921889150266278,0.892188915026628,0.8921889150266279,0.8921889150266279,0.8921889150266283,0.4802199162879345,0.0,0.0,0.0,1.0,31625
0.8921889150266281,0.8921889150266283,0.8921889150266279,0.8921889150266283,0.892188915026628,0.8921889150266278,0.892188915026628,0.8921889150266279,0.8921889150266279,0.8921889150266283,0.4802199162879345,1.0,0.0,0.0,1.0,32345
0.8921889150266281,0.8921889150266283,0.8921889150266279,0.8921889150266283,0.892188915026628,0.8921889150266278,0.892188915026628,0.8921889150266279,0.8921889150266279,0.8921889150266283,1.2248731724466408,0.0,0.0,1.0,0.0,31400
0.8921889150266281,0.8921889150266283,0.8921889150266279,0.8921889150266283,0.892188915026628,0.8921889150266278,0.892188915026628,0.8921889150266279,0.8921889150266279,0.8921889150266283,0.4802199162879345,1.0,0.0,0.0,1.0,30905
0.8921889150266281,0.8921889150266283,0.8921889150266279,0.8921889150266283,0.892188915026628,0.8921889150266278,0.892188915026628,0.8921889150266279,0.8921889150266279,0.8921889150266283,0.8525465443672877,0.0,0.0,0.0,0.0,31535
0.8921889150266281,0.8921889150266283,0.8921889150266279,0.8921889150266283,0.892188915026628,0.8921889150266278,0.892188915026628,0.8921889150266279,0.8921889150266279,0.8921889150266283,0.4802199162879345,1.0,0.0,0.0,1.0,31555
0.8921889150266281,0.8921889150266283,0.8921889150266279,0.8921889150266283,0.892188915026628,0.8921889150266278,0.892188915026628,0.8921889150266279,0.8921889150266279,0.8921889150266283,0.4802199162879345,1.0,0.0,0.0,1.0,31035
0.8921889150266281,0.8921889150266283,0.8921889150266279,0.8921889150266283,0.892188915026628,0.8921889150266278,0.892188915026628,0.8921889150266279,0.8921889150266279,0.8921889150266283,0.8525465443672877,1.0,0.0,0.0,0.0,32050
0.8921889150266281,0.8921889150266283,0.8921889150266279,0.8921889150266283,0.892188915026628,0.8921889150266278,0.892188915026628,0.8921889150266279,0.8921889150266279,0.8921889150266283,1.2248731724466408,1.0,0.0,1.0,0.0,30250
0.8921889150266281,0.8921889150266283,0.8921889150266279,0.8921889150266283,0.892188915026628,0.8921889150266278,0.892188915026628,0.8921889150266279,0.8921889150266279,0.8921889150266283,0.4802199162879345,0.0,0.0,0.0,1.0,31135
0.8921889150266281,0.8921889150266283,0.8921889150266279,0.8921889150266283,0.892188915026628,0.8921889150266278,0.892188915026628,0.8921889150266279,0.8921889150266279,0.8921889150266283,0.8525465443672877,1.0,0.0,0.0,0.0,31815
0.8921889150266281,0.8921889150266283,0.8921889150266279,0.8921889150266283,0.892188915026628,0.8921889150266278,0.892188915026628,0.8921889150266279,0.8921889150266279,0.8921889150266283,1.2248731724466408,1.0,1.0,1.0,0.0,31045
0.8921889150266281,0.8921889150266283,0.8921889150266279,0.8921889150266283,0.892188915026628,0.8921889150266278,0.892188915026628,0.8921889150266279,0.8921889150266279,0.8921889150266283,0.4802199162879345,0.0,1.0,0.0,1.0,31555
0.8921889150266281,0.8921889150266283,0.8921889150266279,0.8921889150266283,0.892188915026628,0.8921889150266278,0.892188915026628,0.8921889150266279,0.8921889150266279,0.8921889150266283,0.8525465443672877,1.0,1.0,0.0,0.0,30575
0.8921889150266281,0.8921889150266283,0.8921889150266279,0.8921889150266283,0.892188915026628,0.8921889150266278,0.892188915026628,0.8921889150266279,0.8921889150266279,0.8921889150266283,0.4802199162879345,1.0,1.0,0.0,1.0,31135
0.8921889150266281,0.8921889150266283,0.8921889150266279,0.8921889150266283,0.892188915026628,0.8921889150266278,0.892188915026628,0.8921889150266279,0.8921889150266279,0.8921889150266283,1.2248731724466408,0.0,1.0,1.0,0.0,31625
0.8921889150266281,0.8921889150266283,0.8921889150266279,0.8921889150266283,0.892188915026628,0.8921889150266278,0.892188915026628,0.8921889150266279,0.8921889150266279,0.8921889150266283,0.8525465443672877,1.0,1.0,0.0,0.0,32345
0.8921889150266281,0.8921889150266283,0.8921889150266279,0.8921889150266283,0.892188915026628,0.8921889150266278,0.892188915026628,0.8921889150266279,0.8921889150266279,0.8921889150266283,1.2248731724466408,1.0,1.0,1.0,0.0,31400
0.8921889150266281,0.8921889150266283,0.8921889150266279,0.8921889150266283,0.892188915026628,0.8921889150266278,0.892188915026628,0.8921889150266279,0.8921889150266279,0.8921889150266283,0.4802199162879345,1.0,1.0,0.0,1.0,30905
0.8921889150266281,0.8921889150266283,0.8921889150266279,0.8921889150266283,0.892188915026628,0.8921889150266278,0.892188915026628,0.8921889150266279,0.8921889150266279,0.8921889150266283,0.8525465443672877,0.0,1.0,0.0,0.0,31535
0.8921889150266281,0.8921889150266283,0.8921889150266279,0.8921889150266283,0.892188915026628,0.8921889150266278,0.892188915026628,0.8921889150266279,0.8921889150266279,0.8921889150266283,1.2248731724466408,1.0,1.0,1.0,0.0,31555
0.8921889150266281,0.8921889150266283,0.8921889150266279,0.8921889150266283,0.892188915026628,0.8921889150266278,0.892188915026628,0.8921889150266279,0.8921889150266279,0.8921889150266283,0.4802199162879345,1.0,1.0,0.0,1.0,31035
0.8921889150266281,0.8921889150266283,0.8921889150266279,0.8921889150266283,0.892188915026628,0.8921889150266278,0.892188915026628,0.8921889150266279,0.8921889150266279,0.8921889150266283,0.8525465443672877,0.0,1.0,0.0,0.0,32050
0.8921889150266281,0.8921889150266283,0.8921889150266279,0.8921889150266283,0.892188915026628,0.8921889150266278,0.892188915026628,0.8921889150266279,0.8921889150266279,0.8921889150266283,0.4802199162879345,0.0,1.0,0.0,1.0,30250
0.8921889150266281,0.8921889150266283,0.8921889150266279,0.8921889150266283,0.892188915026628,0.8921889150266278,0.892188915026628,0.8921889150266279,0.8921889150266279,0.8921889150266283,1.2248731724466408,0.0,0.0,1.0,0.0,31135
0.8921889150266281,0.8921889150266283,0.8921889150266279,0.8921889150266283,0.892188915026628,0.8921889150266278,0.892188915026628,0.8921889150266279,0.8921889150266279,0.8921889150266283,0.8525465443672877,0.0,0.0,0.0,0.0,31815
0.8921889150266281,0.8921889150266283,0.8921889150266279,0.8921889150266283,0.892188915026628,0.8921889150266278,0.892188915026628,0.8921889150266279,0.8921889150266279,0.8921889150266283,1.2248731724466408,0.0,0.0,1.0,0.0,31045
0.8921889150266281,0.8921889150266283,0.8921889150266279,0.8921889150266283,0.892188915026628,0.8921889150266278,0.892188915026628,0.8921889150266279,0.8921889150266279,0.8921889150266283,0.4802199162879345,0.0,0.0,0.0,1.0,31555
0.8921889150266281,0.8921889150266283,0.8921889150266279,0.8921889150266283,0.892188915026628,0.8921889150266278,0.892188915026628,0.8921889150266279,0.8921889150266279,0.8921889150266283,0.8525465443672877,0.0,0.0,0.0,0.0,30575
0.8921889150266281,0.8921889150266283,0.8921889150266279,0.8921889150266283,0.892188915026628,0.8921889150266278,0.892188915026628,0.8921889150266279,0.8921889150266279,0.8921889150266283,1.2248731724466408,1.0,0.0,1.0,0.0,31135
0.8921889150266281,0.8921889150266283,0.8921889150266279,0.8921889150266283,0.892188915026628,0.8921889150266278,0.892188915026628,0.8921889150266279,0.8921889150266279,0.8921889150266283,0.4802199162879345,1.0,0.0,0.0,1.0,31625
0.8921889150266281,0.8921889150266283,0.8921889150266279,0.8921889150266283,0.892188915026628,0.8921889150266278,0.892188915026628,0.8921889150266279,0.8921889150266279,0.8921889150266283,0.8525465443672877,1.0,0.0,0.0,0.0,32345
0.8921889150266281,0.8921889150266283,0.8921889150266279,0.8921889150266283,0.892188915026628,0.8921889150266278,0.892188915026628,0.8921889150266279,0.8921889150266279,0.8921889150266283,0.4802199162879345,1.0,0.0,0.0,1.0,31400
0.8921889150266281,0.8921889150266283,0.8921889150266279,0.8921889150266283,0.892188915026628,0.8921889150266278,0.892188915026628,0.8921889150266279,0.8921889150266279,0.8921889150266283,1.2248731724466408,1.0,0.0,1.0,0.0,30905
0.8921889150266281,0.8921889150266283,0.8921889150266279,0.8921889150266283,0.892188915026628,0.8921889150266278,0.892188915026628,0.8921889150266279,0.8921889150266279,0.8921889150266283,1.2248731724466408,1.0,0.0,1.0,0.0,31535
0.8921889150266281,0.8921889150266283,0.8921889150266279,0.8921889150266283,0.892188915026628,0.8921889150266278,0.892188915026628,0.8921889150266279,0.8921889150266279,0.8921889150266283,1.2248731724466408,1.0,0.0,1.0,0.0,31555
0.8921889150266281,0.8921889150266283,0.8921889150266279,0.8921889150266283,0.892188915026628,0.8921889150266278,0.892188915026628,0.8921889150266279,0.8921889150266279,0.8921889150266283,1.2248731724466408,1.0,0.0,1.0,0.0,31035
0.8921889150266281,0.8921889150266283,0.8921889150266279,0.8921889150266283,0.892188915026628,0.8921889150266278,0.892188915026628,0.8921889150266279,0.8921889150266279,0.8921889150266283,0.8525465443672877,0.0,0.0,0.0,0.0,32050
0.8921889150266281,0.8921889150266283,0.8921889150266279,0.8921889150266283,0.892188915026628,0.8921889150266278,0.892188915026628,0.8921889150266279,0.8921889150266279,0.8921889150266283,1.2248731724466408,0.0,0.0,1.0,0.0,30250
0.8921889150266281,0.8921889150266283,0.8921889150266279,0.8921889150266283,0.892188915026628,0.8921889150266278,0.892188915026628,0.8921889150266279,0.8921889150266279,0.8921889150266283,1.2248731724466408,0.0,0.0,1.0,0.0,31135
0.8921889150266281,0.8921889150266283,0.8921889150266279,0.8921889150266283,0.892188915026628,0.8921889150266278,0.892188915026628,0.8921889150266279,0.8921889150266279,0.8921889150266283,1.2248731724466408,0.0,0.0,1.0,0.0,31815
0.8921889150266281,0.8921889150266283,0.8921889150266279,0.8921889150266283,0.892188915026628,0.8921889150266278,0.892188915026628,0.8921889150266279,0.8921889150266279,0.8921889150266283,0.4802199162879345,0.0,0.0,0.0,1.0,31045
0.8921889150266281,0.8921889150266283,0.8921889150266279,0.8921889150266283,0.892188915026628,0.8921889150266278,0.892188915026628,0.8921889150266279,0.8921889150266279,0.8921889150266283,0.4802199162879345,0.0,0.0,0.0,1.0,31555
0.8921889150266281,0.8921889150266283,0.8921889150266279,0.8921889150266283,0.892188915026628,0.8921889150266278,0.892188915026628,0.8921889150266279,0.8921889150266279,0.8921889150266283,0.4802199162879345,0.0,0.0,0.0,1.0,30575
0.8921889150266281,0.8921889150266283,0.8921889150266279,0.8921889150266283,0.892188915026628,0.8921889150266278,0.892188915026628,0.8921889150266279,0.8921889150266279,0.8921889150266283,1.2248731724466408,0.0,0.0,1.0,0.0,31135
0.8921889150266281,0.8921889150266283,0.8921889150266279,0.8921889150266283,0.892188915026628,0.8921889150266278,0.892188915026628,0.8921889150266279,0.8921889150266279,0.8921889150266283,0.4802199162879345,1.0,0.0,0.0,1.0,30100
0.8921889150266281,0.8921889150266283,0.8921889150266279,0.8921889150266283,0.892188915026628,0.8921889150266278,0.892188915026628,0.8921889150266279,0.8921889150266279,0.8921889150266283,0.8525465443672877,1.0,0.0,0.0,0.0,32085
0.8921889150266281,0.8921889150266283,0.8921889150266279,0.8921889150266283,0.892188915026628,0.8921889150266278,0.892188915026628,0.8921889150266279,0.8921889150266279,0.8921889150266283,0.4802199162879345,1.0,0.0,0.0,1.0,31980
0.8921889150266281,0.8921889150266283,0.8921889150266279,0.8921889150266283,0.892188915026628,0.8921889150266278,0.892188915026628,0.8921889150266279,0.8921889150266279,0.8921889150266283,0.4802199162879345,1.0,1.0,0.0,1.0,31555
0.8921889150266281,0.8921889150266283,0.8921889150266279,0.8921889150266283,0.892188915026628,0.8921889150266278,0.892188915026628,0.8921889150266279,0.8921889150266279,0.8921889150266283,0.8525465443672877,1.0,0.0,0.0,0.0,30405
0.8921889150266281,0.8921889150266283,0.8921889150266279,0.8921889150266283,0.892188915026628,0.8921889150266278,0.892188915026628,0.8921889150266279,0.8921889150266279,0.8921889150266283,1.2248731724466408,1.0,1.0,1.0,0.0,31420
0.8921889150266281,0.8921889150266283,0.8921889150266279,0.8921889150266283,0.892188915026628,0.8921889150266278,0.892188915026628,0.8921889150266279,0.8921889150266279,0.8921889150266283,0.4802199162879345,1.0,0.0,0.0,1.0,30965
0.8921889150266281,0.8921889150266283,0.8921889150266279,0.8921889150266283,0.892188915026628,0.8921889150266278,0.892188915026628,0.8921889150266279,0.8921889150266279,0.8921889150266283,0.8525465443672877,0.0,1.0,0.0,0.0,31140
0.8921889150266281,0.8921889150266283,0.8921889150266279,0.8921889150266283,0.892188915026628,0.8921889150266278,0.892188915026628,0.8921889150266279,0.8921889150266279,0.8921889150266283,1.2248731724466408,1.0,1.0,1.0,0.0,27600
0.8921889150266281,0.8921889150266283,0.8921889150266279,0.8921889150266283,0.892188915026628,0.8921889150266278,0.892188915026628,0.8921889150266279,0.8921889150266279,0.8921889150266283,0.4802199162879345,0.0,0.0,0.0,1.0,30250
0.8921889150266281,0.8921889150266283,0.8921889150266279,0.8921889150266283,0.892188915026628,0.8921889150266278,0.892188915026628,0.8921889150266279,0.8921889150266279,0.8921889150266283,0.8525465443672877,1.0,0.0,0.0,0.0,30610
0.8921889150266281,0.8921889150266283,0.8921889150266279,0.8921889150266283,0.892188915026628,0.8921889150266278,0.892188915026628,0.8921889150266279,0.8921889150266279,0.8921889150266283,0.4802199162879345,0.0,0.0,0.0,1.0,30575
0.8921889150266281,0.8921889150266283,0.8921889150266279,0.8921889150266283,0.892188915026628,0.8921889150266278,0.892188915026628,0.8921889150266279,0.8921889150266279,0.8921889150266283,1.2248731724466408,0.0,1.0,1.0,0.0,30075
0.8921889150266281,0.8921889150266283,0.8921889150266279,0.8921889150266283,0.892188915026628,0.8921889150266278,0.892188915026628,0.8921889150266279,0.8921889150266279,0.8921889150266283,0.8525465443672877,1.0,1.0,0.0,0.0,31605
0.8921889150266281,0.8921889150266283,0.8921889150266279,0.8921889150266283,0.892188915026628,0.8921889150266278,0.892188915026628,0.8921889150266279,0.8921889150266279,0.8921889150266283,1.2248731724466408,0.0,1.0,1.0,0.0,31065
0.8921889150266281,0.8921889150266283,0.8921889150266279,0.8921889150266283,0.892188915026628,0.8921889150266278,0.892188915026628,0.8921889150266279,0.8921889150266279,0.8921889150266283,0.4802199162879345,1.0,1.0,0.0,1.0,31135
0.8921889150266281,0.8921889150266283,0.8921889150266279,0.8921889150266283,0.892188915026628,0.8921889150266278,0.892188915026628,0.8921889150266279,0.8921889150266279,0.8921889150266283,0.8525465443672877,0.0,1.0,0.0,0.0,32080
0.8921889150266281,0.8921889150266283,0.8921889150266279,0.8921889150266283,0.892188915026628,0.8921889150266278,0.892188915026628,0.8921889150266279,0.8921889150266279,0.8921889150266283,1.2248731724466408,1.0,1.0,1.0,0.0,31135
0.8921889150266281,0.8921889150266283,0.8921889150266279,0.8921889150266283,0.892188915026628,0.8921889150266278,0.892188915026628,0.8921889150266279,0.8921889150266279,0.8921889150266283,0.4802199162879345,0.0,0.0,0.0,1.0,31810
0.8921889150266281,0.8921889150266283,0.8921889150266279,0.8921889150266283,0.892188915026628,0.8921889150266278,0.892188915026628,0.8921889150266279,0.8921889150266279,0.8921889150266283,0.8525465443672877,1.0,0.0,0.0,0.0,30885
0.8921889150266281,0.8921889150266283,0.8921889150266279,0.8921889150266283,0.892188915026628,0.8921889150266278,0.892188915026628,0.8921889150266279,0.8921889150266279,0.8921889150266283,0.4802199162879345,1.0,0.0,0.0,1.0,31430
0.8921889150266281,0.8921889150266283,0.8921889150266279,0.8921889150266283,0.892188915026628,0.8921889150266278,0.892188915026628,0.8921889150266279,0.8921889150266279,0.8921889150266283,1.2248731724466408,0.0,0.0,1.0,0.0,30755
0.8921889150266281,0.8921889150266283,0.8921889150266279,0.8921889150266283,0.892188915026628,0.8921889150266278,0.892188915026628,0.8921889150266279,0.8921889150266279,0.8921889150266283,0.8525465443672877,1.0,0.0,0.0,0.0,30945
0.8921889150266281,0.8921889150266283,0.8921889150266279,0.8921889150266283,0.892188915026628,0.8921889150266278,0.892188915026628,0.8921889150266279,0.8921889150266279,0.8921889150266283,1.2248731724466408,1.0,0.0,1.0,0.0,31815
0.8921889150266281,0.8921889150266283,0.8921889150266279,0.8921889150266283,0.892188915026628,0.8921889150266278,0.892188915026628,0.8921889150266279,0.8921889150266279,0.8921889150266283,0.4802199162879345,0.0,0.0,0.0,1.0,30460
0.8921889150266281,0.8921889150266283,0.8921889150266279,0.8921889150266283,0.892188915026628,0.8921889150266278,0.892188915026628,0.8921889150266279,0.8921889150266279,0.8921889150266283,0.8525465443672877,1.0,0.0,0.0,0.0,30960
0.8921889150266281,0.8921889150266283,0.8921889150266279,0.8921889150266283,0.892188915026628,0.8921889150266278,0.892188915026628,0.8921889150266279,0.8921889150266279,0.8921889150266283,1.2248731724466408,1.0,0.0,1.0,0.0,32020
0.8921889150266281,0.8921889150266283,0.8921889150266279,0.8921889150266283,0.892188915026628,0.8921889150266278,0.892188915026628,0.8921889150266279,0.8921889150266279,0.8921889150266283,0.4802199162879345,1.0,0.0,0.0,1.0,32090
0.8921889150266281,0.8921889150266283,0.8921889150266279,0.8921889150266283,0.892188915026628,0.8921889150266278,0.892188915026628,0.8921889150266279,0.8921889150266279,0.8921889150266283,0.8525465443672877,1.0,0.0,0.0,0.0,31780
0.8921889150266281,0.8921889150266283,0.8921889150266279,0.8921889150266283,0.892188915026628,0.8921889150266278,0.892188915026628,0.8921889150266279,0.8921889150266279,0.8921889150266283,0.4802199162879345,0.0,0.0,0.0,1.0,30795
0.8921889150266281,0.8921889150266283,0.8921889150266279,0.8921889150266283,0.892188915026628,0.8921889150266278,0.892188915026628,0.8921889150266279,0.8921889150266279,0.8921889150266283,1.2248731724466408,1.0,0.0,1.0,0.0,31045
0.8921889150266281,0.8921889150266283,0.8921889150266279,0.8921889150266283,0.892188915026628,0.8921889150266278,0.892188915026628,0.8921889150266279,0.8921889150266279,0.8921889150266283,1.2248731724466408,0.0,0.0,1.0,0.0,30575
0.8921889150266281,0.8921889150266283,0.8921889150266279,0.8921889150266283,0.892188915026628,0.8921889150266278,0.892188915026628,0.8921889150266279,0.8921889150266279,0.8921889150266283,1.2248731724466408,1.0,0.0,1.0,0.0,32155
0.8921889150266281,0.8921889150266283,0.8921889150266279,0.8921889150266283,0.892188915026628,0.8921889150266278,0.892188915026628,0.8921889150266279,0.8921889150266279,0.8921889150266283,1.2248731724466408,1.0,0.0,1.0,0.0,30355
0.8921889150266281,0.8921889150266283,0.8921889150266279,0.8921889150266283,0.892188915026628,0.8921889150266278,0.892188915026628,0.8921889150266279,0.8921889150266279,0.8921889150266283,0.8525465443672877,0.0,0.0,0.0,0.0,31625
0.8921889150266281,0.8921889150266283,0.8921889150266279,0.8921889150266283,0.892188915026628,0.8921889150266278,0.892188915026628,0.8921889150266279,0.8921889150266279,0.8921889150266283,1.2248731724466408,1.0,0.0,1.0,0.0,32345
0.8921889150266281,0.8921889150266283,0.8921889150266279,0.8921889150266283,0.892188915026628,0.8921889150266278,0.892188915026628,0.8921889150266279,0.8921889150266279,0.8921889150266283,1.2248731724466408,0.0,0.0,1.0,0.0,31400
0.8921889150266281,0.8921889150266283,0.8921889150266279,0.8921889150266283,0.892188915026628,0.8921889150266278,0.892188915026628,0.8921889150266279,0.8921889150266279,0.8921889150266283,1.2248731724466408,0.0,0.0,1.0,0.0,30540
0.8921889150266281,0.8921889150266283,0.8921889150266279,0.8921889150266283,0.892188915026628,0.8921889150266278,0.892188915026628,0.8921889150266279,0.8921889150266279,0.8921889150266283,0.4802199162879345,1.0,0.0,0.0,1.0,30905
0.8921889150266281,0.8921889150266283,0.8921889150266279,0.8921889150266283,0.892188915026628,0.8921889150266278,0.892188915026628,0.8921889150266279,0.8921889150266279,0.8921889150266283,0.4802199162879345,0.0,0.0,0.0,1.0,30805
0.8921889150266281,0.8921889150266283,0.8921889150266279,0.8921889150266283,0.892188915026628,0.8921889150266278,0.892188915026628,0.8921889150266279,0.8921889150266279,0.8921889150266283,0.4802199162879345,0.0,0.0,0.0,1.0,31535
0.8921889150266281,0.8921889150266283,0.8921889150266279,0.8921889150266283,0.892188915026628,0.8921889150266278,0.892188915026628,0.8921889150266279,0.8921889150266279,0.8921889150266283,1.2248731724466408,0.0,0.0,1.0,0.0,31555
0.8921889150266281,0.8921889150266283,0.8921889150266279,0.8921889150266283,0.892188915026628,0.8921889150266278,0.892188915026628,0.8921889150266279,0.8921889150266279,0.8921889150266283,0.4802199162879345,0.0,0.0,0.0,1.0,30545
0.8921889150266281,0.8921889150266283,0.8921889150266279,0.8921889150266283,0.892188915026628,0.8921889150266278,0.892188915026628,0.8921889150266279,0.8921889150266279,0.8921889150266283,0.8525465443672877,1.0,0.0,0.0,0.0,31920
0.8921889150266281,0.8921889150266283,0.8921889150266279,0.8921889150266283,0.892188915026628,0.8921889150266278,0.892188915026628,0.8921889150266279,0.8921889150266279,0.8921889150266283,0.4802199162879345,0.0,0.0,0.0,1.0,31035
0.8921889150266281,0.8921889150266283,0.8921889150266279,0.8921889150266283,0.892188915026628,0.8921889150266278,0.892188915026628,0.8921889150266279,0.8921889150266279,0.8921889150266283,0.4802199162879345,1.0,1.0,0.0,1.0,30805
0.8921889150266281,0.8921889150266283,0.8921889150266279,0.8921889150266283,0.892188915026628,0.8921889150266278,0.892188915026628,0.8921889150266279,0.8921889150266279,0.8921889150266283,0.8525465443672877,1.0,1.0,0.0,0.0,30285
0.8921889150266281,0.8921889150266283,0.8921889150266279,0.8921889150266283,0.892188915026628,0.8921889150266278,0.892188915026628,0.8921889150266279,0.8921889150266279,0.8921889150266283,1.2248731724466408,0.0,1.0,1.0,0.0,32050
0.8921889150266281,0.8921889150266283,0.8921889150266279,0.8921889150266283,0.892188915026628,0.8921889150266278,0.892188915026628,0.8921889150266279,0.8921889150266279,0.8921889150266283,0.4802199162879345,1.0,1.0,0.0,1.0,30855
0.8921889150266281,0.8921889150266283,0.8921889150266279,0.8921889150266283,0.892188915026628,0.8921889150266278,0.892188915026628,0.8921889150266279,0.8921889150266279,0.8921889150266283,0.8525465443672877,1.0,1.0,0.0,0.0,30250
0.8921889150266281,0.8921889150266283,0.8921889150266279,0.8921889150266283,0.892188915026628,0.8921889150266278,0.892188915026628,0.8921889150266279,0.8921889150266279,0.8921889150266283,1.2248731724466408,1.0,1.0,1.0,0.0,30610
0.8921889150266281,0.8921889150266283,0.8921889150266279,0.8921889150266283,0.892188915026628,0.8921889150266278,0.892188915026628,0.8921889150266279,0.8921889150266279,0.8921889150266283,0.4802199162879345,0.0,1.0,0.0,1.0,30075
0.8921889150266281,0.8921889150266283,0.8921889150266279,0.8921889150266283,0.892188915026628,0.8921889150266278,0.892188915026628,0.8921889150266279,0.8921889150266279,0.8921889150266283,0.8525465443672877,0.0,1.0,0.0,0.0,31065
0.8921889150266281,0.8921889150266283,0.8921889150266279,0.8921889150266283,0.892188915026628,0.8921889150266278,0.892188915026628,0.8921889150266279,0.8921889150266279,0.8921889150266283,0.4802199162879345,0.0,1.0,0.0,1.0,31135
0.8921889150266281,0.8921889150266283,0.8921889150266279,0.8921889150266283,0.892188915026628,0.8921889150266278,0.892188915026628,0.8921889150266279,0.8921889150266279,0.8921889150266283,1.2248731724466408,1.0,1.0,1.0,0.0,31810
0.8921889150266281,0.8921889150266283,0.8921889150266279,0.8921889150266283,0.892188915026628,0.8921889150266278,0.892188915026628,0.8921889150266279,0.8921889150266279,0.8921889150266283,0.8525465443672877,0.0,1.0,0.0,0.0,30755
0.8921889150266281,0.8921889150266283,0.8921889150266279,0.8921889150266283,0.892188915026628,0.8921889150266278,0.892188915026628,0.8921889150266279,0.8921889150266279,0.8921889150266283,1.2248731724466408,1.0,1.0,1.0,0.0,31815
0.8921889150266281,0.8921889150266283,0.8921889150266279,0.8921889150266283,0.892188915026628,0.8921889150266278,0.892188915026628,0.8921889150266279,0.8921889150266279,0.8921889150266283,0.4802199162879345,0.0,0.0,0.0,1.0,32090
0.8921889150266281,0.8921889150266283,0.8921889150266279,0.8921889150266283,0.892188915026628,0.8921889150266278,0.892188915026628,0.8921889150266279,0.8921889150266279,0.8921889150266283,0.8525465443672877,0.0,0.0,0.0,0.0,31045
0.8921889150266281,0.8921889150266283,0.8921889150266279,0.8921889150266283,0.892188915026628,0.8921889150266278,0.892188915026628,0.8921889150266279,0.8921889150266279,0.8921889150266283,1.2248731724466408,1.0,0.0,1.0,0.0,32155
0.8921889150266281,0.8921889150266283,0.8921889150266279,0.8921889150266283,0.892188915026628,0.8921889150266278,0.892188915026628,0.8921889150266279,0.8921889150266279,0.8921889150266283,0.4802199162879345,1.0,0.0,0.0,1.0,31400
0.8921889150266281,0.8921889150266283,0.8921889150266279,0.8921889150266283,0.892188915026628,0.8921889150266278,0.892188915026628,0.8921889150266279,0.8921889150266279,0.8921889150266283,0.8525465443672877,0.0,0.0,0.0,0.0,30805
0.8921889150266281,0.8921889150266283,0.8921889150266279,0.8921889150266283,0.892188915026628,0.8921889150266278,0.892188915026628,0.8921889150266279,0.8921889150266279,0.8921889150266283,0.4802199162879345,1.0,0.0,0.0,1.0,31555
0.8921889150266281,0.8921889150266283,0.8921889150266279,0.8921889150266283,0.892188915026628,0.8921889150266278,0.892188915026628,0.8921889150266279,0.8921889150266279,0.8921889150266283,1.2248731724466408,0.0,0.0,1.0,0.0,30250
0.8921889150266281,0.8921889150266283,0.8921889150266279,0.8921889150266283,0.892188915026628,0.8921889150266278,0.892188915026628,0.8921889150266279,0.8921889150266279,0.8921889150266283,0.8525465443672877,1.0,0.0,0.0,0.0,30610
0.8921889150266281,0.8921889150266283,0.8921889150266279,0.8921889150266283,0.892188915026628,0.8921889150266278,0.892188915026628,0.8921889150266279,0.8921889150266279,0.8921889150266283,1.2248731724466408,1.0,1.0,1.0,0.0,30575
0.8921889150266281,0.8921889150266283,0.8921889150266279,0.8921889150266283,0.892188915026628,0.8921889150266278,0.892188915026628,0.8921889150266279,0.8921889150266279,0.8921889150266283,0.4802199162879345,0.0,1.0,0.0,1.0,31605
0.8921889150266281,0.8921889150266283,0.8921889150266279,0.8921889150266283,0.892188915026628,0.8921889150266278,0.892188915026628,0.8921889150266279,0.8921889150266279,0.8921889150266283,0.8525465443672877,1.0,1.0,0.0,0.0,31135
0.8921889150266281,0.8921889150266283,0.8921889150266279,0.8921889150266283,0.892188915026628,0.8921889150266278,0.892188915026628,0.8921889150266279,0.8921889150266279,0.8921889150266283,1.2248731724466408,0.0,1.0,1.0,0.0,32080
0.8921889150266281,0.8921889150266283,0.8921889150266279,0.8921889150266283,0.892188915026628,0.8921889150266278,0.892188915026628,0.8921889150266279,0.8921889150266279,0.8921889150266283,0.4802199162879345,1.0,1.0,0.0,1.0,30885
0.8921889150266281,0.8921889150266283,0.8921889150266279,0.8921889150266283,0.892188915026628,0.8921889150266278,0.892188915026628,0.8921889150266279,0.8921889150266279,0.8921889150266283,0.8525465443672877,0.0,1.0,0.0,0.0,30945
0.8921889150266281,0.8921889150266283,0.8921889150266279,0.8921889150266283,0.892188915026628,0.8921889150266278,0.892188915026628,0.8921889150266279,0.8921889150266279,0.8921889150266283,0.4802199162879345,0.0,1.0,0.0,1.0,30460
0.8921889150266281,0.8921889150266283,0.8921889150266279,0.8921889150266283,0.892188915026628,0.8921889150266278,0.892188915026628,0.8921889150266279,0.8921889150266279,0.8921889150266283,1.2248731724466408,1.0,0.0,1.0,0.0,31780
0.8921889150266281,0.8921889150266283,0.8921889150266279,0.8921889150266283,0.892188915026628,0.8921889150266278,0.892188915026628,0.8921889150266279,0.8921889150266279,0.8921889150266283,1.2248731724466408,0.0,0.0,1.0,0.0,30575
0.8921889150266281,0.8921889150266283,0.8921889150266279,0.8921889150266283,0.892188915026628,0.8921889150266278,0.892188915026628,0.8921889150266279,0.8921889150266279,0.8921889150266283,1.2248731724466408,1.0,0.0,1.0,0.0,30355
0.8921889150266281,0.8921889150266283,0.8921889150266279,0.8921889150266283,0.892188915026628,0.8921889150266278,0.892188915026628,0.8921889150266279,0.8921889150266279,0.8921889150266283,1.2248731724466408,0.0,0.0,1.0,0.0,30540
0.8921889150266281,0.8921889150266283,0.8921889150266279,0.8921889150266283,0.892188915026628,0.8921889150266278,0.892188915026628,0.8921889150266279,0.8921889150266279,0.8921889150266283,0.8525465443672877,1.0,0.0,0.0,0.0,31535
0.8921889150266281,0.8921889150266283,0.8921889150266279,0.8921889150266283,0.892188915026628,0.8921889150266278,0.892188915026628,0.8921889150266279,0.8921889150266279,0.8921889150266283,1.2248731724466408,0.0,0.0,1.0,0.0,30545
0.8921889150266281,0.8921889150266283,0.8921889150266279,0.8921889150266283,0.892188915026628,0.8921889150266278,0.892188915026628,0.8921889150266279,0.8921889150266279,0.8921889150266283,1.2248731724466408,1.0,0.0,1.0,0.0,31625
0.8921889150266281,0.8921889150266283,0.8921889150266279,0.8921889150266283,0.892188915026628,0.8921889150266278,0.892188915026628,0.8921889150266279,0.8921889150266279,0.8921889150266283,1.2248731724466408,1.0,0.0,1.0,0.0,32345
0.8921889150266281,0.8921889150266283,0.8921889150266279,0.8921889150266283,0.892188915026628,0.8921889150266278,0.892188915026628,0.8921889150266279,0.8921889150266279,0.8921889150266283,0.4802199162879345,1.0,1.0,0.0,1.0,31400
0.8921889150266281,0.8921889150266283,0.8921889150266279,0.8921889150266283,0.892188915026628,0.8921889150266278,0.892188915026628,0.8921889150266279,0.8921889150266279,0.8921889150266283,0.4802199162879345,1.0,1.0,0.0,1.0,30905
0.8921889150266281,0.8921889150266283,0.8921889150266279,0.8921889150266283,0.892188915026628,0.8921889150266278,0.892188915026628,0.8921889150266279,0.8921889150266279,0.8921889150266283,0.4802199162879345,0.0,1.0,0.0,1.0,31535
0.8921889150266281,0.8921889150266283,0.8921889150266279,0.8921889150266283,0.892188915026628,0.8921889150266278,0.892188915026628,0.8921889150266279,0.8921889150266279,0.8921889150266283,1.2248731724466408,1.0,1.0,1.0,0.0,31555
0.8921889150266281,0.8921889150266283,0.8921889150266279,0.8921889150266283,0.892188915026628,0.8921889150266278,0.892188915026628,0.8921889150266279,0.8921889150266279,0.8921889150266283,0.4802199162879345,1.0,1.0,0.0,1.0,31035
0.8921889150266281,0.8921889150266283,0.8921889150266279,0.8921889150266283,0.892188915026628,0.8921889150266278,0.892188915026628,0.8921889150266279,0.8921889150266279,0.8921889150266283,0.8525465443672877,0.0,1.0,0.0,0.0,32050
0.8921889150266281,0.8921889150266283,0.8921889150266279,0.8921889150266283,0.892188915026628,0.8921889150266278,0.892188915026628,0.8921889150266279,0.8921889150266279,0.8921889150266283,0.4802199162879345,1.0,1.0,0.0,1.0,30250
0.8921889150266281,0.8921889150266283,0.8921889150266279,0.8921889150266283,0.892188915026628,0.8921889150266278,0.892188915026628,0.8921889150266279,0.8921889150266279,0.8921889150266283,0.4802199162879345,1.0,1.0,0.0,1.0,31135
0.8921889150266281,0.8921889150266283,0.8921889150266279,0.8921889150266283,0.892188915026628,0.8921889150266278,0.892188915026628,0.8921889150266279,0.8921889150266279,0.8921889150266283,0.8525465443672877,0.0,1.0,0.0,0.0,31815
0.8921889150266281,0.8921889150266283,0.8921889150266279,0.8921889150266283,0.892188915026628,0.8921889150266278,0.892188915026628,0.8921889150266279,0.8921889150266279,0.8921889150266283,1.2248731724466408,1.0,1.0,1.0,0.0,31045
0.8921889150266281,0.8921889150266283,0.8921889150266279,0.8921889150266283,0.892188915026628,0.8921889150266278,0.892188915026628,0.8921889150266279,0.8921889150266279,0.8921889150266283,0.4802199162879345,1.0,1.0,0.0,1.0,31555
0.8921889150266281,0.8921889150266283,0.8921889150266279,0.8921889150266283,0.892188915026628,0.8921889150266278,0.892188915026628,0.8921889150266279,0.8921889150266279,0.8921889150266283,0.8525465443672877,1.0,1.0,0.0,0.0,30575
0.8921889150266281,0.8921889150266283,0.8921889150266279,0.8921889150266283,0.892188915026628,0.8921889150266278,0.892188915026628,0.8921889150266279,0.8921889150266279,0.8921889150266283,1.2248731724466408,0.0,0.0,1.0,0.0,31135
0.8921889150266281,0.8921889150266283,0.8921889150266279,0.8921889150266283,0.892188915026628,0.8921889150266278,0.892188915026628,0.8921889150266279,0.8921889150266279,0.8921889150266283,0.4802199162879345,1.0,0.0,0.0,1.0,31625
0.8921889150266281,0.8921889150266283,0.8921889150266279,0.8921889150266283,0.892188915026628,0.8921889150266278,0.892188915026628,0.8921889150266279,0.8921889150266279,0.8921889150266283,0.8525465443672877,1.0,0.0,0.0,0.0,32345
0.8921889150266281,0.8921889150266283,0.8921889150266279,0.8921889150266283,0.892188915026628,0.8921889150266278,0.892188915026628,0.8921889150266279,0.8921889150266279,0.8921889150266283,0.4802199162879345,0.0,0.0,0.0,1.0,31400
0.8921889150266281,0.8921889150266283,0.8921889150266279,0.8921889150266283,0.892188915026628,0.8921889150266278,0.892188915026628,0.8921889150266279,0.8921889150266279,0.8921889150266283,1.2248731724466408,0.0,0.0,1.0,0.0,30905
0.8921889150266281,0.8921889150266283,0.8921889150266279,0.8921889150266283,0.892188915026628,0.8921889150266278,0.892188915026628,0.8921889150266279,0.8921889150266279,0.8921889150266283,0.8525465443672877,0.0,0.0,0.0,0.0,31535
0.8921889150266281,0.8921889150266283,0.8921889150266279,0.8921889150266283,0.892188915026628,0.8921889150266278,0.892188915026628,0.8921889150266279,0.8921889150266279,0.8921889150266283,1.2248731724466408,0.0,0.0,1.0,0.0,31555
0.8921889150266281,0.8921889150266283,0.8921889150266279,0.8921889150266283,0.892188915026628,0.8921889150266278,0.892188915026628,0.8921889150266279,0.8921889150266279,0.8921889150266283,0.4802199162879345,0.0,1.0,0.0,1.0,31035
0.8921889150266281,0.8921889150266283,0.8921889150266279,0.8921889150266283,0.892188915026628,0.8921889150266278,0.892188915026628,0.8921889150266279,0.8921889150266279,0.8921889150266283,0.8525465443672877,0.0,1.0,0.0,0.0,32050
0.8921889150266281,0.8921889150266283,0.8921889150266279,0.8921889150266283,0.892188915026628,0.8921889150266278,0.892188915026628,0.8921889150266279,0.8921889150266279,0.8921889150266283,1.2248731724466408,0.0,1.0,1.0,0.0,30250
0.8921889150266281,0.8921889150266283,0.8921889150266279,0.8921889150266283,0.892188915026628,0.8921889150266278,0.892188915026628,0.8921889150266279,0.8921889150266279,0.8921889150266283,0.4802199162879345,1.0,1.0,0.0,1.0,31135
0.8921889150266281,0.8921889150266283,0.8921889150266279,0.8921889150266283,0.892188915026628,0.8921889150266278,0.892188915026628,0.8921889150266279,0.8921889150266279,0.8921889150266283,0.8525465443672877,1.0,1.0,0.0,0.0,31815
0.8921889150266281,0.8921889150266283,0.8921889150266279,0.8921889150266283,0.892188915026628,0.8921889150266278,0.892188915026628,0.8921889150266279,0.8921889150266279,0.8921889150266283,0.4802199162879345,1.0,1.0,0.0,1.0,31045
0.8921889150266281,0.8921889150266283,0.8921889150266279,0.8921889150266283,0.892188915026628,0.8921889150266278,0.892188915026628,0.8921889150266279,0.8921889150266279,0.8921889150266283,1.2248731724466408,1.0,0.0,1.0,0.0,31555
0.8921889150266281,0.8921889150266283,0.8921889150266279,0.8921889150266283,0.892188915026628,0.8921889150266278,0.892188915026628,0.8921889150266279,0.8921889150266279,0.8921889150266283,0.8525465443672877,1.0,0.0,0.0,0.0,30575
0.8921889150266281,0.8921889150266283,0.8921889150266279,0.8921889150266283,0.892188915026628,0.8921889150266278,0.892188915026628,0.8921889150266279,0.8921889150266279,0.8921889150266283,1.2248731724466408,1.0,0.0,1.0,0.0,31135
0.8921889150266281,0.8921889150266283,0.8921889150266279,0.8921889150266283,0.892188915026628,0.8921889150266278,0.892188915026628,0.8921889150266279,0.8921889150266279,0.8921889150266283,0.4802199162879345,1.0,0.0,0.0,1.0,31625
0.8921889150266281,0.8921889150266283,0.8921889150266279,0.8921889150266283,0.892188915026628,0.8921889150266278,0.892188915026628,0.8921889150266279,0.8921889150266279,0.8921889150266283,0.8525465443672877,1.0,0.0,0.0,0.0,32345
0.8921889150266281,0.8921889150266283,0.8921889150266279,0.8921889150266283,0.892188915026628,0.8921889150266278,0.892188915026628,0.8921889150266279,0.8921889150266279,0.8921889150266283,1.2248731724466408,0.0,1.0,1.0,0.0,31400
0.8921889150266281,0.8921889150266283,0.8921889150266279,0.8921889150266283,0.892188915026628,0.8921889150266278,0.892188915026628,0.8921889150266279,0.8921889150266279,0.8921889150266283,0.4802199162879345,0.0,1.0,0.0,1.0,30905
0.8921889150266281,0.8921889150266283,0.8921889150266279,0.8921889150266283,0.892188915026628,0.8921889150266278,0.892188915026628,0.8921889150266279,0.8921889150266279,0.8921889150266283,0.8525465443672877,0.0,1.0,0.0,0.0,31535
0.8921889150266281,0.8921889150266283,0.8921889150266279,0.8921889150266283,0.892188915026628,0.8921889150266278,0.892188915026628,0.8921889150266279,0.8921889150266279,0.8921889150266283,0.4802199162879345,0.0,1.0,0.0,1.0,31555
0.8921889150266281,0.8921889150266283,0.8921889150266279,0.8921889150266283,0.892188915026628,0.8921889150266278,0.892188915026628,0.8921889150266279,0.8921889150266279,0.8921889150266283,1.2248731724466408,1.0,1.0,1.0,0.0,31035
0.8921889150266281,0.8921889150266283,0.8921889150266279,0.8921889150266283,0.892188915026628,0.8921889150266278,0.892188915026628,0.8921889150266279,0.8921889150266279,0.8921889150266283,1.2248731724466408,0.0,0.0,1.0,0.0,32050
0.8921889150266281,0.8921889150266283,0.8921889150266279,0.8921889150266283,0.892188915026628,0.8921889150266278,0.892188915026628,0.8921889150266279,0.8921889150266279,0.8921889150266283,1.2248731724466408,0.0,0.0,1.0,0.0,30250
0.8921889150266281,0.8921889150266283,0.8921889150266279,0.8921889150266283,0.892188915026628,0.8921889150266278,0.892188915026628,0.8921889150266279,0.8921889150266279,0.8921889150266283,1.2248731724466408,0.0,0.0,1.0,0.0,31135
0.8921889150266281,0.8921889150266283,0.8921889150266279,0.8921889150266283,0.892188915026628,0.8921889150266278,0.892188915026628,0.8921889150266279,0.8921889150266279,0.8921889150266283,0.8525465443672877,1.0,0.0,0.0,0.0,31815
0.8921889150266281,0.8921889150266283,0.8921889150266279,0.8921889150266283,0.892188915026628,0.8921889150266278,0.892188915026628,0.8921889150266279,0.8921889150266279,0.8921889150266283,1.2248731724466408,1.0,0.0,1.0,0.0,31045
0.8921889150266281,0.8921889150266283,0.8921889150266279,0.8921889150266283,0.892188915026628,0.8921889150266278,0.892188915026628,0.8921889150266279,0.8921889150266279,0.8921889150266283,1.2248731724466408,1.0,0.0,1.0,0.0,31555
0.8921889150266281,0.8921889150266283,0.8921889150266279,0.8921889150266283,0.892188915026628,0.8921889150266278,0.892188915026628,0.8921889150266279,0.8921889150266279,0.8921889150266283,1.2248731724466408,1.0,0.0,1.0,0.0,30575
0.8921889150266281,0.8921889150266283,0.8921889150266279,0.8921889150266283,0.892188915026628,0.8921889150266278,0.892188915026628,0.8921889150266279,0.8921889150266279,0.8921889150266283,0.4802199162879345,1.0,0.0,0.0,1.0,31135
0.8921889150266281,0.8921889150266283,0.8921889150266279,0.8921889150266283,0.892188915026628,0.8921889150266278,0.892188915026628,0.8921889150266279,0.8921889150266279,0.8921889150266283,0.4802199162879345,1.0,0.0,0.0,1.0,31625
0.8921889150266281,0.8921889150266283,0.8921889150266279,0.8921889150266283,0.892188915026628,0.8921889150266278,0.892188915026628,0.8921889150266279,0.8921889150266279,0.8921889150266283,0.4802199162879345,1.0,1.0,0.0,1.0,32345
0.8921889150266281,0.8921889150266283,0.8921889150266279,0.8921889150266283,0.892188915026628,0.8921889150266278,0.892188915026628,0.8921889150266279,0.8921889150266279,0.8921889150266283,1.2248731724466408,0.0,1.0,1.0,0.0,31400
0.8921889150266281,0.8921889150266283,0.8921889150266279,0.8921889150266283,0.892188915026628,0.8921889150266278,0.892188915026628,0.8921889150266279,0.8921889150266279,0.8921889150266283,0.4802199162879345,1.0,1.0,0.0,1.0,30905
0.8921889150266281,0.8921889150266283,0.8921889150266279,0.8921889150266283,0.892188915026628,0.8921889150266278,0.892188915026628,0.8921889150266279,0.8921889150266279,0.8921889150266283,0.8525465443672877,0.0,1.0,0.0,0.0,31535
0.8921889150266281,0.8921889150266283,0.8921889150266279,0.8921889150266283,0.892188915026628,0.8921889150266278,0.892188915026628,0.8921889150266279,0.8921889150266279,0.8921889150266283,0.4802199162879345,1.0,1.0,0.0,1.0,31555
0.8921889150266281,0.8921889150266283,0.8921889150266279,0.8921889150266283,0.892188915026628,0.8921889150266278,0.892188915026628,0.8921889150266279,0.8921889150266279,0.8921889150266283,0.4802199162879345,0.0,1.0,0.0,1.0,31035
0.8921889150266281,0.8921889150266283,0.8921889150266279,0.8921889150266283,0.892188915026628,0.8921889150266278,0.892188915026628,0.8921889150266279,0.8921889150266279,0.8921889150266283,0.8525465443672877,0.0,0.0,0.0,0.0,32050
0.8921889150266281,0.8921889150266283,0.8921889150266279,0.8921889150266283,0.892188915026628,0.8921889150266278,0.892188915026628,0.8921889150266279,0.8921889150266279,0.8921889150266283,1.2248731724466408,1.0,0.0,1.0,0.0,30250
0.8921889150266281,0.8921889150266283,0.8921889150266279,0.8921889150266283,0.892188915026628,0.8921889150266278,0.892188915026628,0.8921889150266279,0.8921889150266279,0.8921889150266283,0.4802199162879345,0.0,0.0,0.0,1.0,31135
0.8921889150266281,0.8921889150266283,0.8921889150266279,0.8921889150266283,0.892188915026628,0.8921889150266278,0.892188915026628,0.8921889150266279,0.8921889150266279,0.8921889150266283,0.8525465443672877,1.0,0.0,0.0,0.0,31815
0.8921889150266281,0.8921889150266283,0.8921889150266279,0.8921889150266283,0.892188915026628,0.8921889150266278,0.892188915026628,0.8921889150266279,0.8921889150266279,0.8921889150266283,1.2248731724466408,0.0,0.0,1.0,0.0,31045
0.8921889150266281,0.8921889150266283,0.8921889150266279,0.8921889150266283,0.892188915026628,0.8921889150266278,0.892188915026628,0.8921889150266279,0.8921889150266279,0.8921889150266283,0.4802199162879345,1.0,0.0,0.0,1.0,31555
0.8921889150266281,0.8921889150266283,0.8921889150266279,0.8921889150266283,0.892188915026628,0.8921889150266278,0.892188915026628,0.8921889150266279,0.8921889150266279,0.8921889150266283,0.8525465443672877,0.0,0.0,0.0,0.0,30575
0.8921889150266281,0.8921889150266283,0.8921889150266279,0.8921889150266283,0.892188915026628,0.8921889150266278,0.892188915026628,0.8921889150266279,0.8921889150266279,0.8921889150266283,0.4802199162879345,1.0,0.0,0.0,1.0,31135
0.8921889150266281,0.8921889150266283,0.8921889150266279,0.8921889150266283,0.892188915026628,0.8921889150266278,0.892188915026628,0.8921889150266279,0.8921889150266279,0.8921889150266283,1.2248731724466408,1.0,0.0,1.0,0.0,31625
0.8921889150266281,0.8921889150266283,0.8921889150266279,0.8921889150266283,0.892188915026628,0.8921889150266278,0.892188915026628,0.8921889150266279,0.8921889150266279,0.8921889150266283,0.8525465443672877,0.0,0.0,0.0,0.0,32345
0.8921889150266281,0.8921889150266283,0.8921889150266279,0.8921889150266283,0.892188915026628,0.8921889150266278,0.892188915026628,0.8921889150266279,0.8921889150266279,0.8921889150266283,1.2248731724466408,1.0,0.0,1.0,0.0,31400
0.8921889150266281,0.8921889150266283,0.8921889150266279,0.8921889150266283,0.892188915026628,0.8921889150266278,0.892188915026628,0.8921889150266279,0.8921889150266279,0.8921889150266283,0.4802199162879345,1.0,0.0,0.0,1.0,30905
0.8921889150266281,0.8921889150266283,0.8921889150266279,0.8921889150266283,0.892188915026628,0.8921889150266278,0.892188915026628,0.8921889150266279,0.8921889150266279,0.8921889150266283,0.8525465443672877,0.0,1.0,0.0,0.0,31535
0.8921889150266281,0.8921889150266283,0.8921889150266279,0.8921889150266283,0.892188915026628,0.8921889150266278,0.892188915026628,0.8921889150266279,0.8921889150266279,0.8921889150266283,1.2248731724466408,1.0,1.0,1.0,0.0,31555
0.8921889150266281,0.8921889150266283,0.8921889150266279,0.8921889150266283,0.892188915026628,0.8921889150266278,0.892188915026628,0.8921889150266279,0.8921889150266279,0.8921889150266283,0.4802199162879345,1.0,1.0,0.0,1.0,31035
0.8921889150266281,0.8921889150266283,0.8921889150266279,0.8921889150266283,0.892188915026628,0.8921889150266278,0.892188915026628,0.8921889150266279,0.8921889150266279,0.8921889150266283,0.8525465443672877,1.0,1.0,0.0,0.0,32050
0.8921889150266281,0.8921889150266283,0.8921889150266279,0.8921889150266283,0.892188915026628,0.8921889150266278,0.892188915026628,0.8921889150266279,0.8921889150266279,0.8921889150266283,0.4802199162879345,1.0,1.0,0.0,1.0,30250
0.8921889150266281,0.8921889150266283,0.8921889150266279,0.8921889150266283,0.892188915026628,0.8921889150266278,0.892188915026628,0.8921889150266279,0.8921889150266279,0.8921889150266283,1.2248731724466408,0.0,1.0,1.0,0.0,31135
0.8921889150266281,0.8921889150266283,0.8921889150266279,0.8921889150266283,0.892188915026628,0.8921889150266278,0.892188915026628,0.8921889150266279,0.8921889150266279,0.8921889150266283,0.8525465443672877,1.0,1.0,0.0,0.0,31815
0.8921889150266281,0.8921889150266283,0.8921889150266279,0.8921889150266283,0.892188915026628,0.8921889150266278,0.892188915026628,0.8921889150266279,0.8921889150266279,0.8921889150266283,1.2248731724466408,0.0,1.0,1.0,0.0,31045
0.8921889150266281,0.8921889150266283,0.8921889150266279,0.8921889150266283,0.892188915026628,0.8921889150266278,0.892188915026628,0.8921889150266279,0.8921889150266279,0.8921889150266283,0.4802199162879345,1.0,1.0,0.0,1.0,31555
0.8921889150266281,0.8921889150266283,0.8921889150266279,0.8921889150266283,0.892188915026628,0.8921889150266278,0.892188915026628,0.8921889150266279,0.8921889150266279,0.8921889150266283,0.8525465443672877,1.0,1.0,0.0,0.0,30575
0.8921889150266281,0.8921889150266283,0.8921889150266279,0.8921889150266283,0.892188915026628,0.8921889150266278,0.892188915026628,0.8921889150266279,0.8921889150266279,0.8921889150266283,1.2248731724466408,0.0,1.0,1.0,0.0,31135
0.8921889150266281,0.8921889150266283,0.8921889150266279,0.8921889150266283,0.892188915026628,0.8921889150266278,0.892188915026628,0.8921889150266279,0.8921889150266279,0.8921889150266283,0.4802199162879345,1.0,1.0,0.0,1.0,30100
0.8921889150266281,0.8921889150266283,0.8921889150266279,0.8921889150266283,0.892188915026628,0.8921889150266278,0.892188915026628,0.8921889150266279,0.8921889150266279,0.8921889150266283,0.8525465443672877,0.0,1.0,0.0,0.0,32085
0.8921889150266281,0.8921889150266283,0.8921889150266279,0.8921889150266283,0.892188915026628,0.8921889150266278,0.892188915026628,0.8921889150266279,0.8921889150266279,0.8921889150266283,0.4802199162879345,0.0,0.0,0.0,1.0,31980
0.8921889150266281,0.8921889150266283,0.8921889150266279,0.8921889150266283,0.892188915026628,0.8921889150266278,0.892188915026628,0.8921889150266279,0.8921889150266279,0.8921889150266283,1.2248731724466408,1.0,0.0,1.0,0.0,31555
0.8921889150266281,0.8921889150266283,0.8921889150266279,0.8921889150266283,0.892188915026628,0.8921889150266278,0.892188915026628,0.8921889150266279,0.8921889150266279,0.8921889150266283,1.2248731724466408,0.0,0.0,1.0,0.0,30405
0.8921889150266281,0.8921889150266283,0.8921889150266279,0.8921889150266283,0.892188915026628,0.8921889150266278,0.892188915026628,0.8921889150266279,0.8921889150266279,0.8921889150266283,1.2248731724466408,0.0,0.0,1.0,0.0,31420
0.8921889150266281,0.8921889150266283,0.8921889150266279,0.8921889150266283,0.892188915026628,0.8921889150266278,0.892188915026628,0.8921889150266279,0.8921889150266279,0.8921889150266283,1.2248731724466408,0.0,0.0,1.0,0.0,30965
0.8921889150266281,0.8921889150266283,0.8921889150266279,0.8921889150266283,0.892188915026628,0.8921889150266278,0.892188915026628,0.8921889150266279,0.8921889150266279,0.8921889150266283,0.8525465443672877,0.0,0.0,0.0,0.0,31140
0.8921889150266281,0.8921889150266283,0.8921889150266279,0.8921889150266283,0.892188915026628,0.8921889150266278,0.892188915026628,0.8921889150266279,0.8921889150266279,0.8921889150266283,1.2248731724466408,1.0,0.0,1.0,0.0,29580
0.8921889150266281,0.8921889150266283,0.8921889150266279,0.8921889150266283,0.892188915026628,0.8921889150266278,0.892188915026628,0.8921889150266279,0.8921889150266279,0.8921889150266283,1.2248731724466408,0.0,0.0,1.0,0.0,29365
0.8921889150266281,0.8921889150266283,0.8921889150266279,0.8921889150266283,0.892188915026628,0.8921889150266278,0.892188915026628,0.8921889150266279,0.8921889150266279,0.8921889150266283,1.2248731724466408,1.0,1.0,1.0,0.0,29180
0.8921889150266281,0.8921889150266283,0.8921889150266279,0.8921889150266283,0.892188915026628,0.8921889150266278,0.892188915026628,0.8921889150266279,0.8921889150266279,0.8921889150266283,0.4802199162879345,1.0,1.0,0.0,1.0,30250
0.8921889150266281,0.8921889150266283,0.8921889150266279,0.8921889150266283,0.892188915026628,0.8921889150266278,0.892188915026628,0.8921889150266279,0.8921889150266279,0.8921889150266283,0.4802199162879345,0.0,1.0,0.0,1.0,30610
0.8921889150266281,0.8921889150266283,0.8921889150266279,0.8921889150266283,0.892188915026628,0.8921889150266278,0.892188915026628,0.8921889150266279,0.8921889150266279,0.8921889150266283,0.4802199162879345,1.0,1.0,0.0,1.0,30575
0.8921889150266281,0.8921889150266283,0.8921889150266279,0.8921889150266283,0.892188915026628,0.8921889150266278,0.892188915026628,0.8921889150266279,0.8921889150266279,0.8921889150266283,1.2248731724466408,1.0,1.0,1.0,0.0,30075
0.8921889150266281,0.8921889150266283,0.8921889150266279,0.8921889150266283,0.892188915026628,0.8921889150266278,0.892188915026628,0.8921889150266279,0.8921889150266279,0.8921889150266283,0.4802199162879345,1.0,1.0,0.0,1.0,31605
0.8921889150266281,0.8921889150266283,0.8921889150266279,0.8921889150266283,0.892188915026628,0.8921889150266278,0.892188915026628,0.8921889150266279,0.8921889150266279,0.8921889150266283,0.8525465443672877,0.0,1.0,0.0,0.0,31065
0.8921889150266281,0.8921889150266283,0.8921889150266279,0.8921889150266283,0.892188915026628,0.8921889150266278,0.892188915026628,0.8921889150266279,0.8921889150266279,0.8921889150266283,0.4802199162879345,0.0,1.0,0.0,1.0,31135
0.8921889150266281,0.8921889150266283,0.8921889150266279,0.8921889150266283,0.892188915026628,0.8921889150266278,0.892188915026628,0.8921889150266279,0.8921889150266279,0.8921889150266283,0.4802199162879345,0.0,1.0,0.0,1.0,32080
0.1965459505286506,0.196545950528651,0.1965459505286503,0.1965459505286507,0.1965459505286505,0.1965459505286501,0.1965459505286505,0.1965459505286503,0.1965459505286504,0.1965459505286507,0.1823586138244519,1.0,1.0,0.0,0.0,24908
0.1965459505286506,0.196545950528651,0.1965459505286503,0.1965459505286507,0.1965459505286505,0.1965459505286501,0.1965459505286505,0.1965459505286503,0.1965459505286504,0.1965459505286507,0.4802199162879345,0.0,1.0,1.0,0.0,25448
0.1965459505286506,0.196545950528651,0.1965459505286503,0.1965459505286507,0.1965459505286505,0.1965459505286501,0.1965459505286505,0.1965459505286503,0.1965459505286504,0.1965459505286507,-0.1155026886390306,1.0,1.0,0.0,1.0,24708
0.1965459505286506,0.196545950528651,0.1965459505286503,0.1965459505286507,0.1965459505286505,0.1965459505286501,0.1965459505286505,0.1965459505286503,0.1965459505286504,0.1965459505286507,0.1823586138244519,0.0,0.0,0.0,0.0,25144
0.1965459505286506,0.196545950528651,0.1965459505286503,0.1965459505286507,0.1965459505286505,0.1965459505286501,0.1965459505286505,0.1965459505286503,0.1965459505286504,0.1965459505286507,0.4802199162879345,0.0,0.0,1.0,0.0,24604
0.1965459505286506,0.196545950528651,0.1965459505286503,0.1965459505286507,0.1965459505286505,0.1965459505286501,0.1965459505286505,0.1965459505286503,0.1965459505286504,0.1965459505286507,-0.1155026886390306,1.0,0.0,0.0,1.0,24756
0.1965459505286506,0.196545950528651,0.1965459505286503,0.1965459505286507,0.1965459505286505,0.1965459505286501,0.1965459505286505,0.1965459505286503,0.1965459505286504,0.1965459505286507,0.1823586138244519,1.0,0.0,0.0,0.0,25452
0.1965459505286506,0.196545950528651,0.1965459505286503,0.1965459505286507,0.1965459505286505,0.1965459505286501,0.1965459505286505,0.1965459505286503,0.1965459505286504,0.1965459505286507,-0.1155026886390306,0.0,0.0,0.0,1.0,24368
0.1965459505286506,0.196545950528651,0.1965459505286503,0.1965459505286507,0.1965459505286505,0.1965459505286501,0.1965459505286505,0.1965459505286503,0.1965459505286504,0.1965459505286507,0.4802199162879345,1.0,0.0,1.0,0.0,24768
0.1965459505286506,0.196545950528651,0.1965459505286503,0.1965459505286507,0.1965459505286505,0.1965459505286501,0.1965459505286505,0.1965459505286503,0.1965459505286504,0.1965459505286507,0.1823586138244519,0.0,0.0,0.0,0.0,25616
0.1965459505286506,0.196545950528651,0.1965459505286503,0.1965459505286507,0.1965459505286505,0.1965459505286501,0.1965459505286505,0.1965459505286503,0.1965459505286504,0.1965459505286507,0.4802199162879345,1.0,0.0,1.0,0.0,25672
0.1965459505286506,0.196545950528651,0.1965459505286503,0.1965459505286507,0.1965459505286505,0.1965459505286501,0.1965459505286505,0.1965459505286503,0.1965459505286504,0.1965459505286507,-0.1155026886390306,1.0,0.0,0.0,1.0,25424
0.1965459505286506,0.196545950528651,0.1965459505286503,0.1965459505286507,0.1965459505286505,0.1965459505286501,0.1965459505286505,0.1965459505286503,0.1965459505286504,0.1965459505286507,0.1823586138244519,0.0,0.0,0.0,0.0,24636
0.1965459505286506,0.196545950528651,0.1965459505286503,0.1965459505286507,0.1965459505286505,0.1965459505286501,0.1965459505286505,0.1965459505286503,0.1965459505286504,0.1965459505286507,0.4802199162879345,1.0,0.0,1.0,0.0,24836
0.1965459505286506,0.196545950528651,0.1965459505286503,0.1965459505286507,0.1965459505286505,0.1965459505286501,0.1965459505286505,0.1965459505286503,0.1965459505286504,0.1965459505286507,-0.1155026886390306,0.0,0.0,0.0,1.0,24460
0.1965459505286506,0.196545950528651,0.1965459505286503,0.1965459505286507,0.1965459505286505,0.1965459505286501,0.1965459505286505,0.1965459505286503,0.1965459505286504,0.1965459505286507,0.1823586138244519,1.0,0.0,0.0,0.0,25724
0.1965459505286506,0.196545950528651,0.1965459505286503,0.1965459505286507,0.1965459505286505,0.1965459505286501,0.1965459505286505,0.1965459505286503,0.1965459505286504,0.1965459505286507,-0.1155026886390306,0.0,0.0,0.0,1.0,24284
0.1965459505286506,0.196545950528651,0.1965459505286503,0.1965459505286507,0.1965459505286505,0.1965459505286501,0.1965459505286505,0.1965459505286503,0.1965459505286504,0.1965459505286507,0.4802199162879345,0.0,0.0,1.0,0.0,25300
0.1965459505286506,0.196545950528651,0.1965459505286503,0.1965459505286507,0.1965459505286505,0.1965459505286501,0.1965459505286505,0.1965459505286503,0.1965459505286504,0.1965459505286507,0.1823586138244519,1.0,1.0,0.0,0.0,25876
0.1965459505286506,0.196545950528651,0.1965459505286503,0.1965459505286507,0.1965459505286505,0.1965459505286501,0.1965459505286505,0.1965459505286503,0.1965459505286504,0.1965459505286507,0.4802199162879345,0.0,1.0,1.0,0.0,25120
0.1965459505286506,0.196545950528651,0.1965459505286503,0.1965459505286507,0.1965459505286505,0.1965459505286501,0.1965459505286505,0.1965459505286503,0.1965459505286504,0.1965459505286507,-0.1155026886390306,1.0,1.0,0.0,1.0,24432
0.1965459505286506,0.196545950528651,0.1965459505286503,0.1965459505286507,0.1965459505286505,0.1965459505286501,0.1965459505286505,0.1965459505286503,0.1965459505286504,0.1965459505286507,0.1823586138244519,0.0,1.0,0.0,0.0,24724
0.1965459505286506,0.196545950528651,0.1965459505286503,0.1965459505286507,0.1965459505286505,0.1965459505286501,0.1965459505286505,0.1965459505286503,0.1965459505286504,0.1965459505286507,0.4802199162879345,1.0,1.0,1.0,0.0,24644
0.1965459505286506,0.196545950528651,0.1965459505286503,0.1965459505286507,0.1965459505286505,0.1965459505286501,0.1965459505286505,0.1965459505286503,0.1965459505286504,0.1965459505286507,-0.1155026886390306,0.0,1.0,0.0,1.0,25228
0.1965459505286506,0.196545950528651,0.1965459505286503,0.1965459505286507,0.1965459505286505,0.1965459505286501,0.1965459505286505,0.1965459505286503,0.1965459505286504,0.1965459505286507,0.1823586138244519,1.0,1.0,0.0,0.0,25244
0.1965459505286506,0.196545950528651,0.1965459505286503,0.1965459505286507,0.1965459505286505,0.1965459505286501,0.1965459505286505,0.1965459505286503,0.1965459505286504,0.1965459505286507,-0.1155026886390306,1.0,1.0,0.0,1.0,24436
0.1965459505286506,0.196545950528651,0.1965459505286503,0.1965459505286507,0.1965459505286505,0.1965459505286501,0.1965459505286505,0.1965459505286503,0.1965459505286504,0.1965459505286507,0.4802199162879345,1.0,1.0,1.0,0.0,25536
0.1965459505286506,0.196545950528651,0.1965459505286503,0.1965459505286507,0.1965459505286505,0.1965459505286501,0.1965459505286505,0.1965459505286503,0.1965459505286504,0.1965459505286507,0.4802199162879345,1.0,1.0,1.0,0.0,24828
0.1965459505286506,0.196545950528651,0.1965459505286503,0.1965459505286507,0.1965459505286505,0.1965459505286501,0.1965459505286505,0.1965459505286503,0.1965459505286504,0.1965459505286507,0.4802199162879345,0.0,1.0,1.0,0.0,24644
0.1965459505286506,0.196545950528651,0.1965459505286503,0.1965459505286507,0.1965459505286505,0.1965459505286501,0.1965459505286505,0.1965459505286503,0.1965459505286504,0.1965459505286507,0.4802199162879345,1.0,1.0,1.0,0.0,24228
0.1965459505286506,0.196545950528651,0.1965459505286503,0.1965459505286507,0.1965459505286505,0.1965459505286501,0.1965459505286505,0.1965459505286503,0.1965459505286504,0.1965459505286507,0.1823586138244519,1.0,1.0,0.0,0.0,25640
0.1965459505286506,0.196545950528651,0.1965459505286503,0.1965459505286507,0.1965459505286505,0.1965459505286501,0.1965459505286505,0.1965459505286503,0.1965459505286504,0.1965459505286507,0.4802199162879345,0.0,1.0,1.0,0.0,24684
0.1965459505286506,0.196545950528651,0.1965459505286503,0.1965459505286507,0.1965459505286505,0.1965459505286501,0.1965459505286505,0.1965459505286503,0.1965459505286504,0.1965459505286507,0.4802199162879345,1.0,1.0,1.0,0.0,24200
0.1965459505286506,0.196545950528651,0.1965459505286503,0.1965459505286507,0.1965459505286505,0.1965459505286501,0.1965459505286505,0.1965459505286503,0.1965459505286504,0.1965459505286507,0.4802199162879345,1.0,1.0,1.0,0.0,24488
0.1965459505286506,0.196545950528651,0.1965459505286503,0.1965459505286507,0.1965459505286505,0.1965459505286501,0.1965459505286505,0.1965459505286503,0.1965459505286504,0.1965459505286507,-0.1155026886390306,0.0,1.0,0.0,1.0,24060
0.1965459505286506,0.196545950528651,0.1965459505286503,0.1965459505286507,0.1965459505286505,0.1965459505286501,0.1965459505286505,0.1965459505286503,0.1965459505286504,0.1965459505286507,-0.1155026886390306,1.0,1.0,0.0,1.0,24852
0.1965459505286506,0.196545950528651,0.1965459505286503,0.1965459505286507,0.1965459505286505,0.1965459505286501,0.1965459505286505,0.1965459505286503,0.1965459505286504,0.1965459505286507,-0.1155026886390306,1.0,1.0,0.0,1.0,24908
0.1965459505286506,0.196545950528651,0.1965459505286503,0.1965459505286507,0.1965459505286505,0.1965459505286501,0.1965459505286505,0.1965459505286503,0.1965459505286504,0.1965459505286507,0.4802199162879345,1.0,1.0,1.0,0.0,25448
0.1965459505286506,0.196545950528651,0.1965459505286503,0.1965459505286507,0.1965459505286505,0.1965459505286501,0.1965459505286505,0.1965459505286503,0.1965459505286504,0.1965459505286507,-0.1155026886390306,0.0,1.0,0.0,1.0,24604
0.1965459505286506,0.196545950528651,0.1965459505286503,0.1965459505286507,0.1965459505286505,0.1965459505286501,0.1965459505286505,0.1965459505286503,0.1965459505286504,0.1965459505286507,0.1823586138244519,1.0,0.0,0.0,0.0,25452
0.1965459505286506,0.196545950528651,0.1965459505286503,0.1965459505286507,0.1965459505286505,0.1965459505286501,0.1965459505286505,0.1965459505286503,0.1965459505286504,0.1965459505286507,-0.1155026886390306,1.0,0.0,0.0,1.0,25672
0.1965459505286506,0.196545950528651,0.1965459505286503,0.1965459505286507,0.1965459505286505,0.1965459505286501,0.1965459505286505,0.1965459505286503,0.1965459505286504,0.1965459505286507,-0.1155026886390306,0.0,0.0,0.0,1.0,24836
0.1965459505286506,0.196545950528651,0.1965459505286503,0.1965459505286507,0.1965459505286505,0.1965459505286501,0.1965459505286505,0.1965459505286503,0.1965459505286504,0.1965459505286507,0.1823586138244519,0.0,0.0,0.0,0.0,25724
0.1965459505286506,0.196545950528651,0.1965459505286503,0.1965459505286507,0.1965459505286505,0.1965459505286501,0.1965459505286505,0.1965459505286503,0.1965459505286504,0.1965459505286507,0.4802199162879345,0.0,0.0,1.0,0.0,25120
0.1965459505286506,0.196545950528651,0.1965459505286503,0.1965459505286507,0.1965459505286505,0.1965459505286501,0.1965459505286505,0.1965459505286503,0.1965459505286504,0.1965459505286507,-0.1155026886390306,0.0,0.0,0.0,1.0,24644
0.1965459505286506,0.196545950528651,0.1965459505286503,0.1965459505286507,0.1965459505286505,0.1965459505286501,0.1965459505286505,0.1965459505286503,0.1965459505286504,0.1965459505286507,0.1823586138244519,0.0,0.0,0.0,0.0,25244
0.1965459505286506,0.196545950528651,0.1965459505286503,0.1965459505286507,0.1965459505286505,0.1965459505286501,0.1965459505286505,0.1965459505286503,0.1965459505286504,0.1965459505286507,0.4802199162879345,0.0,0.0,1.0,0.0,24200
0.1965459505286506,0.196545950528651,0.1965459505286503,0.1965459505286507,0.1965459505286505,0.1965459505286501,0.1965459505286505,0.1965459505286503,0.1965459505286504,0.1965459505286507,-0.1155026886390306,0.0,0.0,0.0,1.0,24488
0.1965459505286506,0.196545950528651,0.1965459505286503,0.1965459505286507,0.1965459505286505,0.1965459505286501,0.1965459505286505,0.1965459505286503,0.1965459505286504,0.1965459505286507,0.1823586138244519,1.0,0.0,0.0,0.0,24460
0.1965459505286506,0.196545950528651,0.1965459505286503,0.1965459505286507,0.1965459505286505,0.1965459505286501,0.1965459505286505,0.1965459505286503,0.1965459505286504,0.1965459505286507,-0.1155026886390306,1.0,0.0,0.0,1.0,25284
0.1965459505286506,0.196545950528651,0.1965459505286503,0.1965459505286507,0.1965459505286505,0.1965459505286501,0.1965459505286505,0.1965459505286503,0.1965459505286504,0.1965459505286507,0.4802199162879345,1.0,0.0,1.0,0.0,24908
0.1965459505286506,0.196545950528651,0.1965459505286503,0.1965459505286507,0.1965459505286505,0.1965459505286501,0.1965459505286505,0.1965459505286503,0.1965459505286504,0.1965459505286507,0.1823586138244519,1.0,0.0,0.0,0.0,25664
0.1965459505286506,0.196545950528651,0.1965459505286503,0.1965459505286507,0.1965459505286505,0.1965459505286501,0.1965459505286505,0.1965459505286503,0.1965459505286504,0.1965459505286507,0.4802199162879345,1.0,0.0,1.0,0.0,24708
0.1965459505286506,0.196545950528651,0.1965459505286503,0.1965459505286507,0.1965459505286505,0.1965459505286501,0.1965459505286505,0.1965459505286503,0.1965459505286504,0.1965459505286507,-0.1155026886390306,1.0,0.0,0.0,1.0,24756
0.1965459505286506,0.196545950528651,0.1965459505286503,0.1965459505286507,0.1965459505286505,0.1965459505286501,0.1965459505286505,0.1965459505286503,0.1965459505286504,0.1965459505286507,0.1823586138244519,1.0,0.0,0.0,0.0,24368
0.1965459505286506,0.196545950528651,0.1965459505286503,0.1965459505286507,0.1965459505286505,0.1965459505286501,0.1965459505286505,0.1965459505286503,0.1965459505286504,0.1965459505286507,0.4802199162879345,1.0,0.0,1.0,0.0,25424
0.1965459505286506,0.196545950528651,0.1965459505286503,0.1965459505286507,0.1965459505286505,0.1965459505286501,0.1965459505286505,0.1965459505286503,0.1965459505286504,0.1965459505286507,-0.1155026886390306,0.0,0.0,0.0,1.0,24460
0.1965459505286506,0.196545950528651,0.1965459505286503,0.1965459505286507,0.1965459505286505,0.1965459505286501,0.1965459505286505,0.1965459505286503,0.1965459505286504,0.1965459505286507,0.1823586138244519,0.0,0.0,0.0,0.0,24284
0.1965459505286506,0.196545950528651,0.1965459505286503,0.1965459505286507,0.1965459505286505,0.1965459505286501,0.1965459505286505,0.1965459505286503,0.1965459505286504,0.1965459505286507,-0.1155026886390306,0.0,0.0,0.0,1.0,24432
0.1965459505286506,0.196545950528651,0.1965459505286503,0.1965459505286507,0.1965459505286505,0.1965459505286501,0.1965459505286505,0.1965459505286503,0.1965459505286504,0.1965459505286507,0.4802199162879345,0.0,0.0,1.0,0.0,25228
0.1965459505286506,0.196545950528651,0.1965459505286503,0.1965459505286507,0.1965459505286505,0.1965459505286501,0.1965459505286505,0.1965459505286503,0.1965459505286504,0.1965459505286507,0.1823586138244519,0.0,0.0,0.0,0.0,24436
0.1965459505286506,0.196545950528651,0.1965459505286503,0.1965459505286507,0.1965459505286505,0.1965459505286501,0.1965459505286505,0.1965459505286503,0.1965459505286504,0.1965459505286507,0.4802199162879345,0.0,0.0,1.0,0.0,25300
0.1965459505286506,0.196545950528651,0.1965459505286503,0.1965459505286507,0.1965459505286505,0.1965459505286501,0.1965459505286505,0.1965459505286503,0.1965459505286504,0.1965459505286507,-0.1155026886390306,0.0,0.0,0.0,1.0,25876
0.1965459505286506,0.196545950528651,0.1965459505286503,0.1965459505286507,0.1965459505286505,0.1965459505286501,0.1965459505286505,0.1965459505286503,0.1965459505286504,0.1965459505286507,0.1823586138244519,0.0,0.0,0.0,0.0,25120
0.1965459505286506,0.196545950528651,0.1965459505286503,0.1965459505286507,0.1965459505286505,0.1965459505286501,0.1965459505286505,0.1965459505286503,0.1965459505286504,0.1965459505286507,0.4802199162879345,1.0,0.0,1.0,0.0,24724
0.1965459505286506,0.196545950528651,0.1965459505286503,0.1965459505286507,0.1965459505286505,0.1965459505286501,0.1965459505286505,0.1965459505286503,0.1965459505286504,0.1965459505286507,-0.1155026886390306,1.0,0.0,0.0,1.0,25228
0.1965459505286506,0.196545950528651,0.1965459505286503,0.1965459505286507,0.1965459505286505,0.1965459505286501,0.1965459505286505,0.1965459505286503,0.1965459505286504,0.1965459505286507,0.1823586138244519,1.0,0.0,0.0,0.0,25244
0.1965459505286506,0.196545950528651,0.1965459505286503,0.1965459505286507,0.1965459505286505,0.1965459505286501,0.1965459505286505,0.1965459505286503,0.1965459505286504,0.1965459505286507,-0.1155026886390306,1.0,0.0,0.0,1.0,24828
0.1965459505286506,0.196545950528651,0.1965459505286503,0.1965459505286507,0.1965459505286505,0.1965459505286501,0.1965459505286505,0.1965459505286503,0.1965459505286504,0.1965459505286507,0.4802199162879345,1.0,0.0,1.0,0.0,25640
0.1965459505286506,0.196545950528651,0.1965459505286503,0.1965459505286507,0.1965459505286505,0.1965459505286501,0.1965459505286505,0.1965459505286503,0.1965459505286504,0.1965459505286507,0.4802199162879345,1.0,0.0,1.0,0.0,24200
0.1965459505286506,0.196545950528651,0.1965459505286503,0.1965459505286507,0.1965459505286505,0.1965459505286501,0.1965459505286505,0.1965459505286503,0.1965459505286504,0.1965459505286507,0.4802199162879345,1.0,0.0,1.0,0.0,24908
0.1965459505286506,0.196545950528651,0.1965459505286503,0.1965459505286507,0.1965459505286505,0.1965459505286501,0.1965459505286505,0.1965459505286503,0.1965459505286504,0.1965459505286507,0.4802199162879345,0.0,0.0,1.0,0.0,25452
0.1965459505286506,0.196545950528651,0.1965459505286503,0.1965459505286507,0.1965459505286505,0.1965459505286501,0.1965459505286505,0.1965459505286503,0.1965459505286504,0.1965459505286507,0.1823586138244519,1.0,0.0,0.0,0.0,24836
0.1965459505286506,0.196545950528651,0.1965459505286503,0.1965459505286507,0.1965459505286505,0.1965459505286501,0.1965459505286505,0.1965459505286503,0.1965459505286504,0.1965459505286507,0.4802199162879345,0.0,0.0,1.0,0.0,25244
0.1965459505286506,0.196545950528651,0.1965459505286503,0.1965459505286507,0.1965459505286505,0.1965459505286501,0.1965459505286505,0.1965459505286503,0.1965459505286504,0.1965459505286507,0.4802199162879345,1.0,0.0,1.0,0.0,24460
0.1965459505286506,0.196545950528651,0.1965459505286503,0.1965459505286507,0.1965459505286505,0.1965459505286501,0.1965459505286505,0.1965459505286503,0.1965459505286504,0.1965459505286507,0.4802199162879345,0.0,0.0,1.0,0.0,24908
0.1965459505286506,0.196545950528651,0.1965459505286503,0.1965459505286507,0.1965459505286505,0.1965459505286501,0.1965459505286505,0.1965459505286503,0.1965459505286504,0.1965459505286507,-0.1155026886390306,0.0,0.0,0.0,1.0,25300
0.1965459505286506,0.196545950528651,0.1965459505286503,0.1965459505286507,0.1965459505286505,0.1965459505286501,0.1965459505286505,0.1965459505286503,0.1965459505286504,0.1965459505286507,-0.1155026886390306,1.0,0.0,0.0,1.0,25876
0.1965459505286506,0.196545950528651,0.1965459505286503,0.1965459505286507,0.1965459505286505,0.1965459505286501,0.1965459505286505,0.1965459505286503,0.1965459505286504,0.1965459505286507,-0.1155026886390306,0.0,0.0,0.0,1.0,25120
0.1965459505286506,0.196545950528651,0.1965459505286503,0.1965459505286507,0.1965459505286505,0.1965459505286501,0.1965459505286505,0.1965459505286503,0.1965459505286504,0.1965459505286507,0.4802199162879345,1.0,0.0,1.0,0.0,24724
0.1965459505286506,0.196545950528651,0.1965459505286503,0.1965459505286507,0.1965459505286505,0.1965459505286501,0.1965459505286505,0.1965459505286503,0.1965459505286504,0.1965459505286507,-0.1155026886390306,0.0,0.0,0.0,1.0,25228
0.1965459505286506,0.196545950528651,0.1965459505286503,0.1965459505286507,0.1965459505286505,0.1965459505286501,0.1965459505286505,0.1965459505286503,0.1965459505286504,0.1965459505286507,0.1823586138244519,1.0,0.0,0.0,0.0,25244
0.1965459505286506,0.196545950528651,0.1965459505286503,0.1965459505286507,0.1965459505286505,0.1965459505286501,0.1965459505286505,0.1965459505286503,0.1965459505286504,0.1965459505286507,-0.1155026886390306,0.0,0.0,0.0,1.0,24828
0.1965459505286506,0.196545950528651,0.1965459505286503,0.1965459505286507,0.1965459505286505,0.1965459505286501,0.1965459505286505,0.1965459505286503,0.1965459505286504,0.1965459505286507,-0.1155026886390306,1.0,0.0,0.0,1.0,25640
0.1965459505286506,0.196545950528651,0.1965459505286503,0.1965459505286507,0.1965459505286505,0.1965459505286501,0.1965459505286505,0.1965459505286503,0.1965459505286504,0.1965459505286507,0.1823586138244519,1.0,0.0,0.0,0.0,24200
0.1965459505286506,0.196545950528651,0.1965459505286503,0.1965459505286507,0.1965459505286505,0.1965459505286501,0.1965459505286505,0.1965459505286503,0.1965459505286504,0.1965459505286507,0.4802199162879345,0.0,0.0,1.0,0.0,24908
0.1965459505286506,0.196545950528651,0.1965459505286503,0.1965459505286507,0.1965459505286505,0.1965459505286501,0.1965459505286505,0.1965459505286503,0.1965459505286504,0.1965459505286507,-0.1155026886390306,1.0,0.0,0.0,1.0,25452
0.1965459505286506,0.196545950528651,0.1965459505286503,0.1965459505286507,0.1965459505286505,0.1965459505286501,0.1965459505286505,0.1965459505286503,0.1965459505286504,0.1965459505286507,0.1823586138244519,1.0,0.0,0.0,0.0,24836
0.1965459505286506,0.196545950528651,0.1965459505286503,0.1965459505286507,0.1965459505286505,0.1965459505286501,0.1965459505286505,0.1965459505286503,0.1965459505286504,0.1965459505286507,0.4802199162879345,0.0,0.0,1.0,0.0,25244
0.1965459505286506,0.196545950528651,0.1965459505286503,0.1965459505286507,0.1965459505286505,0.1965459505286501,0.1965459505286505,0.1965459505286503,0.1965459505286504,0.1965459505286507,-0.1155026886390306,1.0,0.0,0.0,1.0,24460
0.1965459505286506,0.196545950528651,0.1965459505286503,0.1965459505286507,0.1965459505286505,0.1965459505286501,0.1965459505286505,0.1965459505286503,0.1965459505286504,0.1965459505286507,0.1823586138244519,1.0,0.0,0.0,0.0,24908
0.1965459505286506,0.196545950528651,0.1965459505286503,0.1965459505286507,0.1965459505286505,0.1965459505286501,0.1965459505286505,0.1965459505286503,0.1965459505286504,0.1965459505286507,-0.1155026886390306,1.0,0.0,0.0,1.0,25300
0.1965459505286506,0.196545950528651,0.1965459505286503,0.1965459505286507,0.1965459505286505,0.1965459505286501,0.1965459505286505,0.1965459505286503,0.1965459505286504,0.1965459505286507,0.4802199162879345,1.0,0.0,1.0,0.0,25876
0.1965459505286506,0.196545950528651,0.1965459505286503,0.1965459505286507,0.1965459505286505,0.1965459505286501,0.1965459505286505,0.1965459505286503,0.1965459505286504,0.1965459505286507,0.1823586138244519,0.0,0.0,0.0,0.0,25120
0.1965459505286506,0.196545950528651,0.1965459505286503,0.1965459505286507,0.1965459505286505,0.1965459505286501,0.1965459505286505,0.1965459505286503,0.1965459505286504,0.1965459505286507,0.4802199162879345,1.0,0.0,1.0,0.0,24724
0.1965459505286506,0.196545950528651,0.1965459505286503,0.1965459505286507,0.1965459505286505,0.1965459505286501,0.1965459505286505,0.1965459505286503,0.1965459505286504,0.1965459505286507,-0.1155026886390306,0.0,0.0,0.0,1.0,25228
0.1965459505286506,0.196545950528651,0.1965459505286503,0.1965459505286507,0.1965459505286505,0.1965459505286501,0.1965459505286505,0.1965459505286503,0.1965459505286504,0.1965459505286507,0.1823586138244519,1.0,0.0,0.0,0.0,25244
0.1965459505286506,0.196545950528651,0.1965459505286503,0.1965459505286507,0.1965459505286505,0.1965459505286501,0.1965459505286505,0.1965459505286503,0.1965459505286504,0.1965459505286507,0.4802199162879345,1.0,0.0,1.0,0.0,24828
0.1965459505286506,0.196545950528651,0.1965459505286503,0.1965459505286507,0.1965459505286505,0.1965459505286501,0.1965459505286505,0.1965459505286503,0.1965459505286504,0.1965459505286507,-0.1155026886390306,0.0,0.0,0.0,1.0,25640
0.1965459505286506,0.196545950528651,0.1965459505286503,0.1965459505286507,0.1965459505286505,0.1965459505286501,0.1965459505286505,0.1965459505286503,0.1965459505286504,0.1965459505286507,0.1823586138244519,1.0,0.0,0.0,0.0,24200
0.1965459505286506,0.196545950528651,0.1965459505286503,0.1965459505286507,0.1965459505286505,0.1965459505286501,0.1965459505286505,0.1965459505286503,0.1965459505286504,0.1965459505286507,-0.1155026886390306,0.0,0.0,0.0,1.0,24908
0.1965459505286506,0.196545950528651,0.1965459505286503,0.1965459505286507,0.1965459505286505,0.1965459505286501,0.1965459505286505,0.1965459505286503,0.1965459505286504,0.1965459505286507,0.4802199162879345,0.0,0.0,1.0,0.0,25452
0.1965459505286506,0.196545950528651,0.1965459505286503,0.1965459505286507,0.1965459505286505,0.1965459505286501,0.1965459505286505,0.1965459505286503,0.1965459505286504,0.1965459505286507,0.1823586138244519,1.0,0.0,0.0,0.0,24836
0.1965459505286506,0.196545950528651,0.1965459505286503,0.1965459505286507,0.1965459505286505,0.1965459505286501,0.1965459505286505,0.1965459505286503,0.1965459505286504,0.1965459505286507,0.4802199162879345,0.0,0.0,1.0,0.0,25244
0.1965459505286506,0.196545950528651,0.1965459505286503,0.1965459505286507,0.1965459505286505,0.1965459505286501,0.1965459505286505,0.1965459505286503,0.1965459505286504,0.1965459505286507,-0.1155026886390306,0.0,0.0,0.0,1.0,24460
0.1965459505286506,0.196545950528651,0.1965459505286503,0.1965459505286507,0.1965459505286505,0.1965459505286501,0.1965459505286505,0.1965459505286503,0.1965459505286504,0.1965459505286507,0.1823586138244519,0.0,0.0,0.0,0.0,24908
0.1965459505286506,0.196545950528651,0.1965459505286503,0.1965459505286507,0.1965459505286505,0.1965459505286501,0.1965459505286505,0.1965459505286503,0.1965459505286504,0.1965459505286507,0.4802199162879345,0.0,0.0,1.0,0.0,25300
0.1965459505286506,0.196545950528651,0.1965459505286503,0.1965459505286507,0.1965459505286505,0.1965459505286501,0.1965459505286505,0.1965459505286503,0.1965459505286504,0.1965459505286507,-0.1155026886390306,1.0,0.0,0.0,1.0,25876
0.1965459505286506,0.196545950528651,0.1965459505286503,0.1965459505286507,0.1965459505286505,0.1965459505286501,0.1965459505286505,0.1965459505286503,0.1965459505286504,0.1965459505286507,0.1823586138244519,0.0,0.0,0.0,0.0,25120
0.1965459505286506,0.196545950528651,0.1965459505286503,0.1965459505286507,0.1965459505286505,0.1965459505286501,0.1965459505286505,0.1965459505286503,0.1965459505286504,0.1965459505286507,-0.1155026886390306,1.0,0.0,0.0,1.0,24724
0.1965459505286506,0.196545950528651,0.1965459505286503,0.1965459505286507,0.1965459505286505,0.1965459505286501,0.1965459505286505,0.1965459505286503,0.1965459505286504,0.1965459505286507,0.4802199162879345,1.0,0.0,1.0,0.0,25228
0.1965459505286506,0.196545950528651,0.1965459505286503,0.1965459505286507,0.1965459505286505,0.1965459505286501,0.1965459505286505,0.1965459505286503,0.1965459505286504,0.1965459505286507,0.4802199162879345,0.0,0.0,1.0,0.0,25244
0.1965459505286506,0.196545950528651,0.1965459505286503,0.1965459505286507,0.1965459505286505,0.1965459505286501,0.1965459505286505,0.1965459505286503,0.1965459505286504,0.1965459505286507,0.4802199162879345,1.0,0.0,1.0,0.0,24828
0.1965459505286506,0.196545950528651,0.1965459505286503,0.1965459505286507,0.1965459505286505,0.1965459505286501,0.1965459505286505,0.1965459505286503,0.1965459505286504,0.1965459505286507,0.4802199162879345,1.0,0.0,1.0,0.0,25640
0.1965459505286506,0.196545950528651,0.1965459505286503,0.1965459505286507,0.1965459505286505,0.1965459505286501,0.1965459505286505,0.1965459505286503,0.1965459505286504,0.1965459505286507,0.1823586138244519,1.0,0.0,0.0,0.0,24200
0.1965459505286506,0.196545950528651,0.1965459505286503,0.1965459505286507,0.1965459505286505,0.1965459505286501,0.1965459505286505,0.1965459505286503,0.1965459505286504,0.1965459505286507,0.4802199162879345,0.0,0.0,1.0,0.0,24908
0.1965459505286506,0.196545950528651,0.1965459505286503,0.1965459505286507,0.1965459505286505,0.1965459505286501,0.1965459505286505,0.1965459505286503,0.1965459505286504,0.1965459505286507,0.4802199162879345,0.0,0.0,1.0,0.0,25452
0.1965459505286506,0.196545950528651,0.1965459505286503,0.1965459505286507,0.1965459505286505,0.1965459505286501,0.1965459505286505,0.1965459505286503,0.1965459505286504,0.1965459505286507,0.4802199162879345,0.0,0.0,1.0,0.0,24836
0.1965459505286506,0.196545950528651,0.1965459505286503,0.1965459505286507,0.1965459505286505,0.1965459505286501,0.1965459505286505,0.1965459505286503,0.1965459505286504,0.1965459505286507,-0.1155026886390306,1.0,0.0,0.0,1.0,25244
0.1965459505286506,0.196545950528651,0.1965459505286503,0.1965459505286507,0.1965459505286505,0.1965459505286501,0.1965459505286505,0.1965459505286503,0.1965459505286504,0.1965459505286507,-0.1155026886390306,0.0,0.0,0.0,1.0,24460
0.1965459505286506,0.196545950528651,0.1965459505286503,0.1965459505286507,0.1965459505286505,0.1965459505286501,0.1965459505286505,0.1965459505286503,0.1965459505286504,0.1965459505286507,-0.1155026886390306,1.0,0.0,0.0,1.0,24908
0.1965459505286506,0.196545950528651,0.1965459505286503,0.1965459505286507,0.1965459505286505,0.1965459505286501,0.1965459505286505,0.1965459505286503,0.1965459505286504,0.1965459505286507,0.4802199162879345,0.0,0.0,1.0,0.0,25300
0.1965459505286506,0.196545950528651,0.1965459505286503,0.1965459505286507,0.1965459505286505,0.1965459505286501,0.1965459505286505,0.1965459505286503,0.1965459505286504,0.1965459505286507,-0.1155026886390306,0.0,0.0,0.0,1.0,25876
0.1965459505286506,0.196545950528651,0.1965459505286503,0.1965459505286507,0.1965459505286505,0.1965459505286501,0.1965459505286505,0.1965459505286503,0.1965459505286504,0.1965459505286507,0.1823586138244519,1.0,0.0,0.0,0.0,25120
0.1965459505286506,0.196545950528651,0.1965459505286503,0.1965459505286507,0.1965459505286505,0.1965459505286501,0.1965459505286505,0.1965459505286503,0.1965459505286504,0.1965459505286507,-0.1155026886390306,1.0,0.0,0.0,1.0,24724
0.1965459505286506,0.196545950528651,0.1965459505286503,0.1965459505286507,0.1965459505286505,0.1965459505286501,0.1965459505286505,0.1965459505286503,0.1965459505286504,0.1965459505286507,-0.1155026886390306,0.0,0.0,0.0,1.0,25228
0.1965459505286506,0.196545950528651,0.1965459505286503,0.1965459505286507,0.1965459505286505,0.1965459505286501,0.1965459505286505,0.1965459505286503,0.1965459505286504,0.1965459505286507,0.1823586138244519,1.0,0.0,0.0,0.0,25244
0.1965459505286506,0.196545950528651,0.1965459505286503,0.1965459505286507,0.1965459505286505,0.1965459505286501,0.1965459505286505,0.1965459505286503,0.1965459505286504,0.1965459505286507,0.4802199162879345,0.0,0.0,1.0,0.0,24828
0.1965459505286506,0.196545950528651,0.1965459505286503,0.1965459505286507,0.1965459505286505,0.1965459505286501,0.1965459505286505,0.1965459505286503,0.1965459505286504,0.1965459505286507,-0.1155026886390306,1.0,0.0,0.0,1.0,25640
0.1965459505286506,0.196545950528651,0.1965459505286503,0.1965459505286507,0.1965459505286505,0.1965459505286501,0.1965459505286505,0.1965459505286503,0.1965459505286504,0.1965459505286507,0.1823586138244519,1.0,0.0,0.0,0.0,24200
0.1965459505286506,0.196545950528651,0.1965459505286503,0.1965459505286507,0.1965459505286505,0.1965459505286501,0.1965459505286505,0.1965459505286503,0.1965459505286504,0.1965459505286507,0.4802199162879345,0.0,0.0,1.0,0.0,24908
0.1965459505286506,0.196545950528651,0.1965459505286503,0.1965459505286507,0.1965459505286505,0.1965459505286501,0.1965459505286505,0.1965459505286503,0.1965459505286504,0.1965459505286507,-0.1155026886390306,1.0,0.0,0.0,1.0,25452
0.1965459505286506,0.196545950528651,0.1965459505286503,0.1965459505286507,0.1965459505286505,0.1965459505286501,0.1965459505286505,0.1965459505286503,0.1965459505286504,0.1965459505286507,0.1823586138244519,0.0,0.0,0.0,0.0,24836
0.1965459505286506,0.196545950528651,0.1965459505286503,0.1965459505286507,0.1965459505286505,0.1965459505286501,0.1965459505286505,0.1965459505286503,0.1965459505286504,0.1965459505286507,-0.1155026886390306,1.0,0.0,0.0,1.0,25244
0.1965459505286506,0.196545950528651,0.1965459505286503,0.1965459505286507,0.1965459505286505,0.1965459505286501,0.1965459505286505,0.1965459505286503,0.1965459505286504,0.1965459505286507,0.4802199162879345,0.0,0.0,1.0,0.0,24460
0.1965459505286506,0.196545950528651,0.1965459505286503,0.1965459505286507,0.1965459505286505,0.1965459505286501,0.1965459505286505,0.1965459505286503,0.1965459505286504,0.1965459505286507,0.1823586138244519,0.0,0.0,0.0,0.0,24908
0.1965459505286506,0.196545950528651,0.1965459505286503,0.1965459505286507,0.1965459505286505,0.1965459505286501,0.1965459505286505,0.1965459505286503,0.1965459505286504,0.1965459505286507,0.4802199162879345,1.0,0.0,1.0,0.0,24080
0.1965459505286506,0.196545950528651,0.1965459505286503,0.1965459505286507,0.1965459505286505,0.1965459505286501,0.1965459505286505,0.1965459505286503,0.1965459505286504,0.1965459505286507,-0.1155026886390306,0.0,0.0,0.0,1.0,25668
0.1965459505286506,0.196545950528651,0.1965459505286503,0.1965459505286507,0.1965459505286505,0.1965459505286501,0.1965459505286505,0.1965459505286503,0.1965459505286504,0.1965459505286507,0.1823586138244519,1.0,0.0,0.0,0.0,25584
0.1965459505286506,0.196545950528651,0.1965459505286503,0.1965459505286507,0.1965459505286505,0.1965459505286501,0.1965459505286505,0.1965459505286503,0.1965459505286504,0.1965459505286507,0.4802199162879345,0.0,0.0,1.0,0.0,25244
0.1965459505286506,0.196545950528651,0.1965459505286503,0.1965459505286507,0.1965459505286505,0.1965459505286501,0.1965459505286505,0.1965459505286503,0.1965459505286504,0.1965459505286507,-0.1155026886390306,1.0,0.0,0.0,1.0,24324
0.1965459505286506,0.196545950528651,0.1965459505286503,0.1965459505286507,0.1965459505286505,0.1965459505286501,0.1965459505286505,0.1965459505286503,0.1965459505286504,0.1965459505286507,0.1823586138244519,0.0,0.0,0.0,0.0,25136
0.1965459505286506,0.196545950528651,0.1965459505286503,0.1965459505286507,0.1965459505286505,0.1965459505286501,0.1965459505286505,0.1965459505286503,0.1965459505286504,0.1965459505286507,-0.1155026886390306,1.0,0.0,0.0,1.0,24772
0.1965459505286506,0.196545950528651,0.1965459505286503,0.1965459505286507,0.1965459505286505,0.1965459505286501,0.1965459505286505,0.1965459505286503,0.1965459505286504,0.1965459505286507,0.4802199162879345,1.0,0.0,1.0,0.0,24912
0.1965459505286506,0.196545950528651,0.1965459505286503,0.1965459505286507,0.1965459505286505,0.1965459505286501,0.1965459505286505,0.1965459505286503,0.1965459505286504,0.1965459505286507,0.1823586138244519,1.0,0.0,0.0,0.0,23492
0.1965459505286506,0.196545950528651,0.1965459505286503,0.1965459505286507,0.1965459505286505,0.1965459505286501,0.1965459505286505,0.1965459505286503,0.1965459505286504,0.1965459505286507,0.4802199162879345,1.0,0.0,1.0,0.0,22892
0.1965459505286506,0.196545950528651,0.1965459505286503,0.1965459505286507,0.1965459505286505,0.1965459505286501,0.1965459505286505,0.1965459505286503,0.1965459505286504,0.1965459505286507,-0.1155026886390306,0.0,0.0,0.0,1.0,24200
0.1965459505286506,0.196545950528651,0.1965459505286503,0.1965459505286507,0.1965459505286505,0.1965459505286501,0.1965459505286505,0.1965459505286503,0.1965459505286504,0.1965459505286507,0.1823586138244519,1.0,0.0,0.0,0.0,24488
0.1965459505286506,0.196545950528651,0.1965459505286503,0.1965459505286507,0.1965459505286505,0.1965459505286501,0.1965459505286505,0.1965459505286503,0.1965459505286504,0.1965459505286507,0.4802199162879345,1.0,0.0,1.0,0.0,24460
0.1965459505286506,0.196545950528651,0.1965459505286503,0.1965459505286507,0.1965459505286505,0.1965459505286501,0.1965459505286505,0.1965459505286503,0.1965459505286504,0.1965459505286507,-0.1155026886390306,0.0,0.0,0.0,1.0,24060
0.1965459505286506,0.196545950528651,0.1965459505286503,0.1965459505286507,0.1965459505286505,0.1965459505286501,0.1965459505286505,0.1965459505286503,0.1965459505286504,0.1965459505286507,0.1823586138244519,1.0,0.0,0.0,0.0,25284
0.1965459505286506,0.196545950528651,0.1965459505286503,0.1965459505286507,0.1965459505286505,0.1965459505286501,0.1965459505286505,0.1965459505286503,0.1965459505286504,0.1965459505286507,-0.1155026886390306,1.0,1.0,0.0,1.0,24852
0.1965459505286506,0.196545950528651,0.1965459505286503,0.1965459505286507,0.1965459505286505,0.1965459505286501,0.1965459505286505,0.1965459505286503,0.1965459505286504,0.1965459505286507,0.4802199162879345,0.0,1.0,1.0,0.0,24908
0.1965459505286506,0.196545950528651,0.1965459505286503,0.1965459505286507,0.1965459505286505,0.1965459505286501,0.1965459505286505,0.1965459505286503,0.1965459505286504,0.1965459505286507,0.4802199162879345,1.0,1.0,1.0,0.0,25664
0.1965459505286506,0.196545950528651,0.1965459505286503,0.1965459505286507,0.1965459505286505,0.1965459505286501,0.1965459505286505,0.1965459505286503,0.1965459505286504,0.1965459505286507,0.4802199162879345,1.0,1.0,1.0,0.0,24908
0.1965459505286506,0.196545950528651,0.1965459505286503,0.1965459505286507,0.1965459505286505,0.1965459505286501,0.1965459505286505,0.1965459505286503,0.1965459505286504,0.1965459505286507,0.4802199162879345,1.0,1.0,1.0,0.0,25448
0.1965459505286506,0.196545950528651,0.1965459505286503,0.1965459505286507,0.1965459505286505,0.1965459505286501,0.1965459505286505,0.1965459505286503,0.1965459505286504,0.1965459505286507,0.1823586138244519,0.0,1.0,0.0,0.0,24708
0.1965459505286506,0.196545950528651,0.1965459505286503,0.1965459505286507,0.1965459505286505,0.1965459505286501,0.1965459505286505,0.1965459505286503,0.1965459505286504,0.1965459505286507,0.4802199162879345,1.0,1.0,1.0,0.0,25144
0.1965459505286506,0.196545950528651,0.1965459505286503,0.1965459505286507,0.1965459505286505,0.1965459505286501,0.1965459505286505,0.1965459505286503,0.1965459505286504,0.1965459505286507,0.4802199162879345,1.0,1.0,1.0,0.0,24604
0.1965459505286506,0.196545950528651,0.1965459505286503,0.1965459505286507,0.1965459505286505,0.1965459505286501,0.1965459505286505,0.1965459505286503,0.1965459505286504,0.1965459505286507,0.4802199162879345,0.0,1.0,1.0,0.0,24756
0.1965459505286506,0.196545950528651,0.1965459505286503,0.1965459505286507,0.1965459505286505,0.1965459505286501,0.1965459505286505,0.1965459505286503,0.1965459505286504,0.1965459505286507,-0.1155026886390306,0.0,1.0,0.0,1.0,25452
0.1965459505286506,0.196545950528651,0.1965459505286503,0.1965459505286507,0.1965459505286505,0.1965459505286501,0.1965459505286505,0.1965459505286503,0.1965459505286504,0.1965459505286507,-0.1155026886390306,0.0,1.0,0.0,1.0,24368
0.1965459505286506,0.196545950528651,0.1965459505286503,0.1965459505286507,0.1965459505286505,0.1965459505286501,0.1965459505286505,0.1965459505286503,0.1965459505286504,0.1965459505286507,-0.1155026886390306,0.0,1.0,0.0,1.0,24768
0.1965459505286506,0.196545950528651,0.1965459505286503,0.1965459505286507,0.1965459505286505,0.1965459505286501,0.1965459505286505,0.1965459505286503,0.1965459505286504,0.1965459505286507,0.4802199162879345,0.0,1.0,1.0,0.0,25616
0.1965459505286506,0.196545950528651,0.1965459505286503,0.1965459505286507,0.1965459505286505,0.1965459505286501,0.1965459505286505,0.1965459505286503,0.1965459505286504,0.1965459505286507,-0.1155026886390306,0.0,1.0,0.0,1.0,25672
0.1965459505286506,0.196545950528651,0.1965459505286503,0.1965459505286507,0.1965459505286505,0.1965459505286501,0.1965459505286505,0.1965459505286503,0.1965459505286504,0.1965459505286507,0.1823586138244519,0.0,1.0,0.0,0.0,25424
0.1965459505286506,0.196545950528651,0.1965459505286503,0.1965459505286507,0.1965459505286505,0.1965459505286501,0.1965459505286505,0.1965459505286503,0.1965459505286504,0.1965459505286507,-0.1155026886390306,1.0,1.0,0.0,1.0,24636
0.1965459505286506,0.196545950528651,0.1965459505286503,0.1965459505286507,0.1965459505286505,0.1965459505286501,0.1965459505286505,0.1965459505286503,0.1965459505286504,0.1965459505286507,-0.1155026886390306,1.0,1.0,0.0,1.0,24836
0.1965459505286506,0.196545950528651,0.1965459505286503,0.1965459505286507,0.1965459505286505,0.1965459505286501,0.1965459505286505,0.1965459505286503,0.1965459505286504,0.1965459505286507,0.1823586138244519,1.0,1.0,0.0,0.0,24460
0.1965459505286506,0.196545950528651,0.1965459505286503,0.1965459505286507,0.1965459505286505,0.1965459505286501,0.1965459505286505,0.1965459505286503,0.1965459505286504,0.1965459505286507,0.4802199162879345,1.0,1.0,1.0,0.0,25724
0.1965459505286506,0.196545950528651,0.1965459505286503,0.1965459505286507,0.1965459505286505,0.1965459505286501,0.1965459505286505,0.1965459505286503,0.1965459505286504,0.1965459505286507,-0.1155026886390306,1.0,1.0,0.0,1.0,24284
0.1965459505286506,0.196545950528651,0.1965459505286503,0.1965459505286507,0.1965459505286505,0.1965459505286501,0.1965459505286505,0.1965459505286503,0.1965459505286504,0.1965459505286507,0.1823586138244519,1.0,1.0,0.0,0.0,25300
0.1965459505286506,0.196545950528651,0.1965459505286503,0.1965459505286507,0.1965459505286505,0.1965459505286501,0.1965459505286505,0.1965459505286503,0.1965459505286504,0.1965459505286507,0.4802199162879345,1.0,1.0,1.0,0.0,25876
0.1965459505286506,0.196545950528651,0.1965459505286503,0.1965459505286507,0.1965459505286505,0.1965459505286501,0.1965459505286505,0.1965459505286503,0.1965459505286504,0.1965459505286507,-0.1155026886390306,1.0,1.0,0.0,1.0,25120
0.1965459505286506,0.196545950528651,0.1965459505286503,0.1965459505286507,0.1965459505286505,0.1965459505286501,0.1965459505286505,0.1965459505286503,0.1965459505286504,0.1965459505286507,0.1823586138244519,0.0,0.0,0.0,0.0,24432
0.1965459505286506,0.196545950528651,0.1965459505286503,0.1965459505286507,0.1965459505286505,0.1965459505286501,0.1965459505286505,0.1965459505286503,0.1965459505286504,0.1965459505286507,-0.1155026886390306,0.0,0.0,0.0,1.0,24724
0.1965459505286506,0.196545950528651,0.1965459505286503,0.1965459505286507,0.1965459505286505,0.1965459505286501,0.1965459505286505,0.1965459505286503,0.1965459505286504,0.1965459505286507,0.4802199162879345,0.0,0.0,1.0,0.0,24644
0.1965459505286506,0.196545950528651,0.1965459505286503,0.1965459505286507,0.1965459505286505,0.1965459505286501,0.1965459505286505,0.1965459505286503,0.1965459505286504,0.1965459505286507,0.1823586138244519,0.0,0.0,0.0,0.0,25228
0.1965459505286506,0.196545950528651,0.1965459505286503,0.1965459505286507,0.1965459505286505,0.1965459505286501,0.1965459505286505,0.1965459505286503,0.1965459505286504,0.1965459505286507,0.4802199162879345,0.0,0.0,1.0,0.0,25244
0.1965459505286506,0.196545950528651,0.1965459505286503,0.1965459505286507,0.1965459505286505,0.1965459505286501,0.1965459505286505,0.1965459505286503,0.1965459505286504,0.1965459505286507,-0.1155026886390306,0.0,0.0,0.0,1.0,24436
0.1965459505286506,0.196545950528651,0.1965459505286503,0.1965459505286507,0.1965459505286505,0.1965459505286501,0.1965459505286505,0.1965459505286503,0.1965459505286504,0.1965459505286507,0.1823586138244519,0.0,0.0,0.0,0.0,25536
0.1965459505286506,0.196545950528651,0.1965459505286503,0.1965459505286507,0.1965459505286505,0.1965459505286501,0.1965459505286505,0.1965459505286503,0.1965459505286504,0.1965459505286507,0.4802199162879345,0.0,0.0,1.0,0.0,24828
0.1965459505286506,0.196545950528651,0.1965459505286503,0.1965459505286507,0.1965459505286505,0.1965459505286501,0.1965459505286505,0.1965459505286503,0.1965459505286504,0.1965459505286507,-0.1155026886390306,1.0,0.0,0.0,1.0,24644
0.1965459505286506,0.196545950528651,0.1965459505286503,0.1965459505286507,0.1965459505286505,0.1965459505286501,0.1965459505286505,0.1965459505286503,0.1965459505286504,0.1965459505286507,0.1823586138244519,1.0,0.0,0.0,0.0,24228
0.1965459505286506,0.196545950528651,0.1965459505286503,0.1965459505286507,0.1965459505286505,0.1965459505286501,0.1965459505286505,0.1965459505286503,0.1965459505286504,0.1965459505286507,-0.1155026886390306,1.0,0.0,0.0,1.0,25640
0.1965459505286506,0.196545950528651,0.1965459505286503,0.1965459505286507,0.1965459505286505,0.1965459505286501,0.1965459505286505,0.1965459505286503,0.1965459505286504,0.1965459505286507,0.4802199162879345,1.0,0.0,1.0,0.0,24684
0.1965459505286506,0.196545950528651,0.1965459505286503,0.1965459505286507,0.1965459505286505,0.1965459505286501,0.1965459505286505,0.1965459505286503,0.1965459505286504,0.1965459505286507,0.1823586138244519,1.0,0.0,0.0,0.0,24200
0.1965459505286506,0.196545950528651,0.1965459505286503,0.1965459505286507,0.1965459505286505,0.1965459505286501,0.1965459505286505,0.1965459505286503,0.1965459505286504,0.1965459505286507,0.4802199162879345,1.0,0.0,1.0,0.0,24488
0.1965459505286506,0.196545950528651,0.1965459505286503,0.1965459505286507,0.1965459505286505,0.1965459505286501,0.1965459505286505,0.1965459505286503,0.1965459505286504,0.1965459505286507,-0.1155026886390306,1.0,0.0,0.0,1.0,24060
0.1965459505286506,0.196545950528651,0.1965459505286503,0.1965459505286507,0.1965459505286505,0.1965459505286501,0.1965459505286505,0.1965459505286503,0.1965459505286504,0.1965459505286507,0.1823586138244519,0.0,0.0,0.0,0.0,24852
0.1965459505286506,0.196545950528651,0.1965459505286503,0.1965459505286507,0.1965459505286505,0.1965459505286501,0.1965459505286505,0.1965459505286503,0.1965459505286504,0.1965459505286507,0.4802199162879345,1.0,0.0,1.0,0.0,24908
0.1965459505286506,0.196545950528651,0.1965459505286503,0.1965459505286507,0.1965459505286505,0.1965459505286501,0.1965459505286505,0.1965459505286503,0.1965459505286504,0.1965459505286507,-0.1155026886390306,0.0,0.0,0.0,1.0,25448
0.1965459505286506,0.196545950528651,0.1965459505286503,0.1965459505286507,0.1965459505286505,0.1965459505286501,0.1965459505286505,0.1965459505286503,0.1965459505286504,0.1965459505286507,0.1823586138244519,1.0,1.0,0.0,0.0,24604
0.1965459505286506,0.196545950528651,0.1965459505286503,0.1965459505286507,0.1965459505286505,0.1965459505286501,0.1965459505286505,0.1965459505286503,0.1965459505286504,0.1965459505286507,-0.1155026886390306,0.0,1.0,0.0,1.0,25452
0.1965459505286506,0.196545950528651,0.1965459505286503,0.1965459505286507,0.1965459505286505,0.1965459505286501,0.1965459505286505,0.1965459505286503,0.1965459505286504,0.1965459505286507,0.4802199162879345,0.0,1.0,1.0,0.0,25672
0.1965459505286506,0.196545950528651,0.1965459505286503,0.1965459505286507,0.1965459505286505,0.1965459505286501,0.1965459505286505,0.1965459505286503,0.1965459505286504,0.1965459505286507,0.4802199162879345,1.0,1.0,1.0,0.0,24836
0.1965459505286506,0.196545950528651,0.1965459505286503,0.1965459505286507,0.1965459505286505,0.1965459505286501,0.1965459505286505,0.1965459505286503,0.1965459505286504,0.1965459505286507,0.4802199162879345,0.0,1.0,1.0,0.0,25724
0.1965459505286506,0.196545950528651,0.1965459505286503,0.1965459505286507,0.1965459505286505,0.1965459505286501,0.1965459505286505,0.1965459505286503,0.1965459505286504,0.1965459505286507,0.4802199162879345,1.0,1.0,1.0,0.0,25120
0.1965459505286506,0.196545950528651,0.1965459505286503,0.1965459505286507,0.1965459505286505,0.1965459505286501,0.1965459505286505,0.1965459505286503,0.1965459505286504,0.1965459505286507,0.1823586138244519,0.0,1.0,0.0,0.0,24644
0.1965459505286506,0.196545950528651,0.1965459505286503,0.1965459505286507,0.1965459505286505,0.1965459505286501,0.1965459505286505,0.1965459505286503,0.1965459505286504,0.1965459505286507,0.4802199162879345,1.0,1.0,1.0,0.0,25244
0.1965459505286506,0.196545950528651,0.1965459505286503,0.1965459505286507,0.1965459505286505,0.1965459505286501,0.1965459505286505,0.1965459505286503,0.1965459505286504,0.1965459505286507,0.4802199162879345,0.0,1.0,1.0,0.0,24200
0.1965459505286506,0.196545950528651,0.1965459505286503,0.1965459505286507,0.1965459505286505,0.1965459505286501,0.1965459505286505,0.1965459505286503,0.1965459505286504,0.1965459505286507,0.4802199162879345,1.0,1.0,1.0,0.0,24488
0.1965459505286506,0.196545950528651,0.1965459505286503,0.1965459505286507,0.1965459505286505,0.1965459505286501,0.1965459505286505,0.1965459505286503,0.1965459505286504,0.1965459505286507,-0.1155026886390306,1.0,1.0,0.0,1.0,24460
0.1965459505286506,0.196545950528651,0.1965459505286503,0.1965459505286507,0.1965459505286505,0.1965459505286501,0.1965459505286505,0.1965459505286503,0.1965459505286504,0.1965459505286507,-0.1155026886390306,0.0,1.0,0.0,1.0,25284
0.1965459505286506,0.196545950528651,0.1965459505286503,0.1965459505286507,0.1965459505286505,0.1965459505286501,0.1965459505286505,0.1965459505286503,0.1965459505286504,0.1965459505286507,-0.1155026886390306,1.0,1.0,0.0,1.0,24908
0.1965459505286506,0.196545950528651,0.1965459505286503,0.1965459505286507,0.1965459505286505,0.1965459505286501,0.1965459505286505,0.1965459505286503,0.1965459505286504,0.1965459505286507,0.4802199162879345,1.0,1.0,1.0,0.0,25664
0.1965459505286506,0.196545950528651,0.1965459505286503,0.1965459505286507,0.1965459505286505,0.1965459505286501,0.1965459505286505,0.1965459505286503,0.1965459505286504,0.1965459505286507,-0.1155026886390306,0.0,1.0,0.0,1.0,24708
0.1965459505286506,0.196545950528651,0.1965459505286503,0.1965459505286507,0.1965459505286505,0.1965459505286501,0.1965459505286505,0.1965459505286503,0.1965459505286504,0.1965459505286507,0.1823586138244519,1.0,1.0,0.0,0.0,24756
0.1965459505286506,0.196545950528651,0.1965459505286503,0.1965459505286507,0.1965459505286505,0.1965459505286501,0.1965459505286505,0.1965459505286503,0.1965459505286504,0.1965459505286507,-0.1155026886390306,1.0,1.0,0.0,1.0,24368
0.1965459505286506,0.196545950528651,0.1965459505286503,0.1965459505286507,0.1965459505286505,0.1965459505286501,0.1965459505286505,0.1965459505286503,0.1965459505286504,0.1965459505286507,-0.1155026886390306,1.0,1.0,0.0,1.0,25424
0.1965459505286506,0.196545950528651,0.1965459505286503,0.1965459505286507,0.1965459505286505,0.1965459505286501,0.1965459505286505,0.1965459505286503,0.1965459505286504,0.1965459505286507,0.1823586138244519,1.0,1.0,0.0,0.0,24460
0.1965459505286506,0.196545950528651,0.1965459505286503,0.1965459505286507,0.1965459505286505,0.1965459505286501,0.1965459505286505,0.1965459505286503,0.1965459505286504,0.1965459505286507,0.4802199162879345,0.0,1.0,1.0,0.0,24284
0.1965459505286506,0.196545950528651,0.1965459505286503,0.1965459505286507,0.1965459505286505,0.1965459505286501,0.1965459505286505,0.1965459505286503,0.1965459505286504,0.1965459505286507,-0.1155026886390306,1.0,1.0,0.0,1.0,24432
0.1965459505286506,0.196545950528651,0.1965459505286503,0.1965459505286507,0.1965459505286505,0.1965459505286501,0.1965459505286505,0.1965459505286503,0.1965459505286504,0.1965459505286507,0.1823586138244519,0.0,1.0,0.0,0.0,25228
0.1965459505286506,0.196545950528651,0.1965459505286503,0.1965459505286507,0.1965459505286505,0.1965459505286501,0.1965459505286505,0.1965459505286503,0.1965459505286504,0.1965459505286507,0.4802199162879345,1.0,1.0,1.0,0.0,24436
0.1965459505286506,0.196545950528651,0.1965459505286503,0.1965459505286507,0.1965459505286505,0.1965459505286501,0.1965459505286505,0.1965459505286503,0.1965459505286504,0.1965459505286507,-0.1155026886390306,1.0,1.0,0.0,1.0,25300
0.1965459505286506,0.196545950528651,0.1965459505286503,0.1965459505286507,0.1965459505286505,0.1965459505286501,0.1965459505286505,0.1965459505286503,0.1965459505286504,0.1965459505286507,0.1823586138244519,0.0,1.0,0.0,0.0,25876
0.1965459505286506,0.196545950528651,0.1965459505286503,0.1965459505286507,0.1965459505286505,0.1965459505286501,0.1965459505286505,0.1965459505286503,0.1965459505286504,0.1965459505286507,-0.1155026886390306,1.0,1.0,0.0,1.0,25120
0.1965459505286506,0.196545950528651,0.1965459505286503,0.1965459505286507,0.1965459505286505,0.1965459505286501,0.1965459505286505,0.1965459505286503,0.1965459505286504,0.1965459505286507,0.4802199162879345,0.0,1.0,1.0,0.0,24724
0.1965459505286506,0.196545950528651,0.1965459505286503,0.1965459505286507,0.1965459505286505,0.1965459505286501,0.1965459505286505,0.1965459505286503,0.1965459505286504,0.1965459505286507,0.1823586138244519,0.0,1.0,0.0,0.0,25228
0.1965459505286506,0.196545950528651,0.1965459505286503,0.1965459505286507,0.1965459505286505,0.1965459505286501,0.1965459505286505,0.1965459505286503,0.1965459505286504,0.1965459505286507,0.4802199162879345,1.0,1.0,1.0,0.0,25244
0.1965459505286506,0.196545950528651,0.1965459505286503,0.1965459505286507,0.1965459505286505,0.1965459505286501,0.1965459505286505,0.1965459505286503,0.1965459505286504,0.1965459505286507,-0.1155026886390306,0.0,1.0,0.0,1.0,24828
0.1965459505286506,0.196545950528651,0.1965459505286503,0.1965459505286507,0.1965459505286505,0.1965459505286501,0.1965459505286505,0.1965459505286503,0.1965459505286504,0.1965459505286507,0.1823586138244519,0.0,1.0,0.0,0.0,25640
0.1965459505286506,0.196545950528651,0.1965459505286503,0.1965459505286507,0.1965459505286505,0.1965459505286501,0.1965459505286505,0.1965459505286503,0.1965459505286504,0.1965459505286507,0.4802199162879345,0.0,1.0,1.0,0.0,24200
0.1965459505286506,0.196545950528651,0.1965459505286503,0.1965459505286507,0.1965459505286505,0.1965459505286501,0.1965459505286505,0.1965459505286503,0.1965459505286504,0.1965459505286507,-0.1155026886390306,0.0,0.0,0.0,1.0,24908
0.1965459505286506,0.196545950528651,0.1965459505286503,0.1965459505286507,0.1965459505286505,0.1965459505286501,0.1965459505286505,0.1965459505286503,0.1965459505286504,0.1965459505286507,0.1823586138244519,1.0,0.0,0.0,0.0,25452
0.1965459505286506,0.196545950528651,0.1965459505286503,0.1965459505286507,0.1965459505286505,0.1965459505286501,0.1965459505286505,0.1965459505286503,0.1965459505286504,0.1965459505286507,-0.1155026886390306,0.0,0.0,0.0,1.0,24836
0.1965459505286506,0.196545950528651,0.1965459505286503,0.1965459505286507,0.1965459505286505,0.1965459505286501,0.1965459505286505,0.1965459505286503,0.1965459505286504,0.1965459505286507,0.4802199162879345,1.0,0.0,1.0,0.0,25244
0.1965459505286506,0.196545950528651,0.1965459505286503,0.1965459505286507,0.1965459505286505,0.1965459505286501,0.1965459505286505,0.1965459505286503,0.1965459505286504,0.1965459505286507,0.1823586138244519,1.0,0.0,0.0,0.0,24460
0.1965459505286506,0.196545950528651,0.1965459505286503,0.1965459505286507,0.1965459505286505,0.1965459505286501,0.1965459505286505,0.1965459505286503,0.1965459505286504,0.1965459505286507,0.4802199162879345,0.0,0.0,1.0,0.0,24908
0.1965459505286506,0.196545950528651,0.1965459505286503,0.1965459505286507,0.1965459505286505,0.1965459505286501,0.1965459505286505,0.1965459505286503,0.1965459505286504,0.1965459505286507,-0.1155026886390306,1.0,0.0,0.0,1.0,25300
0.1965459505286506,0.196545950528651,0.1965459505286503,0.1965459505286507,0.1965459505286505,0.1965459505286501,0.1965459505286505,0.1965459505286503,0.1965459505286504,0.1965459505286507,0.1823586138244519,1.0,0.0,0.0,0.0,25876
0.1965459505286506,0.196545950528651,0.1965459505286503,0.1965459505286507,0.1965459505286505,0.1965459505286501,0.1965459505286505,0.1965459505286503,0.1965459505286504,0.1965459505286507,0.4802199162879345,1.0,0.0,1.0,0.0,25120
0.1965459505286506,0.196545950528651,0.1965459505286503,0.1965459505286507,0.1965459505286505,0.1965459505286501,0.1965459505286505,0.1965459505286503,0.1965459505286504,0.1965459505286507,-0.1155026886390306,0.0,0.0,0.0,1.0,24724
0.1965459505286506,0.196545950528651,0.1965459505286503,0.1965459505286507,0.1965459505286505,0.1965459505286501,0.1965459505286505,0.1965459505286503,0.1965459505286504,0.1965459505286507,0.1823586138244519,0.0,0.0,0.0,0.0,25228
0.1965459505286506,0.196545950528651,0.1965459505286503,0.1965459505286507,0.1965459505286505,0.1965459505286501,0.1965459505286505,0.1965459505286503,0.1965459505286504,0.1965459505286507,-0.1155026886390306,0.0,0.0,0.0,1.0,25244
0.1965459505286506,0.196545950528651,0.1965459505286503,0.1965459505286507,0.1965459505286505,0.1965459505286501,0.1965459505286505,0.1965459505286503,0.1965459505286504,0.1965459505286507,0.4802199162879345,1.0,0.0,1.0,0.0,24828
0.1965459505286506,0.196545950528651,0.1965459505286503,0.1965459505286507,0.1965459505286505,0.1965459505286501,0.1965459505286505,0.1965459505286503,0.1965459505286504,0.1965459505286507,0.4802199162879345,0.0,0.0,1.0,0.0,25640
0.1965459505286506,0.196545950528651,0.1965459505286503,0.1965459505286507,0.1965459505286505,0.1965459505286501,0.1965459505286505,0.1965459505286503,0.1965459505286504,0.1965459505286507,0.4802199162879345,1.0,0.0,1.0,0.0,24200
0.1965459505286506,0.196545950528651,0.1965459505286503,0.1965459505286507,0.1965459505286505,0.1965459505286501,0.1965459505286505,0.1965459505286503,0.1965459505286504,0.1965459505286507,0.4802199162879345,0.0,0.0,1.0,0.0,24908
0.1965459505286506,0.196545950528651,0.1965459505286503,0.1965459505286507,0.1965459505286505,0.1965459505286501,0.1965459505286505,0.1965459505286503,0.1965459505286504,0.1965459505286507,0.1823586138244519,0.0,0.0,0.0,0.0,25452
0.1965459505286506,0.196545950528651,0.1965459505286503,0.1965459505286507,0.1965459505286505,0.1965459505286501,0.1965459505286505,0.1965459505286503,0.1965459505286504,0.1965459505286507,0.4802199162879345,1.0,0.0,1.0,0.0,24836
0.1965459505286506,0.196545950528651,0.1965459505286503,0.1965459505286507,0.1965459505286505,0.1965459505286501,0.1965459505286505,0.1965459505286503,0.1965459505286504,0.1965459505286507,0.4802199162879345,1.0,0.0,1.0,0.0,25244
0.1965459505286506,0.196545950528651,0.1965459505286503,0.1965459505286507,0.1965459505286505,0.1965459505286501,0.1965459505286505,0.1965459505286503,0.1965459505286504,0.1965459505286507,0.4802199162879345,0.0,0.0,1.0,0.0,24460
0.1965459505286506,0.196545950528651,0.1965459505286503,0.1965459505286507,0.1965459505286505,0.1965459505286501,0.1965459505286505,0.1965459505286503,0.1965459505286504,0.1965459505286507,-0.1155026886390306,1.0,0.0,0.0,1.0,24908
0.1965459505286506,0.196545950528651,0.1965459505286503,0.1965459505286507,0.1965459505286505,0.1965459505286501,0.1965459505286505,0.1965459505286503,0.1965459505286504,0.1965459505286507,-0.1155026886390306,0.0,0.0,0.0,1.0,25300
0.1965459505286506,0.196545950528651,0.1965459505286503,0.1965459505286507,0.1965459505286505,0.1965459505286501,0.1965459505286505,0.1965459505286503,0.1965459505286504,0.1965459505286507,-0.1155026886390306,1.0,0.0,0.0,1.0,25876
0.1965459505286506,0.196545950528651,0.1965459505286503,0.1965459505286507,0.1965459505286505,0.1965459505286501,0.1965459505286505,0.1965459505286503,0.1965459505286504,0.1965459505286507,0.4802199162879345,1.0,1.0,1.0,0.0,25120
0.1965459505286506,0.196545950528651,0.1965459505286503,0.1965459505286507,0.1965459505286505,0.1965459505286501,0.1965459505286505,0.1965459505286503,0.1965459505286504,0.1965459505286507,-0.1155026886390306,0.0,1.0,0.0,1.0,24724
0.1965459505286506,0.196545950528651,0.1965459505286503,0.1965459505286507,0.1965459505286505,0.1965459505286501,0.1965459505286505,0.1965459505286503,0.1965459505286504,0.1965459505286507,0.1823586138244519,1.0,1.0,0.0,0.0,25228
0.1965459505286506,0.196545950528651,0.1965459505286503,0.1965459505286507,0.1965459505286505,0.1965459505286501,0.1965459505286505,0.1965459505286503,0.1965459505286504,0.1965459505286507,-0.1155026886390306,0.0,1.0,0.0,1.0,25244
0.1965459505286506,0.196545950528651,0.1965459505286503,0.1965459505286507,0.1965459505286505,0.1965459505286501,0.1965459505286505,0.1965459505286503,0.1965459505286504,0.1965459505286507,-0.1155026886390306,1.0,1.0,0.0,1.0,24828
0.1965459505286506,0.196545950528651,0.1965459505286503,0.1965459505286507,0.1965459505286505,0.1965459505286501,0.1965459505286505,0.1965459505286503,0.1965459505286504,0.1965459505286507,0.1823586138244519,0.0,1.0,0.0,0.0,25640
0.1965459505286506,0.196545950528651,0.1965459505286503,0.1965459505286507,0.1965459505286505,0.1965459505286501,0.1965459505286505,0.1965459505286503,0.1965459505286504,0.1965459505286507,0.4802199162879345,0.0,1.0,1.0,0.0,24200
0.1965459505286506,0.196545950528651,0.1965459505286503,0.1965459505286507,0.1965459505286505,0.1965459505286501,0.1965459505286505,0.1965459505286503,0.1965459505286504,0.1965459505286507,-0.1155026886390306,1.0,1.0,0.0,1.0,24908
0.1965459505286506,0.196545950528651,0.1965459505286503,0.1965459505286507,0.1965459505286505,0.1965459505286501,0.1965459505286505,0.1965459505286503,0.1965459505286504,0.1965459505286507,0.1823586138244519,0.0,1.0,0.0,0.0,25452
0.1965459505286506,0.196545950528651,0.1965459505286503,0.1965459505286507,0.1965459505286505,0.1965459505286501,0.1965459505286505,0.1965459505286503,0.1965459505286504,0.1965459505286507,0.4802199162879345,1.0,1.0,1.0,0.0,24836
0.1965459505286506,0.196545950528651,0.1965459505286503,0.1965459505286507,0.1965459505286505,0.1965459505286501,0.1965459505286505,0.1965459505286503,0.1965459505286504,0.1965459505286507,-0.1155026886390306,0.0,1.0,0.0,1.0,25244
0.1965459505286506,0.196545950528651,0.1965459505286503,0.1965459505286507,0.1965459505286505,0.1965459505286501,0.1965459505286505,0.1965459505286503,0.1965459505286504,0.1965459505286507,0.1823586138244519,1.0,0.0,0.0,0.0,24460
0.1965459505286506,0.196545950528651,0.1965459505286503,0.1965459505286507,0.1965459505286505,0.1965459505286501,0.1965459505286505,0.1965459505286503,0.1965459505286504,0.1965459505286507,-0.1155026886390306,0.0,0.0,0.0,1.0,24908
0.1965459505286506,0.196545950528651,0.1965459505286503,0.1965459505286507,0.1965459505286505,0.1965459505286501,0.1965459505286505,0.1965459505286503,0.1965459505286504,0.1965459505286507,0.4802199162879345,1.0,0.0,1.0,0.0,25300
0.1965459505286506,0.196545950528651,0.1965459505286503,0.1965459505286507,0.1965459505286505,0.1965459505286501,0.1965459505286505,0.1965459505286503,0.1965459505286504,0.1965459505286507,0.1823586138244519,1.0,0.0,0.0,0.0,25876
0.1965459505286506,0.196545950528651,0.1965459505286503,0.1965459505286507,0.1965459505286505,0.1965459505286501,0.1965459505286505,0.1965459505286503,0.1965459505286504,0.1965459505286507,0.4802199162879345,1.0,0.0,1.0,0.0,25120
0.1965459505286506,0.196545950528651,0.1965459505286503,0.1965459505286507,0.1965459505286505,0.1965459505286501,0.1965459505286505,0.1965459505286503,0.1965459505286504,0.1965459505286507,-0.1155026886390306,1.0,0.0,0.0,1.0,24724
0.1965459505286506,0.196545950528651,0.1965459505286503,0.1965459505286507,0.1965459505286505,0.1965459505286501,0.1965459505286505,0.1965459505286503,0.1965459505286504,0.1965459505286507,0.1823586138244519,0.0,0.0,0.0,0.0,25228
0.1965459505286506,0.196545950528651,0.1965459505286503,0.1965459505286507,0.1965459505286505,0.1965459505286501,0.1965459505286505,0.1965459505286503,0.1965459505286504,0.1965459505286507,0.4802199162879345,1.0,0.0,1.0,0.0,25244
0.1965459505286506,0.196545950528651,0.1965459505286503,0.1965459505286507,0.1965459505286505,0.1965459505286501,0.1965459505286505,0.1965459505286503,0.1965459505286504,0.1965459505286507,-0.1155026886390306,1.0,0.0,0.0,1.0,24828
0.1965459505286506,0.196545950528651,0.1965459505286503,0.1965459505286507,0.1965459505286505,0.1965459505286501,0.1965459505286505,0.1965459505286503,0.1965459505286504,0.1965459505286507,0.1823586138244519,0.0,0.0,0.0,0.0,25640
0.1965459505286506,0.196545950528651,0.1965459505286503,0.1965459505286507,0.1965459505286505,0.1965459505286501,0.1965459505286505,0.1965459505286503,0.1965459505286504,0.1965459505286507,-0.1155026886390306,1.0,1.0,0.0,1.0,24200
0.1965459505286506,0.196545950528651,0.1965459505286503,0.1965459505286507,0.1965459505286505,0.1965459505286501,0.1965459505286505,0.1965459505286503,0.1965459505286504,0.1965459505286507,0.4802199162879345,1.0,1.0,1.0,0.0,24908
0.1965459505286506,0.196545950528651,0.1965459505286503,0.1965459505286507,0.1965459505286505,0.1965459505286501,0.1965459505286505,0.1965459505286503,0.1965459505286504,0.1965459505286507,0.1823586138244519,0.0,1.0,0.0,0.0,25452
0.1965459505286506,0.196545950528651,0.1965459505286503,0.1965459505286507,0.1965459505286505,0.1965459505286501,0.1965459505286505,0.1965459505286503,0.1965459505286504,0.1965459505286507,0.4802199162879345,1.0,1.0,1.0,0.0,24836
0.1965459505286506,0.196545950528651,0.1965459505286503,0.1965459505286507,0.1965459505286505,0.1965459505286501,0.1965459505286505,0.1965459505286503,0.1965459505286504,0.1965459505286507,-0.1155026886390306,1.0,1.0,0.0,1.0,25244
0.1965459505286506,0.196545950528651,0.1965459505286503,0.1965459505286507,0.1965459505286505,0.1965459505286501,0.1965459505286505,0.1965459505286503,0.1965459505286504,0.1965459505286507,0.1823586138244519,1.0,1.0,0.0,0.0,24460
0.1965459505286506,0.196545950528651,0.1965459505286503,0.1965459505286507,0.1965459505286505,0.1965459505286501,0.1965459505286505,0.1965459505286503,0.1965459505286504,0.1965459505286507,0.4802199162879345,0.0,1.0,1.0,0.0,24908
0.1965459505286506,0.196545950528651,0.1965459505286503,0.1965459505286507,0.1965459505286505,0.1965459505286501,0.1965459505286505,0.1965459505286503,0.1965459505286504,0.1965459505286507,-0.1155026886390306,1.0,1.0,0.0,1.0,25300
0.1965459505286506,0.196545950528651,0.1965459505286503,0.1965459505286507,0.1965459505286505,0.1965459505286501,0.1965459505286505,0.1965459505286503,0.1965459505286504,0.1965459505286507,0.1823586138244519,1.0,1.0,0.0,0.0,25876
0.1965459505286506,0.196545950528651,0.1965459505286503,0.1965459505286507,0.1965459505286505,0.1965459505286501,0.1965459505286505,0.1965459505286503,0.1965459505286504,0.1965459505286507,-0.1155026886390306,0.0,1.0,0.0,1.0,25120
0.1965459505286506,0.196545950528651,0.1965459505286503,0.1965459505286507,0.1965459505286505,0.1965459505286501,0.1965459505286505,0.1965459505286503,0.1965459505286504,0.1965459505286507,0.4802199162879345,0.0,1.0,1.0,0.0,24724
0.1965459505286506,0.196545950528651,0.1965459505286503,0.1965459505286507,0.1965459505286505,0.1965459505286501,0.1965459505286505,0.1965459505286503,0.1965459505286504,0.1965459505286507,0.4802199162879345,0.0,1.0,1.0,0.0,25228
0.1965459505286506,0.196545950528651,0.1965459505286503,0.1965459505286507,0.1965459505286505,0.1965459505286501,0.1965459505286505,0.1965459505286503,0.1965459505286504,0.1965459505286507,0.4802199162879345,0.0,1.0,1.0,0.0,25244
0.1965459505286506,0.196545950528651,0.1965459505286503,0.1965459505286507,0.1965459505286505,0.1965459505286501,0.1965459505286505,0.1965459505286503,0.1965459505286504,0.1965459505286507,0.4802199162879345,0.0,1.0,1.0,0.0,24828
0.1965459505286506,0.196545950528651,0.1965459505286503,0.1965459505286507,0.1965459505286505,0.1965459505286501,0.1965459505286505,0.1965459505286503,0.1965459505286504,0.1965459505286507,0.1823586138244519,0.0,1.0,0.0,0.0,25640
0.1965459505286506,0.196545950528651,0.1965459505286503,0.1965459505286507,0.1965459505286505,0.1965459505286501,0.1965459505286505,0.1965459505286503,0.1965459505286504,0.1965459505286507,0.4802199162879345,0.0,1.0,1.0,0.0,24200
0.1965459505286506,0.196545950528651,0.1965459505286503,0.1965459505286507,0.1965459505286505,0.1965459505286501,0.1965459505286505,0.1965459505286503,0.1965459505286504,0.1965459505286507,0.4802199162879345,1.0,1.0,1.0,0.0,24908
0.1965459505286506,0.196545950528651,0.1965459505286503,0.1965459505286507,0.1965459505286505,0.1965459505286501,0.1965459505286505,0.1965459505286503,0.1965459505286504,0.1965459505286507,0.4802199162879345,1.0,1.0,1.0,0.0,25452
0.1965459505286506,0.196545950528651,0.1965459505286503,0.1965459505286507,0.1965459505286505,0.1965459505286501,0.1965459505286505,0.1965459505286503,0.1965459505286504,0.1965459505286507,-0.1155026886390306,1.0,1.0,0.0,1.0,24836
0.1965459505286506,0.196545950528651,0.1965459505286503,0.1965459505286507,0.1965459505286505,0.1965459505286501,0.1965459505286505,0.1965459505286503,0.1965459505286504,0.1965459505286507,-0.1155026886390306,1.0,1.0,0.0,1.0,25244
0.1965459505286506,0.196545950528651,0.1965459505286503,0.1965459505286507,0.1965459505286505,0.1965459505286501,0.1965459505286505,0.1965459505286503,0.1965459505286504,0.1965459505286507,-0.1155026886390306,1.0,1.0,0.0,1.0,24460
0.1965459505286506,0.196545950528651,0.1965459505286503,0.1965459505286507,0.1965459505286505,0.1965459505286501,0.1965459505286505,0.1965459505286503,0.1965459505286504,0.1965459505286507,0.4802199162879345,1.0,1.0,1.0,0.0,24908
0.1965459505286506,0.196545950528651,0.1965459505286503,0.1965459505286507,0.1965459505286505,0.1965459505286501,0.1965459505286505,0.1965459505286503,0.1965459505286504,0.1965459505286507,-0.1155026886390306,1.0,0.0,0.0,1.0,24080
0.1965459505286506,0.196545950528651,0.1965459505286503,0.1965459505286507,0.1965459505286505,0.1965459505286501,0.1965459505286505,0.1965459505286503,0.1965459505286504,0.1965459505286507,0.1823586138244519,1.0,0.0,0.0,0.0,25668
0.1965459505286506,0.196545950528651,0.1965459505286503,0.1965459505286507,0.1965459505286505,0.1965459505286501,0.1965459505286505,0.1965459505286503,0.1965459505286504,0.1965459505286507,-0.1155026886390306,0.0,0.0,0.0,1.0,25584
0.1965459505286506,0.196545950528651,0.1965459505286503,0.1965459505286507,0.1965459505286505,0.1965459505286501,0.1965459505286505,0.1965459505286503,0.1965459505286504,0.1965459505286507,-0.1155026886390306,0.0,0.0,0.0,1.0,25244
0.1965459505286506,0.196545950528651,0.1965459505286503,0.1965459505286507,0.1965459505286505,0.1965459505286501,0.1965459505286505,0.1965459505286503,0.1965459505286504,0.1965459505286507,0.1823586138244519,0.0,0.0,0.0,0.0,24324
0.1965459505286506,0.196545950528651,0.1965459505286503,0.1965459505286507,0.1965459505286505,0.1965459505286501,0.1965459505286505,0.1965459505286503,0.1965459505286504,0.1965459505286507,0.4802199162879345,0.0,0.0,1.0,0.0,25136
0.1965459505286506,0.196545950528651,0.1965459505286503,0.1965459505286507,0.1965459505286505,0.1965459505286501,0.1965459505286505,0.1965459505286503,0.1965459505286504,0.1965459505286507,-0.1155026886390306,1.0,0.0,0.0,1.0,24772
0.1965459505286506,0.196545950528651,0.1965459505286503,0.1965459505286507,0.1965459505286505,0.1965459505286501,0.1965459505286505,0.1965459505286503,0.1965459505286504,0.1965459505286507,0.1823586138244519,0.0,0.0,0.0,0.0,24912
0.1965459505286506,0.196545950528651,0.1965459505286503,0.1965459505286507,0.1965459505286505,0.1965459505286501,0.1965459505286505,0.1965459505286503,0.1965459505286504,0.1965459505286507,0.4802199162879345,0.0,0.0,1.0,0.0,23664
0.1965459505286506,0.196545950528651,0.1965459505286503,0.1965459505286507,0.1965459505286505,0.1965459505286501,0.1965459505286505,0.1965459505286503,0.1965459505286504,0.1965459505286507,-0.1155026886390306,0.0,0.0,0.0,1.0,24200
0.1965459505286506,0.196545950528651,0.1965459505286503,0.1965459505286507,0.1965459505286505,0.1965459505286501,0.1965459505286505,0.1965459505286503,0.1965459505286504,0.1965459505286507,0.1823586138244519,1.0,0.0,0.0,0.0,24488
0.1965459505286506,0.196545950528651,0.1965459505286503,0.1965459505286507,0.1965459505286505,0.1965459505286501,0.1965459505286505,0.1965459505286503,0.1965459505286504,0.1965459505286507,-0.1155026886390306,1.0,1.0,0.0,1.0,24460
0.1965459505286506,0.196545950528651,0.1965459505286503,0.1965459505286507,0.1965459505286505,0.1965459505286501,0.1965459505286505,0.1965459505286503,0.1965459505286504,0.1965459505286507,0.4802199162879345,1.0,1.0,1.0,0.0,24060
0.1965459505286506,0.196545950528651,0.1965459505286503,0.1965459505286507,0.1965459505286505,0.1965459505286501,0.1965459505286505,0.1965459505286503,0.1965459505286504,0.1965459505286507,0.1823586138244519,1.0,1.0,0.0,0.0,25284
0.1965459505286506,0.196545950528651,0.1965459505286503,0.1965459505286507,0.1965459505286505,0.1965459505286501,0.1965459505286505,0.1965459505286503,0.1965459505286504,0.1965459505286507,0.4802199162879345,1.0,1.0,1.0,0.0,24852
0.1965459505286506,0.196545950528651,0.1965459505286503,0.1965459505286507,0.1965459505286505,0.1965459505286501,0.1965459505286505,0.1965459505286503,0.1965459505286504,0.1965459505286507,-0.1155026886390306,1.0,1.0,0.0,1.0,24908
0.1965459505286506,0.196545950528651,0.1965459505286503,0.1965459505286507,0.1965459505286505,0.1965459505286501,0.1965459505286505,0.1965459505286503,0.1965459505286504,0.1965459505286507,0.1823586138244519,1.0,1.0,0.0,0.0,25664
0.1965459505286506,0.196545950528651,0.1965459505286503,0.1965459505286507,0.1965459505286505,0.1965459505286501,0.1965459505286505,0.1965459505286503,0.1965459505286504,0.1965459505286507,0.4802199162879345,0.0,1.0,1.0,0.0,24908
0.1965459505286506,0.196545950528651,0.1965459505286503,0.1965459505286507,0.1965459505286505,0.1965459505286501,0.1965459505286505,0.1965459505286503,0.1965459505286504,0.1965459505286507,-0.1155026886390306,1.0,1.0,0.0,1.0,25448
0.1965459505286506,0.196545950528651,0.1965459505286503,0.1965459505286507,0.1965459505286505,0.1965459505286501,0.1965459505286505,0.1965459505286503,0.1965459505286504,0.1965459505286507,0.1823586138244519,0.0,1.0,0.0,0.0,24708
0.1965459505286506,0.196545950528651,0.1965459505286503,0.1965459505286507,0.1965459505286505,0.1965459505286501,0.1965459505286505,0.1965459505286503,0.1965459505286504,0.1965459505286507,-0.1155026886390306,1.0,1.0,0.0,1.0,25144
0.1965459505286506,0.196545950528651,0.1965459505286503,0.1965459505286507,0.1965459505286505,0.1965459505286501,0.1965459505286505,0.1965459505286503,0.1965459505286504,0.1965459505286507,0.4802199162879345,0.0,1.0,1.0,0.0,24604
0.1965459505286506,0.196545950528651,0.1965459505286503,0.1965459505286507,0.1965459505286505,0.1965459505286501,0.1965459505286505,0.1965459505286503,0.1965459505286504,0.1965459505286507,0.1823586138244519,0.0,1.0,0.0,0.0,24756
0.1965459505286506,0.196545950528651,0.1965459505286503,0.1965459505286507,0.1965459505286505,0.1965459505286501,0.1965459505286505,0.1965459505286503,0.1965459505286504,0.1965459505286507,0.4802199162879345,1.0,1.0,1.0,0.0,25452
0.1965459505286506,0.196545950528651,0.1965459505286503,0.1965459505286507,0.1965459505286505,0.1965459505286501,0.1965459505286505,0.1965459505286503,0.1965459505286504,0.1965459505286507,-0.1155026886390306,0.0,0.0,0.0,1.0,24368
0.1965459505286506,0.196545950528651,0.1965459505286503,0.1965459505286507,0.1965459505286505,0.1965459505286501,0.1965459505286505,0.1965459505286503,0.1965459505286504,0.1965459505286507,0.1823586138244519,1.0,0.0,0.0,0.0,24768
0.1965459505286506,0.196545950528651,0.1965459505286503,0.1965459505286507,0.1965459505286505,0.1965459505286501,0.1965459505286505,0.1965459505286503,0.1965459505286504,0.1965459505286507,0.4802199162879345,0.0,0.0,1.0,0.0,25616
0.1965459505286506,0.196545950528651,0.1965459505286503,0.1965459505286507,0.1965459505286505,0.1965459505286501,0.1965459505286505,0.1965459505286503,0.1965459505286504,0.1965459505286507,-0.1155026886390306,1.0,0.0,0.0,1.0,25672
0.1965459505286506,0.196545950528651,0.1965459505286503,0.1965459505286507,0.1965459505286505,0.1965459505286501,0.1965459505286505,0.1965459505286503,0.1965459505286504,0.1965459505286507,0.1823586138244519,0.0,0.0,0.0,0.0,25424
0.1965459505286506,0.196545950528651,0.1965459505286503,0.1965459505286507,0.1965459505286505,0.1965459505286501,0.1965459505286505,0.1965459505286503,0.1965459505286504,0.1965459505286507,-0.1155026886390306,1.0,0.0,0.0,1.0,24636
0.1965459505286506,0.196545950528651,0.1965459505286503,0.1965459505286507,0.1965459505286505,0.1965459505286501,0.1965459505286505,0.1965459505286503,0.1965459505286504,0.1965459505286507,0.4802199162879345,1.0,0.0,1.0,0.0,24836
0.1965459505286506,0.196545950528651,0.1965459505286503,0.1965459505286507,0.1965459505286505,0.1965459505286501,0.1965459505286505,0.1965459505286503,0.1965459505286504,0.1965459505286507,0.4802199162879345,0.0,0.0,1.0,0.0,24460
0.1965459505286506,0.196545950528651,0.1965459505286503,0.1965459505286507,0.1965459505286505,0.1965459505286501,0.1965459505286505,0.1965459505286503,0.1965459505286504,0.1965459505286507,0.4802199162879345,1.0,0.0,1.0,0.0,25724
0.1965459505286506,0.196545950528651,0.1965459505286503,0.1965459505286507,0.1965459505286505,0.1965459505286501,0.1965459505286505,0.1965459505286503,0.1965459505286504,0.1965459505286507,0.4802199162879345,1.0,1.0,1.0,0.0,24284
0.1965459505286506,0.196545950528651,0.1965459505286503,0.1965459505286507,0.1965459505286505,0.1965459505286501,0.1965459505286505,0.1965459505286503,0.1965459505286504,0.1965459505286507,0.1823586138244519,0.0,1.0,0.0,0.0,25300
0.1965459505286506,0.196545950528651,0.1965459505286503,0.1965459505286507,0.1965459505286505,0.1965459505286501,0.1965459505286505,0.1965459505286503,0.1965459505286504,0.1965459505286507,0.4802199162879345,1.0,1.0,1.0,0.0,25876
0.1965459505286506,0.196545950528651,0.1965459505286503,0.1965459505286507,0.1965459505286505,0.1965459505286501,0.1965459505286505,0.1965459505286503,0.1965459505286504,0.1965459505286507,0.4802199162879345,1.0,1.0,1.0,0.0,25120
0.1965459505286506,0.196545950528651,0.1965459505286503,0.1965459505286507,0.1965459505286505,0.1965459505286501,0.1965459505286505,0.1965459505286503,0.1965459505286504,0.1965459505286507,0.4802199162879345,1.0,1.0,1.0,0.0,24432
0.1965459505286506,0.196545950528651,0.1965459505286503,0.1965459505286507,0.1965459505286505,0.1965459505286501,0.1965459505286505,0.1965459505286503,0.1965459505286504,0.1965459505286507,-0.1155026886390306,1.0,1.0,0.0,1.0,24724
0.1965459505286506,0.196545950528651,0.1965459505286503,0.1965459505286507,0.1965459505286505,0.1965459505286501,0.1965459505286505,0.1965459505286503,0.1965459505286504,0.1965459505286507,-0.1155026886390306,0.0,1.0,0.0,1.0,24644
0.1965459505286506,0.196545950528651,0.1965459505286503,0.1965459505286507,0.1965459505286505,0.1965459505286501,0.1965459505286505,0.1965459505286503,0.1965459505286504,0.1965459505286507,-0.1155026886390306,1.0,1.0,0.0,1.0,25228
0.1965459505286506,0.196545950528651,0.1965459505286503,0.1965459505286507,0.1965459505286505,0.1965459505286501,0.1965459505286505,0.1965459505286503,0.1965459505286504,0.1965459505286507,0.4802199162879345,0.0,1.0,1.0,0.0,25244
0.1965459505286506,0.196545950528651,0.1965459505286503,0.1965459505286507,0.1965459505286505,0.1965459505286501,0.1965459505286505,0.1965459505286503,0.1965459505286504,0.1965459505286507,-0.1155026886390306,1.0,1.0,0.0,1.0,24436
0.1965459505286506,0.196545950528651,0.1965459505286503,0.1965459505286507,0.1965459505286505,0.1965459505286501,0.1965459505286505,0.1965459505286503,0.1965459505286504,0.1965459505286507,0.1823586138244519,1.0,0.0,0.0,0.0,25536
0.1965459505286506,0.196545950528651,0.1965459505286503,0.1965459505286507,0.1965459505286505,0.1965459505286501,0.1965459505286505,0.1965459505286503,0.1965459505286504,0.1965459505286507,-0.1155026886390306,0.0,0.0,0.0,1.0,24828
0.1965459505286506,0.196545950528651,0.1965459505286503,0.1965459505286507,0.1965459505286505,0.1965459505286501,0.1965459505286505,0.1965459505286503,0.1965459505286504,0.1965459505286507,-0.1155026886390306,1.0,0.0,0.0,1.0,24644
0.1965459505286506,0.196545950528651,0.1965459505286503,0.1965459505286507,0.1965459505286505,0.1965459505286501,0.1965459505286505,0.1965459505286503,0.1965459505286504,0.1965459505286507,0.1823586138244519,0.0,0.0,0.0,0.0,24228
0.1965459505286506,0.196545950528651,0.1965459505286503,0.1965459505286507,0.1965459505286505,0.1965459505286501,0.1965459505286505,0.1965459505286503,0.1965459505286504,0.1965459505286507,0.4802199162879345,0.0,0.0,1.0,0.0,25640
0.1965459505286506,0.196545950528651,0.1965459505286503,0.1965459505286507,0.1965459505286505,0.1965459505286501,0.1965459505286505,0.1965459505286503,0.1965459505286504,0.1965459505286507,-0.1155026886390306,1.0,0.0,0.0,1.0,24684
0.1965459505286506,0.196545950528651,0.1965459505286503,0.1965459505286507,0.1965459505286505,0.1965459505286501,0.1965459505286505,0.1965459505286503,0.1965459505286504,0.1965459505286507,0.1823586138244519,0.0,0.0,0.0,0.0,24200
0.1965459505286506,0.196545950528651,0.1965459505286503,0.1965459505286507,0.1965459505286505,0.1965459505286501,0.1965459505286505,0.1965459505286503,0.1965459505286504,0.1965459505286507,0.4802199162879345,0.0,0.0,1.0,0.0,24488
0.1965459505286506,0.196545950528651,0.1965459505286503,0.1965459505286507,0.1965459505286505,0.1965459505286501,0.1965459505286505,0.1965459505286503,0.1965459505286504,0.1965459505286507,-0.1155026886390306,0.0,0.0,0.0,1.0,24060
0.1965459505286506,0.196545950528651,0.1965459505286503,0.1965459505286507,0.1965459505286505,0.1965459505286501,0.1965459505286505,0.1965459505286503,0.1965459505286504,0.1965459505286507,0.1823586138244519,0.0,0.0,0.0,0.0,24852
0.1965459505286506,0.196545950528651,0.1965459505286503,0.1965459505286507,0.1965459505286505,0.1965459505286501,0.1965459505286505,0.1965459505286503,0.1965459505286504,0.1965459505286507,-0.1155026886390306,1.0,0.0,0.0,1.0,24908
0.1965459505286506,0.196545950528651,0.1965459505286503,0.1965459505286507,0.1965459505286505,0.1965459505286501,0.1965459505286505,0.1965459505286503,0.1965459505286504,0.1965459505286507,0.4802199162879345,0.0,1.0,1.0,0.0,25448
0.1965459505286506,0.196545950528651,0.1965459505286503,0.1965459505286507,0.1965459505286505,0.1965459505286501,0.1965459505286505,0.1965459505286503,0.1965459505286504,0.1965459505286507,0.1823586138244519,1.0,1.0,0.0,0.0,24604
0.1965459505286506,0.196545950528651,0.1965459505286503,0.1965459505286507,0.1965459505286505,0.1965459505286501,0.1965459505286505,0.1965459505286503,0.1965459505286504,0.1965459505286507,0.4802199162879345,1.0,1.0,1.0,0.0,25452
0.1965459505286506,0.196545950528651,0.1965459505286503,0.1965459505286507,0.1965459505286505,0.1965459505286501,0.1965459505286505,0.1965459505286503,0.1965459505286504,0.1965459505286507,-0.1155026886390306,0.0,1.0,0.0,1.0,25672
0.1965459505286506,0.196545950528651,0.1965459505286503,0.1965459505286507,0.1965459505286505,0.1965459505286501,0.1965459505286505,0.1965459505286503,0.1965459505286504,0.1965459505286507,0.1823586138244519,1.0,1.0,0.0,0.0,24836
0.1965459505286506,0.196545950528651,0.1965459505286503,0.1965459505286507,0.1965459505286505,0.1965459505286501,0.1965459505286505,0.1965459505286503,0.1965459505286504,0.1965459505286507,0.4802199162879345,1.0,1.0,1.0,0.0,25724
0.1965459505286506,0.196545950528651,0.1965459505286503,0.1965459505286507,0.1965459505286505,0.1965459505286501,0.1965459505286505,0.1965459505286503,0.1965459505286504,0.1965459505286507,-0.1155026886390306,1.0,1.0,0.0,1.0,25120
0.1965459505286506,0.196545950528651,0.1965459505286503,0.1965459505286507,0.1965459505286505,0.1965459505286501,0.1965459505286505,0.1965459505286503,0.1965459505286504,0.1965459505286507,0.1823586138244519,0.0,1.0,0.0,0.0,24644
0.1965459505286506,0.196545950528651,0.1965459505286503,0.1965459505286507,0.1965459505286505,0.1965459505286501,0.1965459505286505,0.1965459505286503,0.1965459505286504,0.1965459505286507,-0.1155026886390306,0.0,1.0,0.0,1.0,25244
0.1965459505286506,0.196545950528651,0.1965459505286503,0.1965459505286507,0.1965459505286505,0.1965459505286501,0.1965459505286505,0.1965459505286503,0.1965459505286504,0.1965459505286507,0.4802199162879345,0.0,1.0,1.0,0.0,24200
0.1965459505286506,0.196545950528651,0.1965459505286503,0.1965459505286507,0.1965459505286505,0.1965459505286501,0.1965459505286505,0.1965459505286503,0.1965459505286504,0.1965459505286507,0.1823586138244519,1.0,1.0,0.0,0.0,24488
0.1965459505286506,0.196545950528651,0.1965459505286503,0.1965459505286507,0.1965459505286505,0.1965459505286501,0.1965459505286505,0.1965459505286503,0.1965459505286504,0.1965459505286507,0.4802199162879345,0.0,1.0,1.0,0.0,24460
0.1965459505286506,0.196545950528651,0.1965459505286503,0.1965459505286507,0.1965459505286505,0.1965459505286501,0.1965459505286505,0.1965459505286503,0.1965459505286504,0.1965459505286507,-0.1155026886390306,1.0,0.0,0.0,1.0,25284
0.1965459505286506,0.196545950528651,0.1965459505286503,0.1965459505286507,0.1965459505286505,0.1965459505286501,0.1965459505286505,0.1965459505286503,0.1965459505286504,0.1965459505286507,0.1823586138244519,0.0,0.0,0.0,0.0,24908
0.1965459505286506,0.196545950528651,0.1965459505286503,0.1965459505286507,0.1965459505286505,0.1965459505286501,0.1965459505286505,0.1965459505286503,0.1965459505286504,0.1965459505286507,0.4802199162879345,0.0,0.0,1.0,0.0,25664
0.1965459505286506,0.196545950528651,0.1965459505286503,0.1965459505286507,0.1965459505286505,0.1965459505286501,0.1965459505286505,0.1965459505286503,0.1965459505286504,0.1965459505286507,-0.1155026886390306,1.0,0.0,0.0,1.0,24708
0.1965459505286506,0.196545950528651,0.1965459505286503,0.1965459505286507,0.1965459505286505,0.1965459505286501,0.1965459505286505,0.1965459505286503,0.1965459505286504,0.1965459505286507,0.1823586138244519,1.0,0.0,0.0,0.0,24756
0.1965459505286506,0.196545950528651,0.1965459505286503,0.1965459505286507,0.1965459505286505,0.1965459505286501,0.1965459505286505,0.1965459505286503,0.1965459505286504,0.1965459505286507,-0.1155026886390306,0.0,0.0,0.0,1.0,24368
0.1965459505286506,0.196545950528651,0.1965459505286503,0.1965459505286507,0.1965459505286505,0.1965459505286501,0.1965459505286505,0.1965459505286503,0.1965459505286504,0.1965459505286507,0.4802199162879345,1.0,0.0,1.0,0.0,25424
0.1965459505286506,0.196545950528651,0.1965459505286503,0.1965459505286507,0.1965459505286505,0.1965459505286501,0.1965459505286505,0.1965459505286503,0.1965459505286504,0.1965459505286507,0.4802199162879345,0.0,0.0,1.0,0.0,24460
0.1965459505286506,0.196545950528651,0.1965459505286503,0.1965459505286507,0.1965459505286505,0.1965459505286501,0.1965459505286505,0.1965459505286503,0.1965459505286504,0.1965459505286507,0.4802199162879345,1.0,0.0,1.0,0.0,24284
0.1965459505286506,0.196545950528651,0.1965459505286503,0.1965459505286507,0.1965459505286505,0.1965459505286501,0.1965459505286505,0.1965459505286503,0.1965459505286504,0.1965459505286507,0.4802199162879345,1.0,0.0,1.0,0.0,24432
0.1965459505286506,0.196545950528651,0.1965459505286503,0.1965459505286507,0.1965459505286505,0.1965459505286501,0.1965459505286505,0.1965459505286503,0.1965459505286504,0.1965459505286507,0.1823586138244519,0.0,1.0,0.0,0.0,25228
0.1965459505286506,0.196545950528651,0.1965459505286503,0.1965459505286507,0.1965459505286505,0.1965459505286501,0.1965459505286505,0.1965459505286503,0.1965459505286504,0.1965459505286507,0.4802199162879345,1.0,1.0,1.0,0.0,24436
0.1965459505286506,0.196545950528651,0.1965459505286503,0.1965459505286507,0.1965459505286505,0.1965459505286501,0.1965459505286505,0.1965459505286503,0.1965459505286504,0.1965459505286507,0.4802199162879345,0.0,1.0,1.0,0.0,25300
0.1965459505286506,0.196545950528651,0.1965459505286503,0.1965459505286507,0.1965459505286505,0.1965459505286501,0.1965459505286505,0.1965459505286503,0.1965459505286504,0.1965459505286507,0.4802199162879345,1.0,1.0,1.0,0.0,25876
0.1965459505286506,0.196545950528651,0.1965459505286503,0.1965459505286507,0.1965459505286505,0.1965459505286501,0.1965459505286505,0.1965459505286503,0.1965459505286504,0.1965459505286507,-0.1155026886390306,0.0,1.0,0.0,1.0,25120
0.1965459505286506,0.196545950528651,0.1965459505286503,0.1965459505286507,0.1965459505286505,0.1965459505286501,0.1965459505286505,0.1965459505286503,0.1965459505286504,0.1965459505286507,-0.1155026886390306,0.0,1.0,0.0,1.0,24724
0.1965459505286506,0.196545950528651,0.1965459505286503,0.1965459505286507,0.1965459505286505,0.1965459505286501,0.1965459505286505,0.1965459505286503,0.1965459505286504,0.1965459505286507,-0.1155026886390306,1.0,1.0,0.0,1.0,25228
0.1965459505286506,0.196545950528651,0.1965459505286503,0.1965459505286507,0.1965459505286505,0.1965459505286501,0.1965459505286505,0.1965459505286503,0.1965459505286504,0.1965459505286507,0.4802199162879345,0.0,1.0,1.0,0.0,25244
0.1965459505286506,0.196545950528651,0.1965459505286503,0.1965459505286507,0.1965459505286505,0.1965459505286501,0.1965459505286505,0.1965459505286503,0.1965459505286504,0.1965459505286507,-0.1155026886390306,1.0,1.0,0.0,1.0,24828
0.1965459505286506,0.196545950528651,0.1965459505286503,0.1965459505286507,0.1965459505286505,0.1965459505286501,0.1965459505286505,0.1965459505286503,0.1965459505286504,0.1965459505286507,0.1823586138244519,0.0,1.0,0.0,0.0,25640
0.1965459505286506,0.196545950528651,0.1965459505286503,0.1965459505286507,0.1965459505286505,0.1965459505286501,0.1965459505286505,0.1965459505286503,0.1965459505286504,0.1965459505286507,-0.1155026886390306,1.0,1.0,0.0,1.0,24200
0.1965459505286506,0.196545950528651,0.1965459505286503,0.1965459505286507,0.1965459505286505,0.1965459505286501,0.1965459505286505,0.1965459505286503,0.1965459505286504,0.1965459505286507,-0.1155026886390306,0.0,1.0,0.0,1.0,24908
0.1965459505286506,0.196545950528651,0.1965459505286503,0.1965459505286507,0.1965459505286505,0.1965459505286501,0.1965459505286505,0.1965459505286503,0.1965459505286504,0.1965459505286507,0.1823586138244519,1.0,1.0,0.0,0.0,25452
0.1965459505286506,0.196545950528651,0.1965459505286503,0.1965459505286507,0.1965459505286505,0.1965459505286501,0.1965459505286505,0.1965459505286503,0.1965459505286504,0.1965459505286507,0.4802199162879345,1.0,1.0,1.0,0.0,24836
0.1965459505286506,0.196545950528651,0.1965459505286503,0.1965459505286507,0.1965459505286505,0.1965459505286501,0.1965459505286505,0.1965459505286503,0.1965459505286504,0.1965459505286507,-0.1155026886390306,1.0,1.0,0.0,1.0,25244
0.1965459505286506,0.196545950528651,0.1965459505286503,0.1965459505286507,0.1965459505286505,0.1965459505286501,0.1965459505286505,0.1965459505286503,0.1965459505286504,0.1965459505286507,0.1823586138244519,1.0,1.0,0.0,0.0,24460
0.1965459505286506,0.196545950528651,0.1965459505286503,0.1965459505286507,0.1965459505286505,0.1965459505286501,0.1965459505286505,0.1965459505286503,0.1965459505286504,0.1965459505286507,0.4802199162879345,0.0,1.0,1.0,0.0,24908
0.1965459505286506,0.196545950528651,0.1965459505286503,0.1965459505286507,0.1965459505286505,0.1965459505286501,0.1965459505286505,0.1965459505286503,0.1965459505286504,0.1965459505286507,-0.1155026886390306,1.0,1.0,0.0,1.0,25300
0.1965459505286506,0.196545950528651,0.1965459505286503,0.1965459505286507,0.1965459505286505,0.1965459505286501,0.1965459505286505,0.1965459505286503,0.1965459505286504,0.1965459505286507,0.1823586138244519,1.0,1.0,0.0,0.0,25876
0.1965459505286506,0.196545950528651,0.1965459505286503,0.1965459505286507,0.1965459505286505,0.1965459505286501,0.1965459505286505,0.1965459505286503,0.1965459505286504,0.1965459505286507,-0.1155026886390306,0.0,1.0,0.0,1.0,25120
0.1965459505286506,0.196545950528651,0.1965459505286503,0.1965459505286507,0.1965459505286505,0.1965459505286501,0.1965459505286505,0.1965459505286503,0.1965459505286504,0.1965459505286507,0.4802199162879345,1.0,1.0,1.0,0.0,24724
0.1965459505286506,0.196545950528651,0.1965459505286503,0.1965459505286507,0.1965459505286505,0.1965459505286501,0.1965459505286505,0.1965459505286503,0.1965459505286504,0.1965459505286507,0.1823586138244519,1.0,1.0,0.0,0.0,25228
0.1965459505286506,0.196545950528651,0.1965459505286503,0.1965459505286507,0.1965459505286505,0.1965459505286501,0.1965459505286505,0.1965459505286503,0.1965459505286504,0.1965459505286507,0.4802199162879345,0.0,1.0,1.0,0.0,25244
0.1965459505286506,0.196545950528651,0.1965459505286503,0.1965459505286507,0.1965459505286505,0.1965459505286501,0.1965459505286505,0.1965459505286503,0.1965459505286504,0.1965459505286507,-0.1155026886390306,1.0,1.0,0.0,1.0,24828
0.1965459505286506,0.196545950528651,0.1965459505286503,0.1965459505286507,0.1965459505286505,0.1965459505286501,0.1965459505286505,0.1965459505286503,0.1965459505286504,0.1965459505286507,0.1823586138244519,1.0,1.0,0.0,0.0,25640
0.1965459505286506,0.196545950528651,0.1965459505286503,0.1965459505286507,0.1965459505286505,0.1965459505286501,0.1965459505286505,0.1965459505286503,0.1965459505286504,0.1965459505286507,0.4802199162879345,1.0,1.0,1.0,0.0,24200
0.1965459505286506,0.196545950528651,0.1965459505286503,0.1965459505286507,0.1965459505286505,0.1965459505286501,0.1965459505286505,0.1965459505286503,0.1965459505286504,0.1965459505286507,-0.1155026886390306,0.0,1.0,0.0,1.0,24908
0.1965459505286506,0.196545950528651,0.1965459505286503,0.1965459505286507,0.1965459505286505,0.1965459505286501,0.1965459505286505,0.1965459505286503,0.1965459505286504,0.1965459505286507,0.1823586138244519,1.0,1.0,0.0,0.0,25452
0.1965459505286506,0.196545950528651,0.1965459505286503,0.1965459505286507,0.1965459505286505,0.1965459505286501,0.1965459505286505,0.1965459505286503,0.1965459505286504,0.1965459505286507,-0.1155026886390306,1.0,1.0,0.0,1.0,24836
0.1965459505286506,0.196545950528651,0.1965459505286503,0.1965459505286507,0.1965459505286505,0.1965459505286501,0.1965459505286505,0.1965459505286503,0.1965459505286504,0.1965459505286507,0.4802199162879345,0.0,1.0,1.0,0.0,25244
0.1965459505286506,0.196545950528651,0.1965459505286503,0.1965459505286507,0.1965459505286505,0.1965459505286501,0.1965459505286505,0.1965459505286503,0.1965459505286504,0.1965459505286507,0.1823586138244519,0.0,1.0,0.0,0.0,24460
0.1965459505286506,0.196545950528651,0.1965459505286503,0.1965459505286507,0.1965459505286505,0.1965459505286501,0.1965459505286505,0.1965459505286503,0.1965459505286504,0.1965459505286507,0.4802199162879345,0.0,1.0,1.0,0.0,24908
0.1965459505286506,0.196545950528651,0.1965459505286503,0.1965459505286507,0.1965459505286505,0.1965459505286501,0.1965459505286505,0.1965459505286503,0.1965459505286504,0.1965459505286507,-0.1155026886390306,0.0,1.0,0.0,1.0,25300
0.1965459505286506,0.196545950528651,0.1965459505286503,0.1965459505286507,0.1965459505286505,0.1965459505286501,0.1965459505286505,0.1965459505286503,0.1965459505286504,0.1965459505286507,0.1823586138244519,0.0,1.0,0.0,0.0,25876
0.1965459505286506,0.196545950528651,0.1965459505286503,0.1965459505286507,0.1965459505286505,0.1965459505286501,0.1965459505286505,0.1965459505286503,0.1965459505286504,0.1965459505286507,0.4802199162879345,0.0,1.0,1.0,0.0,25120
0.1965459505286506,0.196545950528651,0.1965459505286503,0.1965459505286507,0.1965459505286505,0.1965459505286501,0.1965459505286505,0.1965459505286503,0.1965459505286504,0.1965459505286507,-0.1155026886390306,0.0,1.0,0.0,1.0,24724
0.1965459505286506,0.196545950528651,0.1965459505286503,0.1965459505286507,0.1965459505286505,0.1965459505286501,0.1965459505286505,0.1965459505286503,0.1965459505286504,0.1965459505286507,0.1823586138244519,1.0,0.0,0.0,0.0,25228
0.1965459505286506,0.196545950528651,0.1965459505286503,0.1965459505286507,0.1965459505286505,0.1965459505286501,0.1965459505286505,0.1965459505286503,0.1965459505286504,0.1965459505286507,-0.1155026886390306,1.0,0.0,0.0,1.0,25244
0.1965459505286506,0.196545950528651,0.1965459505286503,0.1965459505286507,0.1965459505286505,0.1965459505286501,0.1965459505286505,0.1965459505286503,0.1965459505286504,0.1965459505286507,0.4802199162879345,1.0,0.0,1.0,0.0,24828
0.1965459505286506,0.196545950528651,0.1965459505286503,0.1965459505286507,0.1965459505286505,0.1965459505286501,0.1965459505286505,0.1965459505286503,0.1965459505286504,0.1965459505286507,0.4802199162879345,1.0,0.0,1.0,0.0,25640
0.1965459505286506,0.196545950528651,0.1965459505286503,0.1965459505286507,0.1965459505286505,0.1965459505286501,0.1965459505286505,0.1965459505286503,0.1965459505286504,0.1965459505286507,0.4802199162879345,1.0,0.0,1.0,0.0,24200
0.1965459505286506,0.196545950528651,0.1965459505286503,0.1965459505286507,0.1965459505286505,0.1965459505286501,0.1965459505286505,0.1965459505286503,0.1965459505286504,0.1965459505286507,0.4802199162879345,1.0,0.0,1.0,0.0,24908
0.1965459505286506,0.196545950528651,0.1965459505286503,0.1965459505286507,0.1965459505286505,0.1965459505286501,0.1965459505286505,0.1965459505286503,0.1965459505286504,0.1965459505286507,0.1823586138244519,1.0,0.0,0.0,0.0,25452
0.1965459505286506,0.196545950528651,0.1965459505286503,0.1965459505286507,0.1965459505286505,0.1965459505286501,0.1965459505286505,0.1965459505286503,0.1965459505286504,0.1965459505286507,0.4802199162879345,1.0,0.0,1.0,0.0,24836
0.1965459505286506,0.196545950528651,0.1965459505286503,0.1965459505286507,0.1965459505286505,0.1965459505286501,0.1965459505286505,0.1965459505286503,0.1965459505286504,0.1965459505286507,0.4802199162879345,0.0,0.0,1.0,0.0,25244
0.1965459505286506,0.196545950528651,0.1965459505286503,0.1965459505286507,0.1965459505286505,0.1965459505286501,0.1965459505286505,0.1965459505286503,0.1965459505286504,0.1965459505286507,0.4802199162879345,0.0,0.0,1.0,0.0,24460
0.1965459505286506,0.196545950528651,0.1965459505286503,0.1965459505286507,0.1965459505286505,0.1965459505286501,0.1965459505286505,0.1965459505286503,0.1965459505286504,0.1965459505286507,-0.1155026886390306,0.0,0.0,0.0,1.0,24908
0.1965459505286506,0.196545950528651,0.1965459505286503,0.1965459505286507,0.1965459505286505,0.1965459505286501,0.1965459505286505,0.1965459505286503,0.1965459505286504,0.1965459505286507,-0.1155026886390306,0.0,1.0,0.0,1.0,25300
0.1965459505286506,0.196545950528651,0.1965459505286503,0.1965459505286507,0.1965459505286505,0.1965459505286501,0.1965459505286505,0.1965459505286503,0.1965459505286504,0.1965459505286507,-0.1155026886390306,0.0,1.0,0.0,1.0,25876
0.1965459505286506,0.196545950528651,0.1965459505286503,0.1965459505286507,0.1965459505286505,0.1965459505286501,0.1965459505286505,0.1965459505286503,0.1965459505286504,0.1965459505286507,0.4802199162879345,0.0,1.0,1.0,0.0,25120
0.1965459505286506,0.196545950528651,0.1965459505286503,0.1965459505286507,0.1965459505286505,0.1965459505286501,0.1965459505286505,0.1965459505286503,0.1965459505286504,0.1965459505286507,-0.1155026886390306,0.0,1.0,0.0,1.0,24724
0.1965459505286506,0.196545950528651,0.1965459505286503,0.1965459505286507,0.1965459505286505,0.1965459505286501,0.1965459505286505,0.1965459505286503,0.1965459505286504,0.1965459505286507,0.1823586138244519,0.0,1.0,0.0,0.0,25228
0.1965459505286506,0.196545950528651,0.1965459505286503,0.1965459505286507,0.1965459505286505,0.1965459505286501,0.1965459505286505,0.1965459505286503,0.1965459505286504,0.1965459505286507,-0.1155026886390306,1.0,1.0,0.0,1.0,25244
0.1965459505286506,0.196545950528651,0.1965459505286503,0.1965459505286507,0.1965459505286505,0.1965459505286501,0.1965459505286505,0.1965459505286503,0.1965459505286504,0.1965459505286507,-0.1155026886390306,1.0,1.0,0.0,1.0,24828
0.1965459505286506,0.196545950528651,0.1965459505286503,0.1965459505286507,0.1965459505286505,0.1965459505286501,0.1965459505286505,0.1965459505286503,0.1965459505286504,0.1965459505286507,0.1823586138244519,1.0,1.0,0.0,0.0,25640
0.1965459505286506,0.196545950528651,0.1965459505286503,0.1965459505286507,0.1965459505286505,0.1965459505286501,0.1965459505286505,0.1965459505286503,0.1965459505286504,0.1965459505286507,0.4802199162879345,1.0,1.0,1.0,0.0,24200
0.1965459505286506,0.196545950528651,0.1965459505286503,0.1965459505286507,0.1965459505286505,0.1965459505286501,0.1965459505286505,0.1965459505286503,0.1965459505286504,0.1965459505286507,-0.1155026886390306,1.0,1.0,0.0,1.0,24908
0.1965459505286506,0.196545950528651,0.1965459505286503,0.1965459505286507,0.1965459505286505,0.1965459505286501,0.1965459505286505,0.1965459505286503,0.1965459505286504,0.1965459505286507,0.1823586138244519,1.0,1.0,0.0,0.0,25452
0.1965459505286506,0.196545950528651,0.1965459505286503,0.1965459505286507,0.1965459505286505,0.1965459505286501,0.1965459505286505,0.1965459505286503,0.1965459505286504,0.1965459505286507,0.4802199162879345,1.0,1.0,1.0,0.0,24836
0.1965459505286506,0.196545950528651,0.1965459505286503,0.1965459505286507,0.1965459505286505,0.1965459505286501,0.1965459505286505,0.1965459505286503,0.1965459505286504,0.1965459505286507,-0.1155026886390306,0.0,1.0,0.0,1.0,25244
0.1965459505286506,0.196545950528651,0.1965459505286503,0.1965459505286507,0.1965459505286505,0.1965459505286501,0.1965459505286505,0.1965459505286503,0.1965459505286504,0.1965459505286507,0.1823586138244519,1.0,1.0,0.0,0.0,24460
0.1965459505286506,0.196545950528651,0.1965459505286503,0.1965459505286507,0.1965459505286505,0.1965459505286501,0.1965459505286505,0.1965459505286503,0.1965459505286504,0.1965459505286507,-0.1155026886390306,0.0,1.0,0.0,1.0,24908
0.1965459505286506,0.196545950528651,0.1965459505286503,0.1965459505286507,0.1965459505286505,0.1965459505286501,0.1965459505286505,0.1965459505286503,0.1965459505286504,0.1965459505286507,0.4802199162879345,1.0,1.0,1.0,0.0,25300
0.1965459505286506,0.196545950528651,0.1965459505286503,0.1965459505286507,0.1965459505286505,0.1965459505286501,0.1965459505286505,0.1965459505286503,0.1965459505286504,0.1965459505286507,0.1823586138244519,0.0,1.0,0.0,0.0,25876
0.1965459505286506,0.196545950528651,0.1965459505286503,0.1965459505286507,0.1965459505286505,0.1965459505286501,0.1965459505286505,0.1965459505286503,0.1965459505286504,0.1965459505286507,0.4802199162879345,0.0,1.0,1.0,0.0,25120
0.1965459505286506,0.196545950528651,0.1965459505286503,0.1965459505286507,0.1965459505286505,0.1965459505286501,0.1965459505286505,0.1965459505286503,0.1965459505286504,0.1965459505286507,-0.1155026886390306,1.0,1.0,0.0,1.0,24724
0.1965459505286506,0.196545950528651,0.1965459505286503,0.1965459505286507,0.1965459505286505,0.1965459505286501,0.1965459505286505,0.1965459505286503,0.1965459505286504,0.1965459505286507,0.1823586138244519,0.0,1.0,0.0,0.0,25228
0.1965459505286506,0.196545950528651,0.1965459505286503,0.1965459505286507,0.1965459505286505,0.1965459505286501,0.1965459505286505,0.1965459505286503,0.1965459505286504,0.1965459505286507,0.4802199162879345,1.0,1.0,1.0,0.0,25244
0.1965459505286506,0.196545950528651,0.1965459505286503,0.1965459505286507,0.1965459505286505,0.1965459505286501,0.1965459505286505,0.1965459505286503,0.1965459505286504,0.1965459505286507,-0.1155026886390306,0.0,1.0,0.0,1.0,24828
0.1965459505286506,0.196545950528651,0.1965459505286503,0.1965459505286507,0.1965459505286505,0.1965459505286501,0.1965459505286505,0.1965459505286503,0.1965459505286504,0.1965459505286507,0.1823586138244519,1.0,1.0,0.0,0.0,25640
0.1965459505286506,0.196545950528651,0.1965459505286503,0.1965459505286507,0.1965459505286505,0.1965459505286501,0.1965459505286505,0.1965459505286503,0.1965459505286504,0.1965459505286507,-0.1155026886390306,0.0,1.0,0.0,1.0,24200
0.1965459505286506,0.196545950528651,0.1965459505286503,0.1965459505286507,0.1965459505286505,0.1965459505286501,0.1965459505286505,0.1965459505286503,0.1965459505286504,0.1965459505286507,0.4802199162879345,1.0,1.0,1.0,0.0,24908
0.1965459505286506,0.196545950528651,0.1965459505286503,0.1965459505286507,0.1965459505286505,0.1965459505286501,0.1965459505286505,0.1965459505286503,0.1965459505286504,0.1965459505286507,0.1823586138244519,1.0,1.0,0.0,0.0,25452
0.1965459505286506,0.196545950528651,0.1965459505286503,0.1965459505286507,0.1965459505286505,0.1965459505286501,0.1965459505286505,0.1965459505286503,0.1965459505286504,0.1965459505286507,0.4802199162879345,0.0,1.0,1.0,0.0,24836
0.1965459505286506,0.196545950528651,0.1965459505286503,0.1965459505286507,0.1965459505286505,0.1965459505286501,0.1965459505286505,0.1965459505286503,0.1965459505286504,0.1965459505286507,-0.1155026886390306,1.0,1.0,0.0,1.0,25244
0.1965459505286506,0.196545950528651,0.1965459505286503,0.1965459505286507,0.1965459505286505,0.1965459505286501,0.1965459505286505,0.1965459505286503,0.1965459505286504,0.1965459505286507,0.1823586138244519,1.0,1.0,0.0,0.0,24460
0.1965459505286506,0.196545950528651,0.1965459505286503,0.1965459505286507,0.1965459505286505,0.1965459505286501,0.1965459505286505,0.1965459505286503,0.1965459505286504,0.1965459505286507,0.4802199162879345,0.0,1.0,1.0,0.0,24908
0.1965459505286506,0.196545950528651,0.1965459505286503,0.1965459505286507,0.1965459505286505,0.1965459505286501,0.1965459505286505,0.1965459505286503,0.1965459505286504,0.1965459505286507,-0.1155026886390306,1.0,1.0,0.0,1.0,24080
0.1965459505286506,0.196545950528651,0.1965459505286503,0.1965459505286507,0.1965459505286505,0.1965459505286501,0.1965459505286505,0.1965459505286503,0.1965459505286504,0.1965459505286507,0.1823586138244519,1.0,0.0,0.0,0.0,25668
0.1965459505286506,0.196545950528651,0.1965459505286503,0.1965459505286507,0.1965459505286505,0.1965459505286501,0.1965459505286505,0.1965459505286503,0.1965459505286504,0.1965459505286507,-0.1155026886390306,1.0,0.0,0.0,1.0,25584
0.1965459505286506,0.196545950528651,0.1965459505286503,0.1965459505286507,0.1965459505286505,0.1965459505286501,0.1965459505286505,0.1965459505286503,0.1965459505286504,0.1965459505286507,0.4802199162879345,1.0,0.0,1.0,0.0,25244
0.1965459505286506,0.196545950528651,0.1965459505286503,0.1965459505286507,0.1965459505286505,0.1965459505286501,0.1965459505286505,0.1965459505286503,0.1965459505286504,0.1965459505286507,0.4802199162879345,0.0,0.0,1.0,0.0,24324
0.1965459505286506,0.196545950528651,0.1965459505286503,0.1965459505286507,0.1965459505286505,0.1965459505286501,0.1965459505286505,0.1965459505286503,0.1965459505286504,0.1965459505286507,0.4802199162879345,1.0,0.0,1.0,0.0,25136
0.1965459505286506,0.196545950528651,0.1965459505286503,0.1965459505286507,0.1965459505286505,0.1965459505286501,0.1965459505286505,0.1965459505286503,0.1965459505286504,0.1965459505286507,0.4802199162879345,0.0,0.0,1.0,0.0,24772
0.1965459505286506,0.196545950528651,0.1965459505286503,0.1965459505286507,0.1965459505286505,0.1965459505286501,0.1965459505286505,0.1965459505286503,0.1965459505286504,0.1965459505286507,0.1823586138244519,1.0,0.0,0.0,0.0,24912
0.1965459505286506,0.196545950528651,0.1965459505286503,0.1965459505286507,0.1965459505286505,0.1965459505286501,0.1965459505286505,0.1965459505286503,0.1965459505286504,0.1965459505286507,0.4802199162879345,1.0,0.0,1.0,0.0,23616
0.1965459505286506,0.196545950528651,0.1965459505286503,0.1965459505286507,0.1965459505286505,0.1965459505286501,0.1965459505286505,0.1965459505286503,0.1965459505286504,0.1965459505286507,0.4802199162879345,0.0,0.0,1.0,0.0,23424
0.1965459505286506,0.196545950528651,0.1965459505286503,0.1965459505286507,0.1965459505286505,0.1965459505286501,0.1965459505286505,0.1965459505286503,0.1965459505286504,0.1965459505286507,0.4802199162879345,1.0,0.0,1.0,0.0,22568
0.1965459505286506,0.196545950528651,0.1965459505286503,0.1965459505286507,0.1965459505286505,0.1965459505286501,0.1965459505286505,0.1965459505286503,0.1965459505286504,0.1965459505286507,-0.1155026886390306,0.0,0.0,0.0,1.0,24000
0.1965459505286506,0.196545950528651,0.1965459505286503,0.1965459505286507,0.1965459505286505,0.1965459505286501,0.1965459505286505,0.1965459505286503,0.1965459505286504,0.1965459505286507,-0.1155026886390306,0.0,0.0,0.0,1.0,23544
0.1965459505286506,0.196545950528651,0.1965459505286503,0.1965459505286507,0.1965459505286505,0.1965459505286501,0.1965459505286505,0.1965459505286503,0.1965459505286504,0.1965459505286507,-0.1155026886390306,1.0,0.0,0.0,1.0,23704
0.1965459505286506,0.196545950528651,0.1965459505286503,0.1965459505286507,0.1965459505286505,0.1965459505286501,0.1965459505286505,0.1965459505286503,0.1965459505286504,0.1965459505286507,0.4802199162879345,0.0,0.0,1.0,0.0,22360
0.1965459505286506,0.196545950528651,0.1965459505286503,0.1965459505286507,0.1965459505286505,0.1965459505286501,0.1965459505286505,0.1965459505286503,0.1965459505286504,0.1965459505286507,-0.1155026886390306,0.0,0.0,0.0,1.0,21888
0.1965459505286506,0.196545950528651,0.1965459505286503,0.1965459505286507,0.1965459505286505,0.1965459505286501,0.1965459505286505,0.1965459505286503,0.1965459505286504,0.1965459505286507,0.1823586138244519,0.0,0.0,0.0,0.0,23532
0.1965459505286506,0.196545950528651,0.1965459505286503,0.1965459505286507,0.1965459505286505,0.1965459505286501,0.1965459505286505,0.1965459505286503,0.1965459505286504,0.1965459505286507,-0.1155026886390306,0.0,1.0,0.0,1.0,22812
0.1965459505286506,0.196545950528651,0.1965459505286503,0.1965459505286507,0.1965459505286505,0.1965459505286501,0.1965459505286505,0.1965459505286503,0.1965459505286504,0.1965459505286507,-0.1155026886390306,1.0,1.0,0.0,1.0,23632
0.1965459505286506,0.196545950528651,0.1965459505286503,0.1965459505286507,0.1965459505286505,0.1965459505286501,0.1965459505286505,0.1965459505286503,0.1965459505286504,0.1965459505286507,0.1823586138244519,0.0,1.0,0.0,0.0,23728
0.1965459505286506,0.196545950528651,0.1965459505286503,0.1965459505286507,0.1965459505286505,0.1965459505286501,0.1965459505286505,0.1965459505286503,0.1965459505286504,0.1965459505286507,0.4802199162879345,1.0,1.0,1.0,0.0,22108
0.1965459505286506,0.196545950528651,0.1965459505286503,0.1965459505286507,0.1965459505286505,0.1965459505286501,0.1965459505286505,0.1965459505286503,0.1965459505286504,0.1965459505286507,-0.1155026886390306,1.0,1.0,0.0,1.0,21640
0.1965459505286506,0.196545950528651,0.1965459505286503,0.1965459505286507,0.1965459505286505,0.1965459505286501,0.1965459505286505,0.1965459505286503,0.1965459505286504,0.1965459505286507,0.1823586138244519,0.0,1.0,0.0,0.0,22892
0.1965459505286506,0.196545950528651,0.1965459505286503,0.1965459505286507,0.1965459505286505,0.1965459505286501,0.1965459505286505,0.1965459505286503,0.1965459505286504,0.1965459505286507,0.4802199162879345,1.0,1.0,1.0,0.0,21852
0.1965459505286506,0.196545950528651,0.1965459505286503,0.1965459505286507,0.1965459505286505,0.1965459505286501,0.1965459505286505,0.1965459505286503,0.1965459505286504,0.1965459505286507,-0.1155026886390306,1.0,1.0,0.0,1.0,22512
0.1965459505286506,0.196545950528651,0.1965459505286503,0.1965459505286507,0.1965459505286505,0.1965459505286501,0.1965459505286505,0.1965459505286503,0.1965459505286504,0.1965459505286507,0.1823586138244519,1.0,0.0,0.0,0.0,23120
0.1965459505286506,0.196545950528651,0.1965459505286503,0.1965459505286507,0.1965459505286505,0.1965459505286501,0.1965459505286505,0.1965459505286503,0.1965459505286504,0.1965459505286507,-0.1155026886390306,0.0,0.0,0.0,1.0,22576
0.1965459505286506,0.196545950528651,0.1965459505286503,0.1965459505286507,0.1965459505286505,0.1965459505286501,0.1965459505286505,0.1965459505286503,0.1965459505286504,0.1965459505286507,0.4802199162879345,0.0,0.0,1.0,0.0,23420
0.1965459505286506,0.196545950528651,0.1965459505286503,0.1965459505286507,0.1965459505286505,0.1965459505286501,0.1965459505286505,0.1965459505286503,0.1965459505286504,0.1965459505286507,0.1823586138244519,0.0,0.0,0.0,0.0,23492
0.1965459505286506,0.196545950528651,0.1965459505286503,0.1965459505286507,0.1965459505286505,0.1965459505286501,0.1965459505286505,0.1965459505286503,0.1965459505286504,0.1965459505286507,0.4802199162879345,1.0,0.0,1.0,0.0,23532
0.1965459505286506,0.196545950528651,0.1965459505286503,0.1965459505286507,0.1965459505286505,0.1965459505286501,0.1965459505286505,0.1965459505286503,0.1965459505286504,0.1965459505286507,-0.1155026886390306,0.0,0.0,0.0,1.0,23632
0.1965459505286506,0.196545950528651,0.1965459505286503,0.1965459505286507,0.1965459505286505,0.1965459505286501,0.1965459505286505,0.1965459505286503,0.1965459505286504,0.1965459505286507,0.1823586138244519,1.0,0.0,0.0,0.0,23344
0.1965459505286506,0.196545950528651,0.1965459505286503,0.1965459505286507,0.1965459505286505,0.1965459505286501,0.1965459505286505,0.1965459505286503,0.1965459505286504,0.1965459505286507,0.4802199162879345,0.0,0.0,1.0,0.0,23444
0.1965459505286506,0.196545950528651,0.1965459505286503,0.1965459505286507,0.1965459505286505,0.1965459505286501,0.1965459505286505,0.1965459505286503,0.1965459505286504,0.1965459505286507,-0.1155026886390306,0.0,0.0,0.0,1.0,21640
0.1965459505286506,0.196545950528651,0.1965459505286503,0.1965459505286507,0.1965459505286505,0.1965459505286501,0.1965459505286505,0.1965459505286503,0.1965459505286504,0.1965459505286507,0.1823586138244519,1.0,1.0,0.0,0.0,22892
0.1965459505286506,0.196545950528651,0.1965459505286503,0.1965459505286507,0.1965459505286505,0.1965459505286501,0.1965459505286505,0.1965459505286503,0.1965459505286504,0.1965459505286507,-0.1155026886390306,1.0,1.0,0.0,1.0,23020
0.1965459505286506,0.196545950528651,0.1965459505286503,0.1965459505286507,0.1965459505286505,0.1965459505286501,0.1965459505286505,0.1965459505286503,0.1965459505286504,0.1965459505286507,0.4802199162879345,0.0,1.0,1.0,0.0,22512
0.1965459505286506,0.196545950528651,0.1965459505286503,0.1965459505286507,0.1965459505286505,0.1965459505286501,0.1965459505286505,0.1965459505286503,0.1965459505286504,0.1965459505286507,0.1823586138244519,1.0,1.0,0.0,0.0,21968
0.1965459505286506,0.196545950528651,0.1965459505286503,0.1965459505286507,0.1965459505286505,0.1965459505286501,0.1965459505286505,0.1965459505286503,0.1965459505286504,0.1965459505286507,0.4802199162879345,0.0,1.0,1.0,0.0,23452
0.1965459505286506,0.196545950528651,0.1965459505286503,0.1965459505286507,0.1965459505286505,0.1965459505286501,0.1965459505286505,0.1965459505286503,0.1965459505286504,0.1965459505286507,-0.1155026886390306,1.0,1.0,0.0,1.0,23032
0.1965459505286506,0.196545950528651,0.1965459505286503,0.1965459505286507,0.1965459505286505,0.1965459505286501,0.1965459505286505,0.1965459505286503,0.1965459505286504,0.1965459505286507,0.1823586138244519,1.0,1.0,0.0,0.0,23492
0.1965459505286506,0.196545950528651,0.1965459505286503,0.1965459505286507,0.1965459505286505,0.1965459505286501,0.1965459505286505,0.1965459505286503,0.1965459505286504,0.1965459505286507,0.4802199162879345,0.0,1.0,1.0,0.0,23532
0.1965459505286506,0.196545950528651,0.1965459505286503,0.1965459505286507,0.1965459505286505,0.1965459505286501,0.1965459505286505,0.1965459505286503,0.1965459505286504,0.1965459505286507,-0.1155026886390306,1.0,1.0,0.0,1.0,23856
0.1965459505286506,0.196545950528651,0.1965459505286503,0.1965459505286507,0.1965459505286505,0.1965459505286501,0.1965459505286505,0.1965459505286503,0.1965459505286504,0.1965459505286507,0.1823586138244519,0.0,1.0,0.0,0.0,22020
0.1965459505286506,0.196545950528651,0.1965459505286503,0.1965459505286507,0.1965459505286505,0.1965459505286501,0.1965459505286505,0.1965459505286503,0.1965459505286504,0.1965459505286507,-0.1155026886390306,1.0,1.0,0.0,1.0,22108
0.1965459505286506,0.196545950528651,0.1965459505286503,0.1965459505286507,0.1965459505286505,0.1965459505286501,0.1965459505286505,0.1965459505286503,0.1965459505286504,0.1965459505286507,0.4802199162879345,0.0,1.0,1.0,0.0,21640
0.1965459505286506,0.196545950528651,0.1965459505286503,0.1965459505286507,0.1965459505286505,0.1965459505286501,0.1965459505286505,0.1965459505286503,0.1965459505286504,0.1965459505286507,0.4802199162879345,0.0,1.0,1.0,0.0,23520
0.1965459505286506,0.196545950528651,0.1965459505286503,0.1965459505286507,0.1965459505286505,0.1965459505286501,0.1965459505286505,0.1965459505286503,0.1965459505286504,0.1965459505286507,0.4802199162879345,1.0,1.0,1.0,0.0,21852
0.1965459505286506,0.196545950528651,0.1965459505286503,0.1965459505286507,0.1965459505286505,0.1965459505286501,0.1965459505286505,0.1965459505286503,0.1965459505286504,0.1965459505286507,0.4802199162879345,0.0,1.0,1.0,0.0,23372
0.1965459505286506,0.196545950528651,0.1965459505286503,0.1965459505286507,0.1965459505286505,0.1965459505286501,0.1965459505286505,0.1965459505286503,0.1965459505286504,0.1965459505286507,0.1823586138244519,1.0,1.0,0.0,0.0,23664
0.1965459505286506,0.196545950528651,0.1965459505286503,0.1965459505286507,0.1965459505286505,0.1965459505286501,0.1965459505286505,0.1965459505286503,0.1965459505286504,0.1965459505286507,0.4802199162879345,0.0,1.0,1.0,0.0,21812
0.1965459505286506,0.196545950528651,0.1965459505286503,0.1965459505286507,0.1965459505286505,0.1965459505286501,0.1965459505286505,0.1965459505286503,0.1965459505286504,0.1965459505286507,0.4802199162879345,1.0,1.0,1.0,0.0,23856
0.1965459505286506,0.196545950528651,0.1965459505286503,0.1965459505286507,0.1965459505286505,0.1965459505286501,0.1965459505286505,0.1965459505286503,0.1965459505286504,0.1965459505286507,0.4802199162879345,0.0,0.0,1.0,0.0,23492
0.1965459505286506,0.196545950528651,0.1965459505286503,0.1965459505286507,0.1965459505286505,0.1965459505286501,0.1965459505286505,0.1965459505286503,0.1965459505286504,0.1965459505286507,-0.1155026886390306,1.0,0.0,0.0,1.0,23532
0.1965459505286506,0.196545950528651,0.1965459505286503,0.1965459505286507,0.1965459505286505,0.1965459505286501,0.1965459505286505,0.1965459505286503,0.1965459505286504,0.1965459505286507,-0.1155026886390306,1.0,0.0,0.0,1.0,23104
0.1965459505286506,0.196545950528651,0.1965459505286503,0.1965459505286507,0.1965459505286505,0.1965459505286501,0.1965459505286505,0.1965459505286503,0.1965459505286504,0.1965459505286507,-0.1155026886390306,1.0,0.0,0.0,1.0,23344
0.1965459505286506,0.196545950528651,0.1965459505286503,0.1965459505286507,0.1965459505286505,0.1965459505286501,0.1965459505286505,0.1965459505286503,0.1965459505286504,0.1965459505286507,0.4802199162879345,1.0,0.0,1.0,0.0,22108
0.1965459505286506,0.196545950528651,0.1965459505286503,0.1965459505286507,0.1965459505286505,0.1965459505286501,0.1965459505286505,0.1965459505286503,0.1965459505286504,0.1965459505286507,-0.1155026886390306,0.0,0.0,0.0,1.0,22372
0.1965459505286506,0.196545950528651,0.1965459505286503,0.1965459505286507,0.1965459505286505,0.1965459505286501,0.1965459505286505,0.1965459505286503,0.1965459505286504,0.1965459505286507,0.1823586138244519,1.0,0.0,0.0,0.0,22892
0.1965459505286506,0.196545950528651,0.1965459505286503,0.1965459505286507,0.1965459505286505,0.1965459505286501,0.1965459505286505,0.1965459505286503,0.1965459505286504,0.1965459505286507,-0.1155026886390306,1.0,0.0,0.0,1.0,21852
0.1965459505286506,0.196545950528651,0.1965459505286503,0.1965459505286507,0.1965459505286505,0.1965459505286501,0.1965459505286505,0.1965459505286503,0.1965459505286504,0.1965459505286507,-0.1155026886390306,0.0,0.0,0.0,1.0,21968
0.1965459505286506,0.196545950528651,0.1965459505286503,0.1965459505286507,0.1965459505286505,0.1965459505286501,0.1965459505286505,0.1965459505286503,0.1965459505286504,0.1965459505286507,0.1823586138244519,1.0,0.0,0.0,0.0,22120
0.1965459505286506,0.196545950528651,0.1965459505286503,0.1965459505286507,0.1965459505286505,0.1965459505286501,0.1965459505286505,0.1965459505286503,0.1965459505286504,0.1965459505286507,0.4802199162879345,1.0,1.0,1.0,0.0,21812
0.1965459505286506,0.196545950528651,0.1965459505286503,0.1965459505286507,0.1965459505286505,0.1965459505286501,0.1965459505286505,0.1965459505286503,0.1965459505286504,0.1965459505286507,-0.1155026886390306,0.0,1.0,0.0,1.0,22448
0.1965459505286506,0.196545950528651,0.1965459505286503,0.1965459505286507,0.1965459505286505,0.1965459505286501,0.1965459505286505,0.1965459505286503,0.1965459505286504,0.1965459505286507,0.1823586138244519,1.0,1.0,0.0,0.0,23492
0.1965459505286506,0.196545950528651,0.1965459505286503,0.1965459505286507,0.1965459505286505,0.1965459505286501,0.1965459505286505,0.1965459505286503,0.1965459505286504,0.1965459505286507,0.4802199162879345,1.0,1.0,1.0,0.0,22312
0.1965459505286506,0.196545950528651,0.1965459505286503,0.1965459505286507,0.1965459505286505,0.1965459505286501,0.1965459505286505,0.1965459505286503,0.1965459505286504,0.1965459505286507,-0.1155026886390306,1.0,1.0,0.0,1.0,23632
0.1965459505286506,0.196545950528651,0.1965459505286503,0.1965459505286507,0.1965459505286505,0.1965459505286501,0.1965459505286505,0.1965459505286503,0.1965459505286504,0.1965459505286507,0.1823586138244519,0.0,1.0,0.0,0.0,23344
0.1965459505286506,0.196545950528651,0.1965459505286503,0.1965459505286507,0.1965459505286505,0.1965459505286501,0.1965459505286505,0.1965459505286503,0.1965459505286504,0.1965459505286507,-0.1155026886390306,1.0,1.0,0.0,1.0,22108
0.1965459505286506,0.196545950528651,0.1965459505286503,0.1965459505286507,0.1965459505286505,0.1965459505286501,0.1965459505286505,0.1965459505286503,0.1965459505286504,0.1965459505286507,0.4802199162879345,1.0,1.0,1.0,0.0,23996
0.1965459505286506,0.196545950528651,0.1965459505286503,0.1965459505286507,0.1965459505286505,0.1965459505286501,0.1965459505286505,0.1965459505286503,0.1965459505286504,0.1965459505286507,0.1823586138244519,0.0,1.0,0.0,0.0,22892
0.1965459505286506,0.196545950528651,0.1965459505286503,0.1965459505286507,0.1965459505286505,0.1965459505286501,0.1965459505286505,0.1965459505286503,0.1965459505286504,0.1965459505286507,0.4802199162879345,0.0,1.0,1.0,0.0,22252
0.1965459505286506,0.196545950528651,0.1965459505286503,0.1965459505286507,0.1965459505286505,0.1965459505286501,0.1965459505286505,0.1965459505286503,0.1965459505286504,0.1965459505286507,-0.1155026886390306,0.0,1.0,0.0,1.0,23452
0.1965459505286506,0.196545950528651,0.1965459505286503,0.1965459505286507,0.1965459505286505,0.1965459505286501,0.1965459505286505,0.1965459505286503,0.1965459505286504,0.1965459505286507,0.1823586138244519,0.0,0.0,0.0,0.0,23420
0.1965459505286506,0.196545950528651,0.1965459505286503,0.1965459505286507,0.1965459505286505,0.1965459505286501,0.1965459505286505,0.1965459505286503,0.1965459505286504,0.1965459505286507,0.4802199162879345,0.0,0.0,1.0,0.0,23304
0.1965459505286506,0.196545950528651,0.1965459505286503,0.1965459505286507,0.1965459505286505,0.1965459505286501,0.1965459505286505,0.1965459505286503,0.1965459505286504,0.1965459505286507,-0.1155026886390306,0.0,0.0,0.0,1.0,22448
0.1965459505286506,0.196545950528651,0.1965459505286503,0.1965459505286507,0.1965459505286505,0.1965459505286501,0.1965459505286505,0.1965459505286503,0.1965459505286504,0.1965459505286507,0.1823586138244519,0.0,0.0,0.0,0.0,23492
0.1965459505286506,0.196545950528651,0.1965459505286503,0.1965459505286507,0.1965459505286505,0.1965459505286501,0.1965459505286505,0.1965459505286503,0.1965459505286504,0.1965459505286507,-0.1155026886390306,1.0,0.0,0.0,1.0,23080
0.1965459505286506,0.196545950528651,0.1965459505286503,0.1965459505286507,0.1965459505286505,0.1965459505286501,0.1965459505286505,0.1965459505286503,0.1965459505286504,0.1965459505286507,0.4802199162879345,1.0,0.0,1.0,0.0,23344
0.1965459505286506,0.196545950528651,0.1965459505286503,0.1965459505286507,0.1965459505286505,0.1965459505286501,0.1965459505286505,0.1965459505286503,0.1965459505286504,0.1965459505286507,0.1823586138244519,1.0,0.0,0.0,0.0,22892
0.1965459505286506,0.196545950528651,0.1965459505286503,0.1965459505286507,0.1965459505286505,0.1965459505286501,0.1965459505286505,0.1965459505286503,0.1965459505286504,0.1965459505286507,0.4802199162879345,1.0,0.0,1.0,0.0,22860
0.1965459505286506,0.196545950528651,0.1965459505286503,0.1965459505286507,0.1965459505286505,0.1965459505286501,0.1965459505286505,0.1965459505286503,0.1965459505286504,0.1965459505286507,-0.1155026886390306,1.0,0.0,0.0,1.0,23492
0.1965459505286506,0.196545950528651,0.1965459505286503,0.1965459505286507,0.1965459505286505,0.1965459505286501,0.1965459505286505,0.1965459505286503,0.1965459505286504,0.1965459505286507,0.1823586138244519,1.0,0.0,0.0,0.0,22892
0.1965459505286506,0.196545950528651,0.1965459505286503,0.1965459505286507,0.1965459505286505,0.1965459505286501,0.1965459505286505,0.1965459505286503,0.1965459505286504,0.1965459505286507,0.4802199162879345,1.0,1.0,1.0,0.0,23344
0.1965459505286506,0.196545950528651,0.1965459505286503,0.1965459505286507,0.1965459505286505,0.1965459505286501,0.1965459505286505,0.1965459505286503,0.1965459505286504,0.1965459505286507,-0.1155026886390306,1.0,1.0,0.0,1.0,22892
0.1965459505286506,0.196545950528651,0.1965459505286503,0.1965459505286507,0.1965459505286505,0.1965459505286501,0.1965459505286505,0.1965459505286503,0.1965459505286504,0.1965459505286507,0.1823586138244519,0.0,1.0,0.0,0.0,23844
0.1965459505286506,0.196545950528651,0.1965459505286503,0.1965459505286507,0.1965459505286505,0.1965459505286501,0.1965459505286505,0.1965459505286503,0.1965459505286504,0.1965459505286507,-0.1155026886390306,0.0,1.0,0.0,1.0,23492
0.1965459505286506,0.196545950528651,0.1965459505286503,0.1965459505286507,0.1965459505286505,0.1965459505286501,0.1965459505286505,0.1965459505286503,0.1965459505286504,0.1965459505286507,0.4802199162879345,0.0,1.0,1.0,0.0,23216
0.1965459505286506,0.196545950528651,0.1965459505286503,0.1965459505286507,0.1965459505286505,0.1965459505286501,0.1965459505286505,0.1965459505286503,0.1965459505286504,0.1965459505286507,0.4802199162879345,0.0,1.0,1.0,0.0,22892
0.1965459505286506,0.196545950528651,0.1965459505286503,0.1965459505286507,0.1965459505286505,0.1965459505286501,0.1965459505286505,0.1965459505286503,0.1965459505286504,0.1965459505286507,0.4802199162879345,0.0,1.0,1.0,0.0,23420
0.1965459505286506,0.196545950528651,0.1965459505286503,0.1965459505286507,0.1965459505286505,0.1965459505286501,0.1965459505286505,0.1965459505286503,0.1965459505286504,0.1965459505286507,0.4802199162879345,0.0,1.0,1.0,0.0,23112
0.1965459505286506,0.196545950528651,0.1965459505286503,0.1965459505286507,0.1965459505286505,0.1965459505286501,0.1965459505286505,0.1965459505286503,0.1965459505286504,0.1965459505286507,0.1823586138244519,0.0,1.0,0.0,0.0,23632
0.1965459505286506,0.196545950528651,0.1965459505286503,0.1965459505286507,0.1965459505286505,0.1965459505286501,0.1965459505286505,0.1965459505286503,0.1965459505286504,0.1965459505286507,0.4802199162879345,0.0,1.0,1.0,0.0,23876
0.1965459505286506,0.196545950528651,0.1965459505286503,0.1965459505286507,0.1965459505286505,0.1965459505286501,0.1965459505286505,0.1965459505286503,0.1965459505286504,0.1965459505286507,0.4802199162879345,1.0,1.0,1.0,0.0,21640
0.1965459505286506,0.196545950528651,0.1965459505286503,0.1965459505286507,0.1965459505286505,0.1965459505286501,0.1965459505286505,0.1965459505286503,0.1965459505286504,0.1965459505286507,0.4802199162879345,1.0,1.0,1.0,0.0,22512
0.1965459505286506,0.196545950528651,0.1965459505286503,0.1965459505286507,0.1965459505286505,0.1965459505286501,0.1965459505286505,0.1965459505286503,0.1965459505286504,0.1965459505286507,-0.1155026886390306,1.0,1.0,0.0,1.0,23776
0.1965459505286506,0.196545950528651,0.1965459505286503,0.1965459505286507,0.1965459505286505,0.1965459505286501,0.1965459505286505,0.1965459505286503,0.1965459505286504,0.1965459505286507,-0.1155026886390306,1.0,0.0,0.0,1.0,23664
0.1965459505286506,0.196545950528651,0.1965459505286503,0.1965459505286507,0.1965459505286505,0.1965459505286501,0.1965459505286505,0.1965459505286503,0.1965459505286504,0.1965459505286507,-0.1155026886390306,1.0,0.0,0.0,1.0,23976
0.1965459505286506,0.196545950528651,0.1965459505286503,0.1965459505286507,0.1965459505286505,0.1965459505286501,0.1965459505286505,0.1965459505286503,0.1965459505286504,0.1965459505286507,0.4802199162879345,1.0,0.0,1.0,0.0,23420
0.1965459505286506,0.196545950528651,0.1965459505286503,0.1965459505286507,0.1965459505286505,0.1965459505286501,0.1965459505286505,0.1965459505286503,0.1965459505286504,0.1965459505286507,-0.1155026886390306,1.0,0.0,0.0,1.0,23988
0.1965459505286506,0.196545950528651,0.1965459505286503,0.1965459505286507,0.1965459505286505,0.1965459505286501,0.1965459505286505,0.1965459505286503,0.1965459505286504,0.1965459505286507,0.1823586138244519,0.0,0.0,0.0,0.0,22448
0.1965459505286506,0.196545950528651,0.1965459505286503,0.1965459505286507,0.1965459505286505,0.1965459505286501,0.1965459505286505,0.1965459505286503,0.1965459505286504,0.1965459505286507,-0.1155026886390306,1.0,0.0,0.0,1.0,22668
0.1965459505286506,0.196545950528651,0.1965459505286503,0.1965459505286507,0.1965459505286505,0.1965459505286501,0.1965459505286505,0.1965459505286503,0.1965459505286504,0.1965459505286507,-0.1155026886390306,0.0,0.0,0.0,1.0,23420
0.1965459505286506,0.196545950528651,0.1965459505286503,0.1965459505286507,0.1965459505286505,0.1965459505286501,0.1965459505286505,0.1965459505286503,0.1965459505286504,0.1965459505286507,0.1823586138244519,1.0,0.0,0.0,0.0,23344
0.1965459505286506,0.196545950528651,0.1965459505286503,0.1965459505286507,0.1965459505286505,0.1965459505286501,0.1965459505286505,0.1965459505286503,0.1965459505286504,0.1965459505286507,0.4802199162879345,0.0,0.0,1.0,0.0,22080
0.1965459505286506,0.196545950528651,0.1965459505286503,0.1965459505286507,0.1965459505286505,0.1965459505286501,0.1965459505286505,0.1965459505286503,0.1965459505286504,0.1965459505286507,-0.1155026886390306,0.0,0.0,0.0,1.0,22892
0.1965459505286506,0.196545950528651,0.1965459505286503,0.1965459505286507,0.1965459505286505,0.1965459505286501,0.1965459505286505,0.1965459505286503,0.1965459505286504,0.1965459505286507,0.1823586138244519,1.0,0.0,0.0,0.0,22476
0.1965459505286506,0.196545950528651,0.1965459505286503,0.1965459505286507,0.1965459505286505,0.1965459505286501,0.1965459505286505,0.1965459505286503,0.1965459505286504,0.1965459505286507,0.4802199162879345,0.0,1.0,1.0,0.0,23492
0.1965459505286506,0.196545950528651,0.1965459505286503,0.1965459505286507,0.1965459505286505,0.1965459505286501,0.1965459505286505,0.1965459505286503,0.1965459505286504,0.1965459505286507,-0.1155026886390306,1.0,1.0,0.0,1.0,23876
0.1965459505286506,0.196545950528651,0.1965459505286503,0.1965459505286507,0.1965459505286505,0.1965459505286501,0.1965459505286505,0.1965459505286503,0.1965459505286504,0.1965459505286507,0.1823586138244519,0.0,1.0,0.0,0.0,22892
0.1965459505286506,0.196545950528651,0.1965459505286503,0.1965459505286507,0.1965459505286505,0.1965459505286501,0.1965459505286505,0.1965459505286503,0.1965459505286504,0.1965459505286507,-0.1155026886390306,1.0,1.0,0.0,1.0,23664
0.1965459505286506,0.196545950528651,0.1965459505286503,0.1965459505286507,0.1965459505286505,0.1965459505286501,0.1965459505286505,0.1965459505286503,0.1965459505286504,0.1965459505286507,0.4802199162879345,0.0,1.0,1.0,0.0,23680
0.1965459505286506,0.196545950528651,0.1965459505286503,0.1965459505286507,0.1965459505286505,0.1965459505286501,0.1965459505286505,0.1965459505286503,0.1965459505286504,0.1965459505286507,0.1823586138244519,1.0,1.0,0.0,0.0,22180
0.1965459505286506,0.196545950528651,0.1965459505286503,0.1965459505286507,0.1965459505286505,0.1965459505286501,0.1965459505286505,0.1965459505286503,0.1965459505286504,0.1965459505286507,0.4802199162879345,1.0,1.0,1.0,0.0,22892
0.1965459505286506,0.196545950528651,0.1965459505286503,0.1965459505286507,0.1965459505286505,0.1965459505286501,0.1965459505286505,0.1965459505286503,0.1965459505286504,0.1965459505286507,-0.1155026886390306,0.0,1.0,0.0,1.0,23876
0.1965459505286506,0.196545950528651,0.1965459505286503,0.1965459505286507,0.1965459505286505,0.1965459505286501,0.1965459505286505,0.1965459505286503,0.1965459505286504,0.1965459505286507,0.1823586138244519,1.0,1.0,0.0,0.0,22936
0.1965459505286506,0.196545950528651,0.1965459505286503,0.1965459505286507,0.1965459505286505,0.1965459505286501,0.1965459505286505,0.1965459505286503,0.1965459505286504,0.1965459505286507,0.4802199162879345,1.0,1.0,1.0,0.0,22080
0.1965459505286506,0.196545950528651,0.1965459505286503,0.1965459505286507,0.1965459505286505,0.1965459505286501,0.1965459505286505,0.1965459505286503,0.1965459505286504,0.1965459505286507,-0.1155026886390306,0.0,1.0,0.0,1.0,23708
0.1965459505286506,0.196545950528651,0.1965459505286503,0.1965459505286507,0.1965459505286505,0.1965459505286501,0.1965459505286505,0.1965459505286503,0.1965459505286504,0.1965459505286507,0.1823586138244519,1.0,1.0,0.0,0.0,22076
0.1965459505286506,0.196545950528651,0.1965459505286503,0.1965459505286507,0.1965459505286505,0.1965459505286501,0.1965459505286505,0.1965459505286503,0.1965459505286504,0.1965459505286507,-0.1155026886390306,1.0,1.0,0.0,1.0,23076
0.1965459505286506,0.196545950528651,0.1965459505286503,0.1965459505286507,0.1965459505286505,0.1965459505286501,0.1965459505286505,0.1965459505286503,0.1965459505286504,0.1965459505286507,0.4802199162879345,1.0,1.0,1.0,0.0,22380
0.1965459505286506,0.196545950528651,0.1965459505286503,0.1965459505286507,0.1965459505286505,0.1965459505286501,0.1965459505286505,0.1965459505286503,0.1965459505286504,0.1965459505286507,0.1823586138244519,1.0,0.0,0.0,0.0,22320
0.1965459505286506,0.196545950528651,0.1965459505286503,0.1965459505286507,0.1965459505286505,0.1965459505286501,0.1965459505286505,0.1965459505286503,0.1965459505286504,0.1965459505286507,0.4802199162879345,0.0,0.0,1.0,0.0,22696
0.1965459505286506,0.196545950528651,0.1965459505286503,0.1965459505286507,0.1965459505286505,0.1965459505286501,0.1965459505286505,0.1965459505286503,0.1965459505286504,0.1965459505286507,-0.1155026886390306,1.0,0.0,0.0,1.0,23596
0.1965459505286506,0.196545950528651,0.1965459505286503,0.1965459505286507,0.1965459505286505,0.1965459505286501,0.1965459505286505,0.1965459505286503,0.1965459505286504,0.1965459505286507,0.1823586138244519,0.0,0.0,0.0,0.0,22492
0.1965459505286506,0.196545950528651,0.1965459505286503,0.1965459505286507,0.1965459505286505,0.1965459505286501,0.1965459505286505,0.1965459505286503,0.1965459505286504,0.1965459505286507,0.4802199162879345,1.0,0.0,1.0,0.0,23016
0.1965459505286506,0.196545950528651,0.1965459505286503,0.1965459505286507,0.1965459505286505,0.1965459505286501,0.1965459505286505,0.1965459505286503,0.1965459505286504,0.1965459505286507,-0.1155026886390306,1.0,0.0,0.0,1.0,22080
0.1965459505286506,0.196545950528651,0.1965459505286503,0.1965459505286507,0.1965459505286505,0.1965459505286501,0.1965459505286505,0.1965459505286503,0.1965459505286504,0.1965459505286507,0.1823586138244519,0.0,0.0,0.0,0.0,22892
0.1965459505286506,0.196545950528651,0.1965459505286503,0.1965459505286507,0.1965459505286505,0.1965459505286501,0.1965459505286505,0.1965459505286503,0.1965459505286504,0.1965459505286507,-0.1155026886390306,1.0,0.0,0.0,1.0,22080
0.1965459505286506,0.196545950528651,0.1965459505286503,0.1965459505286507,0.1965459505286505,0.1965459505286501,0.1965459505286505,0.1965459505286503,0.1965459505286504,0.1965459505286507,0.4802199162879345,0.0,0.0,1.0,0.0,23076
0.1965459505286506,0.196545950528651,0.1965459505286503,0.1965459505286507,0.1965459505286505,0.1965459505286501,0.1965459505286505,0.1965459505286503,0.1965459505286504,0.1965459505286507,0.4802199162879345,0.0,0.0,1.0,0.0,22696
0.1965459505286506,0.196545950528651,0.1965459505286503,0.1965459505286507,0.1965459505286505,0.1965459505286501,0.1965459505286505,0.1965459505286503,0.1965459505286504,0.1965459505286507,0.4802199162879345,1.0,0.0,1.0,0.0,23016
0.1965459505286506,0.196545950528651,0.1965459505286503,0.1965459505286507,0.1965459505286505,0.1965459505286501,0.1965459505286505,0.1965459505286503,0.1965459505286504,0.1965459505286507,0.4802199162879345,0.0,0.0,1.0,0.0,23492
0.1965459505286506,0.196545950528651,0.1965459505286503,0.1965459505286507,0.1965459505286505,0.1965459505286501,0.1965459505286505,0.1965459505286503,0.1965459505286504,0.1965459505286507,0.1823586138244519,0.0,0.0,0.0,0.0,23344
0.1965459505286506,0.196545950528651,0.1965459505286503,0.1965459505286507,0.1965459505286505,0.1965459505286501,0.1965459505286505,0.1965459505286503,0.1965459505286504,0.1965459505286507,0.4802199162879345,0.0,0.0,1.0,0.0,22892
0.1965459505286506,0.196545950528651,0.1965459505286503,0.1965459505286507,0.1965459505286505,0.1965459505286501,0.1965459505286505,0.1965459505286503,0.1965459505286504,0.1965459505286507,0.4802199162879345,0.0,0.0,1.0,0.0,23664
0.1965459505286506,0.196545950528651,0.1965459505286503,0.1965459505286507,0.1965459505286505,0.1965459505286501,0.1965459505286505,0.1965459505286503,0.1965459505286504,0.1965459505286507,0.4802199162879345,1.0,0.0,1.0,0.0,23492
0.1965459505286506,0.196545950528651,0.1965459505286503,0.1965459505286507,0.1965459505286505,0.1965459505286501,0.1965459505286505,0.1965459505286503,0.1965459505286504,0.1965459505286507,-0.1155026886390306,0.0,0.0,0.0,1.0,22892
0.1965459505286506,0.196545950528651,0.1965459505286503,0.1965459505286507,0.1965459505286505,0.1965459505286501,0.1965459505286505,0.1965459505286503,0.1965459505286504,0.1965459505286507,-0.1155026886390306,1.0,0.0,0.0,1.0,23632
0.1965459505286506,0.196545950528651,0.1965459505286503,0.1965459505286507,0.1965459505286505,0.1965459505286501,0.1965459505286505,0.1965459505286503,0.1965459505286504,0.1965459505286507,-0.1155026886390306,1.0,0.0,0.0,1.0,23344
0.1965459505286506,0.196545950528651,0.1965459505286503,0.1965459505286507,0.1965459505286505,0.1965459505286501,0.1965459505286505,0.1965459505286503,0.1965459505286504,0.1965459505286507,0.4802199162879345,0.0,0.0,1.0,0.0,22108
0.1965459505286506,0.196545950528651,0.1965459505286503,0.1965459505286507,0.1965459505286505,0.1965459505286501,0.1965459505286505,0.1965459505286503,0.1965459505286504,0.1965459505286507,-0.1155026886390306,1.0,0.0,0.0,1.0,21640
0.1965459505286506,0.196545950528651,0.1965459505286503,0.1965459505286507,0.1965459505286505,0.1965459505286501,0.1965459505286505,0.1965459505286503,0.1965459505286504,0.1965459505286507,0.1823586138244519,1.0,0.0,0.0,0.0,22892
0.1965459505286506,0.196545950528651,0.1965459505286503,0.1965459505286507,0.1965459505286505,0.1965459505286501,0.1965459505286505,0.1965459505286503,0.1965459505286504,0.1965459505286507,-0.1155026886390306,1.0,0.0,0.0,1.0,21852
0.1965459505286506,0.196545950528651,0.1965459505286503,0.1965459505286507,0.1965459505286505,0.1965459505286501,0.1965459505286505,0.1965459505286503,0.1965459505286504,0.1965459505286507,-0.1155026886390306,0.0,0.0,0.0,1.0,22512
0.1965459505286506,0.196545950528651,0.1965459505286503,0.1965459505286507,0.1965459505286505,0.1965459505286501,0.1965459505286505,0.1965459505286503,0.1965459505286504,0.1965459505286507,0.1823586138244519,0.0,0.0,0.0,0.0,21968
0.1965459505286506,0.196545950528651,0.1965459505286503,0.1965459505286507,0.1965459505286505,0.1965459505286501,0.1965459505286505,0.1965459505286503,0.1965459505286504,0.1965459505286507,0.4802199162879345,0.0,0.0,1.0,0.0,23664
0.1965459505286506,0.196545950528651,0.1965459505286503,0.1965459505286507,0.1965459505286505,0.1965459505286501,0.1965459505286505,0.1965459505286503,0.1965459505286504,0.1965459505286507,-0.1155026886390306,1.0,0.0,0.0,1.0,23452
0.1965459505286506,0.196545950528651,0.1965459505286503,0.1965459505286507,0.1965459505286505,0.1965459505286501,0.1965459505286505,0.1965459505286503,0.1965459505286504,0.1965459505286507,0.1823586138244519,0.0,0.0,0.0,0.0,21812
0.1965459505286506,0.196545950528651,0.1965459505286503,0.1965459505286507,0.1965459505286505,0.1965459505286501,0.1965459505286505,0.1965459505286503,0.1965459505286504,0.1965459505286507,0.4802199162879345,1.0,0.0,1.0,0.0,23532
0.1965459505286506,0.196545950528651,0.1965459505286503,0.1965459505286507,0.1965459505286505,0.1965459505286501,0.1965459505286505,0.1965459505286503,0.1965459505286504,0.1965459505286507,-0.1155026886390306,0.0,0.0,0.0,1.0,23344
0.1965459505286506,0.196545950528651,0.1965459505286503,0.1965459505286507,0.1965459505286505,0.1965459505286501,0.1965459505286505,0.1965459505286503,0.1965459505286504,0.1965459505286507,0.1823586138244519,0.0,0.0,0.0,0.0,22892
0.1965459505286506,0.196545950528651,0.1965459505286503,0.1965459505286507,0.1965459505286505,0.1965459505286501,0.1965459505286505,0.1965459505286503,0.1965459505286504,0.1965459505286507,-0.1155026886390306,1.0,0.0,0.0,1.0,23568
0.1965459505286506,0.196545950528651,0.1965459505286503,0.1965459505286507,0.1965459505286505,0.1965459505286501,0.1965459505286505,0.1965459505286503,0.1965459505286504,0.1965459505286507,0.4802199162879345,1.0,0.0,1.0,0.0,22564
0.1965459505286506,0.196545950528651,0.1965459505286503,0.1965459505286507,0.1965459505286505,0.1965459505286501,0.1965459505286505,0.1965459505286503,0.1965459505286504,0.1965459505286507,0.1823586138244519,0.0,0.0,0.0,0.0,23024
0.1965459505286506,0.196545950528651,0.1965459505286503,0.1965459505286507,0.1965459505286505,0.1965459505286501,0.1965459505286505,0.1965459505286503,0.1965459505286504,0.1965459505286507,0.4802199162879345,1.0,0.0,1.0,0.0,22320
0.1965459505286506,0.196545950528651,0.1965459505286503,0.1965459505286507,0.1965459505286505,0.1965459505286501,0.1965459505286505,0.1965459505286503,0.1965459505286504,0.1965459505286507,-0.1155026886390306,0.0,0.0,0.0,1.0,22100
-0.4990970139693269,-0.4990970139693267,-0.4990970139693272,-0.4990970139693269,-0.4990970139693269,-0.4990970139693271,-0.4990970139693269,-0.4990970139693272,-0.4990970139693271,-0.4990970139693269,-0.4878293167183838,1.0,0.0,0.0,0.0,16827
-0.4990970139693269,-0.4990970139693267,-0.4990970139693272,-0.4990970139693269,-0.4990970139693269,-0.4990970139693271,-0.4990970139693269,-0.4990970139693272,-0.4990970139693271,-0.4990970139693269,-0.2644333398707719,1.0,0.0,1.0,0.0,17571
-0.4990970139693269,-0.4990970139693267,-0.4990970139693272,-0.4990970139693269,-0.4990970139693269,-0.4990970139693271,-0.4990970139693269,-0.4990970139693272,-0.4990970139693271,-0.4990970139693269,-0.7112252935659957,0.0,0.0,0.0,1.0,17208
-0.4990970139693269,-0.4990970139693267,-0.4990970139693272,-0.4990970139693269,-0.4990970139693269,-0.4990970139693271,-0.4990970139693269,-0.4990970139693272,-0.4990970139693271,-0.4990970139693269,-0.4878293167183838,1.0,0.0,0.0,0.0,16935
-0.4990970139693269,-0.4990970139693267,-0.4990970139693272,-0.4990970139693269,-0.4990970139693269,-0.4990970139693271,-0.4990970139693269,-0.4990970139693272,-0.4990970139693271,-0.4990970139693269,-0.7112252935659957,0.0,0.0,0.0,1.0,17751
-0.4990970139693269,-0.4990970139693267,-0.4990970139693272,-0.4990970139693269,-0.4990970139693269,-0.4990970139693271,-0.4990970139693269,-0.4990970139693272,-0.4990970139693271,-0.4990970139693269,-0.2644333398707719,1.0,0.0,1.0,0.0,17001
-0.4990970139693269,-0.4990970139693267,-0.4990970139693272,-0.4990970139693269,-0.4990970139693269,-0.4990970139693271,-0.4990970139693269,-0.4990970139693272,-0.4990970139693271,-0.4990970139693269,-0.4878293167183838,0.0,0.0,0.0,0.0,16611
-0.4990970139693269,-0.4990970139693267,-0.4990970139693272,-0.4990970139693269,-0.4990970139693269,-0.4990970139693271,-0.4990970139693269,-0.4990970139693272,-0.4990970139693271,-0.4990970139693269,-0.2644333398707719,0.0,0.0,1.0,0.0,17949
-0.4990970139693269,-0.4990970139693267,-0.4990970139693272,-0.4990970139693269,-0.4990970139693269,-0.4990970139693271,-0.4990970139693269,-0.4990970139693272,-0.4990970139693271,-0.4990970139693269,-0.7112252935659957,1.0,0.0,0.0,1.0,16581
-0.4990970139693269,-0.4990970139693267,-0.4990970139693272,-0.4990970139693269,-0.4990970139693269,-0.4990970139693271,-0.4990970139693269,-0.4990970139693272,-0.4990970139693271,-0.4990970139693269,-0.4878293167183838,0.0,0.0,0.0,0.0,16230
-0.4990970139693269,-0.4990970139693267,-0.4990970139693272,-0.4990970139693269,-0.4990970139693269,-0.4990970139693271,-0.4990970139693269,-0.4990970139693272,-0.4990970139693271,-0.4990970139693269,-0.2644333398707719,1.0,1.0,1.0,0.0,17169
-0.4990970139693269,-0.4990970139693267,-0.4990970139693272,-0.4990970139693269,-0.4990970139693269,-0.4990970139693271,-0.4990970139693269,-0.4990970139693272,-0.4990970139693271,-0.4990970139693269,-0.7112252935659957,0.0,1.0,0.0,1.0,16389
-0.4990970139693269,-0.4990970139693267,-0.4990970139693272,-0.4990970139693269,-0.4990970139693269,-0.4990970139693271,-0.4990970139693269,-0.4990970139693272,-0.4990970139693271,-0.4990970139693269,-0.4878293167183838,1.0,1.0,0.0,0.0,16884
-0.4990970139693269,-0.4990970139693267,-0.4990970139693272,-0.4990970139693269,-0.4990970139693269,-0.4990970139693271,-0.4990970139693269,-0.4990970139693272,-0.4990970139693271,-0.4990970139693269,-0.7112252935659957,0.0,1.0,0.0,1.0,17748
-0.4990970139693269,-0.4990970139693267,-0.4990970139693272,-0.4990970139693269,-0.4990970139693269,-0.4990970139693271,-0.4990970139693269,-0.4990970139693272,-0.4990970139693271,-0.4990970139693269,-0.2644333398707719,1.0,1.0,1.0,0.0,16359
-0.4990970139693269,-0.4990970139693267,-0.4990970139693272,-0.4990970139693269,-0.4990970139693269,-0.4990970139693271,-0.4990970139693269,-0.4990970139693272,-0.4990970139693271,-0.4990970139693269,-0.2644333398707719,1.0,1.0,1.0,0.0,16836
-0.4990970139693269,-0.4990970139693267,-0.4990970139693272,-0.4990970139693269,-0.4990970139693269,-0.4990970139693271,-0.4990970139693269,-0.4990970139693272,-0.4990970139693271,-0.4990970139693269,-0.2644333398707719,1.0,1.0,1.0,0.0,17619
-0.4990970139693269,-0.4990970139693267,-0.4990970139693272,-0.4990970139693269,-0.4990970139693269,-0.4990970139693271,-0.4990970139693269,-0.4990970139693272,-0.4990970139693271,-0.4990970139693269,-0.2644333398707719,1.0,1.0,1.0,0.0,17649
-0.4990970139693269,-0.4990970139693267,-0.4990970139693272,-0.4990970139693269,-0.4990970139693269,-0.4990970139693271,-0.4990970139693269,-0.4990970139693272,-0.4990970139693271,-0.4990970139693269,-0.4878293167183838,0.0,1.0,0.0,0.0,17508
-0.4990970139693269,-0.4990970139693267,-0.4990970139693272,-0.4990970139693269,-0.4990970139693269,-0.4990970139693271,-0.4990970139693269,-0.4990970139693272,-0.4990970139693271,-0.4990970139693269,-0.2644333398707719,1.0,1.0,1.0,0.0,16923
-0.4990970139693269,-0.4990970139693267,-0.4990970139693272,-0.4990970139693269,-0.4990970139693269,-0.4990970139693271,-0.4990970139693269,-0.4990970139693272,-0.4990970139693271,-0.4990970139693269,-0.2644333398707719,1.0,1.0,1.0,0.0,16575
-0.4990970139693269,-0.4990970139693267,-0.4990970139693272,-0.4990970139693269,-0.4990970139693269,-0.4990970139693271,-0.4990970139693269,-0.4990970139693272,-0.4990970139693271,-0.4990970139693269,-0.2644333398707719,0.0,1.0,1.0,0.0,17208
-0.4990970139693269,-0.4990970139693267,-0.4990970139693272,-0.4990970139693269,-0.4990970139693269,-0.4990970139693271,-0.4990970139693269,-0.4990970139693272,-0.4990970139693271,-0.4990970139693269,-0.7112252935659957,1.0,0.0,0.0,1.0,17001
-0.4990970139693269,-0.4990970139693267,-0.4990970139693272,-0.4990970139693269,-0.4990970139693269,-0.4990970139693271,-0.4990970139693269,-0.4990970139693272,-0.4990970139693271,-0.4990970139693269,-0.7112252935659957,1.0,0.0,0.0,1.0,17169
-0.4990970139693269,-0.4990970139693267,-0.4990970139693272,-0.4990970139693269,-0.4990970139693269,-0.4990970139693271,-0.4990970139693269,-0.4990970139693272,-0.4990970139693271,-0.4990970139693269,-0.7112252935659957,0.0,0.0,0.0,1.0,17619
-0.4990970139693269,-0.4990970139693267,-0.4990970139693272,-0.4990970139693269,-0.4990970139693269,-0.4990970139693271,-0.4990970139693269,-0.4990970139693272,-0.4990970139693271,-0.4990970139693269,-0.2644333398707719,1.0,0.0,1.0,0.0,17748
-0.4990970139693269,-0.4990970139693267,-0.4990970139693272,-0.4990970139693269,-0.4990970139693269,-0.4990970139693271,-0.4990970139693269,-0.4990970139693272,-0.4990970139693271,-0.4990970139693269,-0.7112252935659957,1.0,0.0,0.0,1.0,17619
-0.4990970139693269,-0.4990970139693267,-0.4990970139693272,-0.4990970139693269,-0.4990970139693269,-0.4990970139693271,-0.4990970139693269,-0.4990970139693272,-0.4990970139693271,-0.4990970139693269,-0.4878293167183838,1.0,0.0,0.0,0.0,17508
-0.4990970139693269,-0.4990970139693267,-0.4990970139693272,-0.4990970139693269,-0.4990970139693269,-0.4990970139693271,-0.4990970139693269,-0.4990970139693272,-0.4990970139693271,-0.4990970139693269,-0.7112252935659957,0.0,0.0,0.0,1.0,17169
-0.4990970139693269,-0.4990970139693267,-0.4990970139693272,-0.4990970139693269,-0.4990970139693269,-0.4990970139693271,-0.4990970139693269,-0.4990970139693272,-0.4990970139693271,-0.4990970139693269,-0.7112252935659957,1.0,0.0,0.0,1.0,17565
-0.4990970139693269,-0.4990970139693267,-0.4990970139693272,-0.4990970139693269,-0.4990970139693269,-0.4990970139693271,-0.4990970139693269,-0.4990970139693272,-0.4990970139693271,-0.4990970139693269,-0.4878293167183838,1.0,0.0,0.0,0.0,17619
-0.4990970139693269,-0.4990970139693267,-0.4990970139693272,-0.4990970139693269,-0.4990970139693269,-0.4990970139693271,-0.4990970139693269,-0.4990970139693272,-0.4990970139693271,-0.4990970139693269,-0.2644333398707719,0.0,0.0,1.0,0.0,17724
-0.4990970139693269,-0.4990970139693267,-0.4990970139693272,-0.4990970139693269,-0.4990970139693269,-0.4990970139693271,-0.4990970139693269,-0.4990970139693272,-0.4990970139693271,-0.4990970139693269,-0.7112252935659957,0.0,0.0,0.0,1.0,17508
-0.4990970139693269,-0.4990970139693267,-0.4990970139693272,-0.4990970139693269,-0.4990970139693269,-0.4990970139693271,-0.4990970139693269,-0.4990970139693272,-0.4990970139693271,-0.4990970139693269,-0.4878293167183838,0.0,1.0,0.0,0.0,16581
-0.4990970139693269,-0.4990970139693267,-0.4990970139693272,-0.4990970139693269,-0.4990970139693269,-0.4990970139693271,-0.4990970139693269,-0.4990970139693272,-0.4990970139693271,-0.4990970139693269,-0.2644333398707719,0.0,1.0,1.0,0.0,16230
-0.4990970139693269,-0.4990970139693267,-0.4990970139693272,-0.4990970139693269,-0.4990970139693269,-0.4990970139693271,-0.4990970139693269,-0.4990970139693272,-0.4990970139693271,-0.4990970139693269,-0.7112252935659957,0.0,1.0,0.0,1.0,16965
-0.4990970139693269,-0.4990970139693267,-0.4990970139693272,-0.4990970139693269,-0.4990970139693269,-0.4990970139693271,-0.4990970139693269,-0.4990970139693272,-0.4990970139693271,-0.4990970139693269,-0.4878293167183838,0.0,1.0,0.0,0.0,17316
-0.4990970139693269,-0.4990970139693267,-0.4990970139693272,-0.4990970139693269,-0.4990970139693269,-0.4990970139693271,-0.4990970139693269,-0.4990970139693272,-0.4990970139693271,-0.4990970139693269,-0.7112252935659957,0.0,1.0,0.0,1.0,16902
-0.4990970139693269,-0.4990970139693267,-0.4990970139693272,-0.4990970139693269,-0.4990970139693269,-0.4990970139693271,-0.4990970139693269,-0.4990970139693272,-0.4990970139693271,-0.4990970139693269,-0.2644333398707719,1.0,1.0,1.0,0.0,17136
-0.4990970139693269,-0.4990970139693267,-0.4990970139693272,-0.4990970139693269,-0.4990970139693269,-0.4990970139693271,-0.4990970139693269,-0.4990970139693272,-0.4990970139693271,-0.4990970139693269,-0.4878293167183838,1.0,1.0,0.0,0.0,17280
-0.4990970139693269,-0.4990970139693267,-0.4990970139693272,-0.4990970139693269,-0.4990970139693269,-0.4990970139693271,-0.4990970139693269,-0.4990970139693272,-0.4990970139693271,-0.4990970139693269,-0.2644333398707719,1.0,1.0,1.0,0.0,17553
-0.4990970139693269,-0.4990970139693267,-0.4990970139693272,-0.4990970139693269,-0.4990970139693269,-0.4990970139693271,-0.4990970139693269,-0.4990970139693272,-0.4990970139693271,-0.4990970139693269,-0.7112252935659957,1.0,1.0,0.0,1.0,17793
-0.4990970139693269,-0.4990970139693267,-0.4990970139693272,-0.4990970139693269,-0.4990970139693269,-0.4990970139693271,-0.4990970139693269,-0.4990970139693272,-0.4990970139693271,-0.4990970139693269,-0.4878293167183838,1.0,1.0,0.0,0.0,17898
-0.4990970139693269,-0.4990970139693267,-0.4990970139693272,-0.4990970139693269,-0.4990970139693269,-0.4990970139693271,-0.4990970139693269,-0.4990970139693272,-0.4990970139693271,-0.4990970139693269,-0.2644333398707719,1.0,1.0,1.0,0.0,17178
-0.4990970139693269,-0.4990970139693267,-0.4990970139693272,-0.4990970139693269,-0.4990970139693269,-0.4990970139693271,-0.4990970139693269,-0.4990970139693272,-0.4990970139693271,-0.4990970139693269,-0.7112252935659957,1.0,1.0,0.0,1.0,16920
-0.4990970139693269,-0.4990970139693267,-0.4990970139693272,-0.4990970139693269,-0.4990970139693269,-0.4990970139693271,-0.4990970139693269,-0.4990970139693272,-0.4990970139693271,-0.4990970139693269,-0.4878293167183838,1.0,0.0,0.0,0.0,17418
-0.4990970139693269,-0.4990970139693267,-0.4990970139693272,-0.4990970139693269,-0.4990970139693269,-0.4990970139693271,-0.4990970139693269,-0.4990970139693272,-0.4990970139693271,-0.4990970139693269,-0.7112252935659957,0.0,0.0,0.0,1.0,17301
-0.4990970139693269,-0.4990970139693267,-0.4990970139693272,-0.4990970139693269,-0.4990970139693269,-0.4990970139693271,-0.4990970139693269,-0.4990970139693272,-0.4990970139693271,-0.4990970139693269,-0.2644333398707719,0.0,0.0,1.0,0.0,17046
-0.4990970139693269,-0.4990970139693267,-0.4990970139693272,-0.4990970139693269,-0.4990970139693269,-0.4990970139693271,-0.4990970139693269,-0.4990970139693272,-0.4990970139693271,-0.4990970139693269,-0.4878293167183838,0.0,0.0,0.0,0.0,17403
-0.4990970139693269,-0.4990970139693267,-0.4990970139693272,-0.4990970139693269,-0.4990970139693269,-0.4990970139693271,-0.4990970139693269,-0.4990970139693272,-0.4990970139693271,-0.4990970139693269,-0.2644333398707719,0.0,0.0,1.0,0.0,17019
-0.4990970139693269,-0.4990970139693267,-0.4990970139693272,-0.4990970139693269,-0.4990970139693269,-0.4990970139693271,-0.4990970139693269,-0.4990970139693272,-0.4990970139693271,-0.4990970139693269,-0.7112252935659957,1.0,0.0,0.0,1.0,17181
-0.4990970139693269,-0.4990970139693267,-0.4990970139693272,-0.4990970139693269,-0.4990970139693269,-0.4990970139693271,-0.4990970139693269,-0.4990970139693272,-0.4990970139693271,-0.4990970139693269,-0.4878293167183838,0.0,0.0,0.0,0.0,17469
-0.4990970139693269,-0.4990970139693267,-0.4990970139693272,-0.4990970139693269,-0.4990970139693269,-0.4990970139693271,-0.4990970139693269,-0.4990970139693272,-0.4990970139693271,-0.4990970139693269,-0.2644333398707719,0.0,0.0,1.0,0.0,17826
-0.4990970139693269,-0.4990970139693267,-0.4990970139693272,-0.4990970139693269,-0.4990970139693269,-0.4990970139693271,-0.4990970139693269,-0.4990970139693272,-0.4990970139693271,-0.4990970139693269,-0.7112252935659957,0.0,0.0,0.0,1.0,17361
-0.4990970139693269,-0.4990970139693267,-0.4990970139693272,-0.4990970139693269,-0.4990970139693269,-0.4990970139693271,-0.4990970139693269,-0.4990970139693272,-0.4990970139693271,-0.4990970139693269,-0.4878293167183838,1.0,0.0,0.0,0.0,17721
-0.4990970139693269,-0.4990970139693267,-0.4990970139693272,-0.4990970139693269,-0.4990970139693269,-0.4990970139693271,-0.4990970139693269,-0.4990970139693272,-0.4990970139693271,-0.4990970139693269,-0.7112252935659957,1.0,0.0,0.0,1.0,17271
-0.4990970139693269,-0.4990970139693267,-0.4990970139693272,-0.4990970139693269,-0.4990970139693269,-0.4990970139693271,-0.4990970139693269,-0.4990970139693272,-0.4990970139693271,-0.4990970139693269,-0.2644333398707719,1.0,0.0,1.0,0.0,17601
-0.4990970139693269,-0.4990970139693267,-0.4990970139693272,-0.4990970139693269,-0.4990970139693269,-0.4990970139693271,-0.4990970139693269,-0.4990970139693272,-0.4990970139693271,-0.4990970139693269,-0.2644333398707719,1.0,0.0,1.0,0.0,17910
-0.4990970139693269,-0.4990970139693267,-0.4990970139693272,-0.4990970139693269,-0.4990970139693269,-0.4990970139693271,-0.4990970139693269,-0.4990970139693272,-0.4990970139693271,-0.4990970139693269,-0.2644333398707719,1.0,0.0,1.0,0.0,17991
-0.4990970139693269,-0.4990970139693267,-0.4990970139693272,-0.4990970139693269,-0.4990970139693269,-0.4990970139693271,-0.4990970139693269,-0.4990970139693272,-0.4990970139693271,-0.4990970139693269,-0.2644333398707719,1.0,0.0,1.0,0.0,17166
-0.4990970139693269,-0.4990970139693267,-0.4990970139693272,-0.4990970139693269,-0.4990970139693269,-0.4990970139693271,-0.4990970139693269,-0.4990970139693272,-0.4990970139693271,-0.4990970139693269,-0.4878293167183838,1.0,0.0,0.0,0.0,16476
-0.4990970139693269,-0.4990970139693267,-0.4990970139693272,-0.4990970139693269,-0.4990970139693269,-0.4990970139693271,-0.4990970139693269,-0.4990970139693272,-0.4990970139693271,-0.4990970139693269,-0.2644333398707719,0.0,0.0,1.0,0.0,17748
-0.4990970139693269,-0.4990970139693267,-0.4990970139693272,-0.4990970139693269,-0.4990970139693269,-0.4990970139693271,-0.4990970139693269,-0.4990970139693272,-0.4990970139693271,-0.4990970139693269,-0.2644333398707719,1.0,0.0,1.0,0.0,17589
-0.4990970139693269,-0.4990970139693267,-0.4990970139693272,-0.4990970139693269,-0.4990970139693269,-0.4990970139693271,-0.4990970139693269,-0.4990970139693272,-0.4990970139693271,-0.4990970139693269,-0.2644333398707719,0.0,0.0,1.0,0.0,17565
-0.4990970139693269,-0.4990970139693267,-0.4990970139693272,-0.4990970139693269,-0.4990970139693269,-0.4990970139693271,-0.4990970139693269,-0.4990970139693272,-0.4990970139693271,-0.4990970139693269,-0.7112252935659957,1.0,0.0,0.0,1.0,16359
-0.4990970139693269,-0.4990970139693267,-0.4990970139693272,-0.4990970139693269,-0.4990970139693269,-0.4990970139693271,-0.4990970139693269,-0.4990970139693272,-0.4990970139693271,-0.4990970139693269,-0.7112252935659957,0.0,0.0,0.0,1.0,16836
-0.4990970139693269,-0.4990970139693267,-0.4990970139693272,-0.4990970139693269,-0.4990970139693269,-0.4990970139693271,-0.4990970139693269,-0.4990970139693272,-0.4990970139693271,-0.4990970139693269,-0.7112252935659957,0.0,0.0,0.0,1.0,17619
-0.4990970139693269,-0.4990970139693267,-0.4990970139693272,-0.4990970139693269,-0.4990970139693269,-0.4990970139693271,-0.4990970139693269,-0.4990970139693272,-0.4990970139693271,-0.4990970139693269,-0.2644333398707719,1.0,0.0,1.0,0.0,17649
-0.4990970139693269,-0.4990970139693267,-0.4990970139693272,-0.4990970139693269,-0.4990970139693269,-0.4990970139693271,-0.4990970139693269,-0.4990970139693272,-0.4990970139693271,-0.4990970139693269,-0.7112252935659957,0.0,0.0,0.0,1.0,17169
-0.4990970139693269,-0.4990970139693267,-0.4990970139693272,-0.4990970139693269,-0.4990970139693269,-0.4990970139693271,-0.4990970139693269,-0.4990970139693272,-0.4990970139693271,-0.4990970139693269,-0.4878293167183838,1.0,0.0,0.0,0.0,17508
-0.4990970139693269,-0.4990970139693267,-0.4990970139693272,-0.4990970139693269,-0.4990970139693269,-0.4990970139693271,-0.4990970139693269,-0.4990970139693272,-0.4990970139693271,-0.4990970139693269,-0.7112252935659957,0.0,0.0,0.0,1.0,17169
-0.4990970139693269,-0.4990970139693267,-0.4990970139693272,-0.4990970139693269,-0.4990970139693269,-0.4990970139693271,-0.4990970139693269,-0.4990970139693272,-0.4990970139693271,-0.4990970139693269,-0.7112252935659957,1.0,0.0,0.0,1.0,16476
-0.4990970139693269,-0.4990970139693267,-0.4990970139693272,-0.4990970139693269,-0.4990970139693269,-0.4990970139693271,-0.4990970139693269,-0.4990970139693272,-0.4990970139693271,-0.4990970139693269,-0.4878293167183838,0.0,0.0,0.0,0.0,17619
-0.4990970139693269,-0.4990970139693267,-0.4990970139693272,-0.4990970139693269,-0.4990970139693269,-0.4990970139693271,-0.4990970139693269,-0.4990970139693272,-0.4990970139693271,-0.4990970139693269,-0.2644333398707719,1.0,0.0,1.0,0.0,17508
-0.4990970139693269,-0.4990970139693267,-0.4990970139693272,-0.4990970139693269,-0.4990970139693269,-0.4990970139693271,-0.4990970139693269,-0.4990970139693272,-0.4990970139693271,-0.4990970139693269,-0.7112252935659957,1.0,1.0,0.0,1.0,17169
-0.4990970139693269,-0.4990970139693267,-0.4990970139693272,-0.4990970139693269,-0.4990970139693269,-0.4990970139693271,-0.4990970139693269,-0.4990970139693272,-0.4990970139693271,-0.4990970139693269,-0.4878293167183838,0.0,1.0,0.0,0.0,17748
-0.4990970139693269,-0.4990970139693267,-0.4990970139693272,-0.4990970139693269,-0.4990970139693269,-0.4990970139693271,-0.4990970139693269,-0.4990970139693272,-0.4990970139693271,-0.4990970139693269,-0.2644333398707719,1.0,1.0,1.0,0.0,17619
-0.4990970139693269,-0.4990970139693267,-0.4990970139693272,-0.4990970139693269,-0.4990970139693269,-0.4990970139693271,-0.4990970139693269,-0.4990970139693272,-0.4990970139693271,-0.4990970139693269,-0.7112252935659957,1.0,1.0,0.0,1.0,17508
-0.4990970139693269,-0.4990970139693267,-0.4990970139693272,-0.4990970139693269,-0.4990970139693269,-0.4990970139693271,-0.4990970139693269,-0.4990970139693272,-0.4990970139693271,-0.4990970139693269,-0.4878293167183838,0.0,1.0,0.0,0.0,17169
-0.4990970139693269,-0.4990970139693267,-0.4990970139693272,-0.4990970139693269,-0.4990970139693269,-0.4990970139693271,-0.4990970139693269,-0.4990970139693272,-0.4990970139693271,-0.4990970139693269,-0.7112252935659957,1.0,1.0,0.0,1.0,17619
-0.4990970139693269,-0.4990970139693267,-0.4990970139693272,-0.4990970139693269,-0.4990970139693269,-0.4990970139693271,-0.4990970139693269,-0.4990970139693272,-0.4990970139693271,-0.4990970139693269,-0.2644333398707719,1.0,1.0,1.0,0.0,17724
-0.4990970139693269,-0.4990970139693267,-0.4990970139693272,-0.4990970139693269,-0.4990970139693269,-0.4990970139693271,-0.4990970139693269,-0.4990970139693272,-0.4990970139693271,-0.4990970139693269,-0.4878293167183838,1.0,1.0,0.0,0.0,17508
-0.4990970139693269,-0.4990970139693267,-0.4990970139693272,-0.4990970139693269,-0.4990970139693269,-0.4990970139693271,-0.4990970139693269,-0.4990970139693272,-0.4990970139693271,-0.4990970139693269,-0.2644333398707719,1.0,1.0,1.0,0.0,16581
-0.4990970139693269,-0.4990970139693267,-0.4990970139693272,-0.4990970139693269,-0.4990970139693269,-0.4990970139693271,-0.4990970139693269,-0.4990970139693272,-0.4990970139693271,-0.4990970139693269,-0.7112252935659957,0.0,1.0,0.0,1.0,16230
-0.4990970139693269,-0.4990970139693267,-0.4990970139693272,-0.4990970139693269,-0.4990970139693269,-0.4990970139693271,-0.4990970139693269,-0.4990970139693272,-0.4990970139693271,-0.4990970139693269,-0.4878293167183838,1.0,1.0,0.0,0.0,17169
-0.4990970139693269,-0.4990970139693267,-0.4990970139693272,-0.4990970139693269,-0.4990970139693269,-0.4990970139693271,-0.4990970139693269,-0.4990970139693272,-0.4990970139693271,-0.4990970139693269,-0.2644333398707719,0.0,1.0,1.0,0.0,16389
-0.4990970139693269,-0.4990970139693267,-0.4990970139693272,-0.4990970139693269,-0.4990970139693269,-0.4990970139693271,-0.4990970139693269,-0.4990970139693272,-0.4990970139693271,-0.4990970139693269,-0.7112252935659957,1.0,1.0,0.0,1.0,16884
-0.4990970139693269,-0.4990970139693267,-0.4990970139693272,-0.4990970139693269,-0.4990970139693269,-0.4990970139693271,-0.4990970139693269,-0.4990970139693272,-0.4990970139693271,-0.4990970139693269,-0.4878293167183838,1.0,0.0,0.0,0.0,16476
-0.4990970139693269,-0.4990970139693267,-0.4990970139693272,-0.4990970139693269,-0.4990970139693269,-0.4990970139693271,-0.4990970139693269,-0.4990970139693272,-0.4990970139693271,-0.4990970139693269,-0.7112252935659957,0.0,0.0,0.0,1.0,17748
-0.4990970139693269,-0.4990970139693267,-0.4990970139693272,-0.4990970139693269,-0.4990970139693269,-0.4990970139693271,-0.4990970139693269,-0.4990970139693272,-0.4990970139693271,-0.4990970139693269,-0.2644333398707719,1.0,0.0,1.0,0.0,17589
-0.4990970139693269,-0.4990970139693267,-0.4990970139693272,-0.4990970139693269,-0.4990970139693269,-0.4990970139693271,-0.4990970139693269,-0.4990970139693272,-0.4990970139693271,-0.4990970139693269,-0.4878293167183838,0.0,0.0,0.0,0.0,16359
-0.4990970139693269,-0.4990970139693267,-0.4990970139693272,-0.4990970139693269,-0.4990970139693269,-0.4990970139693271,-0.4990970139693269,-0.4990970139693272,-0.4990970139693271,-0.4990970139693269,-0.2644333398707719,0.0,0.0,1.0,0.0,17649
-0.4990970139693269,-0.4990970139693267,-0.4990970139693272,-0.4990970139693269,-0.4990970139693269,-0.4990970139693271,-0.4990970139693269,-0.4990970139693272,-0.4990970139693271,-0.4990970139693269,-0.7112252935659957,1.0,0.0,0.0,1.0,17508
-0.4990970139693269,-0.4990970139693267,-0.4990970139693272,-0.4990970139693269,-0.4990970139693269,-0.4990970139693271,-0.4990970139693269,-0.4990970139693272,-0.4990970139693271,-0.4990970139693269,-0.4878293167183838,0.0,0.0,0.0,0.0,17169
-0.4990970139693269,-0.4990970139693267,-0.4990970139693272,-0.4990970139693269,-0.4990970139693269,-0.4990970139693271,-0.4990970139693269,-0.4990970139693272,-0.4990970139693271,-0.4990970139693269,-0.2644333398707719,0.0,0.0,1.0,0.0,16476
-0.4990970139693269,-0.4990970139693267,-0.4990970139693272,-0.4990970139693269,-0.4990970139693269,-0.4990970139693271,-0.4990970139693269,-0.4990970139693272,-0.4990970139693271,-0.4990970139693269,-0.7112252935659957,0.0,0.0,0.0,1.0,17619
-0.4990970139693269,-0.4990970139693267,-0.4990970139693272,-0.4990970139693269,-0.4990970139693269,-0.4990970139693271,-0.4990970139693269,-0.4990970139693272,-0.4990970139693271,-0.4990970139693269,-0.4878293167183838,0.0,0.0,0.0,0.0,17508
-0.4990970139693269,-0.4990970139693267,-0.4990970139693272,-0.4990970139693269,-0.4990970139693269,-0.4990970139693271,-0.4990970139693269,-0.4990970139693272,-0.4990970139693271,-0.4990970139693269,-0.7112252935659957,1.0,0.0,0.0,1.0,17169
-0.4990970139693269,-0.4990970139693267,-0.4990970139693272,-0.4990970139693269,-0.4990970139693269,-0.4990970139693271,-0.4990970139693269,-0.4990970139693272,-0.4990970139693271,-0.4990970139693269,-0.2644333398707719,0.0,0.0,1.0,0.0,16476
-0.4990970139693269,-0.4990970139693267,-0.4990970139693272,-0.4990970139693269,-0.4990970139693269,-0.4990970139693271,-0.4990970139693269,-0.4990970139693272,-0.4990970139693271,-0.4990970139693269,-0.2644333398707719,1.0,0.0,1.0,0.0,17619
-0.4990970139693269,-0.4990970139693267,-0.4990970139693272,-0.4990970139693269,-0.4990970139693269,-0.4990970139693271,-0.4990970139693269,-0.4990970139693272,-0.4990970139693271,-0.4990970139693269,-0.2644333398707719,1.0,0.0,1.0,0.0,17508
-0.4990970139693269,-0.4990970139693267,-0.4990970139693272,-0.4990970139693269,-0.4990970139693269,-0.4990970139693271,-0.4990970139693269,-0.4990970139693272,-0.4990970139693271,-0.4990970139693269,-0.2644333398707719,0.0,0.0,1.0,0.0,17748
-0.4990970139693269,-0.4990970139693267,-0.4990970139693272,-0.4990970139693269,-0.4990970139693269,-0.4990970139693271,-0.4990970139693269,-0.4990970139693272,-0.4990970139693271,-0.4990970139693269,-0.4878293167183838,1.0,0.0,0.0,0.0,17169
-0.4990970139693269,-0.4990970139693267,-0.4990970139693272,-0.4990970139693269,-0.4990970139693269,-0.4990970139693271,-0.4990970139693269,-0.4990970139693272,-0.4990970139693271,-0.4990970139693269,-0.2644333398707719,1.0,0.0,1.0,0.0,17565
-0.4990970139693269,-0.4990970139693267,-0.4990970139693272,-0.4990970139693269,-0.4990970139693269,-0.4990970139693271,-0.4990970139693269,-0.4990970139693272,-0.4990970139693271,-0.4990970139693269,-0.2644333398707719,1.0,0.0,1.0,0.0,17619
-0.4990970139693269,-0.4990970139693267,-0.4990970139693272,-0.4990970139693269,-0.4990970139693269,-0.4990970139693271,-0.4990970139693269,-0.4990970139693272,-0.4990970139693271,-0.4990970139693269,-0.2644333398707719,0.0,0.0,1.0,0.0,17724
-0.4990970139693269,-0.4990970139693267,-0.4990970139693272,-0.4990970139693269,-0.4990970139693269,-0.4990970139693271,-0.4990970139693269,-0.4990970139693272,-0.4990970139693271,-0.4990970139693269,-0.7112252935659957,0.0,0.0,0.0,1.0,17508
-0.4990970139693269,-0.4990970139693267,-0.4990970139693272,-0.4990970139693269,-0.4990970139693269,-0.4990970139693271,-0.4990970139693269,-0.4990970139693272,-0.4990970139693271,-0.4990970139693269,-0.7112252935659957,0.0,0.0,0.0,1.0,16581
-0.4990970139693269,-0.4990970139693267,-0.4990970139693272,-0.4990970139693269,-0.4990970139693269,-0.4990970139693271,-0.4990970139693269,-0.4990970139693272,-0.4990970139693271,-0.4990970139693269,-0.7112252935659957,1.0,0.0,0.0,1.0,16230
-0.4990970139693269,-0.4990970139693267,-0.4990970139693272,-0.4990970139693269,-0.4990970139693269,-0.4990970139693271,-0.4990970139693269,-0.4990970139693272,-0.4990970139693271,-0.4990970139693269,-0.2644333398707719,0.0,0.0,1.0,0.0,17169
-0.4990970139693269,-0.4990970139693267,-0.4990970139693272,-0.4990970139693269,-0.4990970139693269,-0.4990970139693271,-0.4990970139693269,-0.4990970139693272,-0.4990970139693271,-0.4990970139693269,-0.7112252935659957,1.0,0.0,0.0,1.0,16389
-0.4990970139693269,-0.4990970139693267,-0.4990970139693272,-0.4990970139693269,-0.4990970139693269,-0.4990970139693271,-0.4990970139693269,-0.4990970139693272,-0.4990970139693271,-0.4990970139693269,-0.4878293167183838,0.0,1.0,0.0,0.0,16884
-0.4990970139693269,-0.4990970139693267,-0.4990970139693272,-0.4990970139693269,-0.4990970139693269,-0.4990970139693271,-0.4990970139693269,-0.4990970139693272,-0.4990970139693271,-0.4990970139693269,-0.7112252935659957,0.0,0.0,0.0,1.0,17748
-0.4990970139693269,-0.4990970139693267,-0.4990970139693272,-0.4990970139693269,-0.4990970139693269,-0.4990970139693271,-0.4990970139693269,-0.4990970139693272,-0.4990970139693271,-0.4990970139693269,-0.7112252935659957,1.0,1.0,0.0,1.0,16359
-0.4990970139693269,-0.4990970139693267,-0.4990970139693272,-0.4990970139693269,-0.4990970139693269,-0.4990970139693271,-0.4990970139693269,-0.4990970139693272,-0.4990970139693271,-0.4990970139693269,-0.4878293167183838,1.0,0.0,0.0,0.0,16836
-0.4990970139693269,-0.4990970139693267,-0.4990970139693272,-0.4990970139693269,-0.4990970139693269,-0.4990970139693271,-0.4990970139693269,-0.4990970139693272,-0.4990970139693271,-0.4990970139693269,-0.2644333398707719,0.0,1.0,1.0,0.0,17619
-0.4990970139693269,-0.4990970139693267,-0.4990970139693272,-0.4990970139693269,-0.4990970139693269,-0.4990970139693271,-0.4990970139693269,-0.4990970139693272,-0.4990970139693271,-0.4990970139693269,-0.7112252935659957,1.0,1.0,0.0,1.0,17649
-0.4990970139693269,-0.4990970139693267,-0.4990970139693272,-0.4990970139693269,-0.4990970139693269,-0.4990970139693271,-0.4990970139693269,-0.4990970139693272,-0.4990970139693271,-0.4990970139693269,-0.4878293167183838,0.0,0.0,0.0,0.0,17508
-0.4990970139693269,-0.4990970139693267,-0.4990970139693272,-0.4990970139693269,-0.4990970139693269,-0.4990970139693271,-0.4990970139693269,-0.4990970139693272,-0.4990970139693271,-0.4990970139693269,-0.2644333398707719,1.0,0.0,1.0,0.0,17169
-0.4990970139693269,-0.4990970139693267,-0.4990970139693272,-0.4990970139693269,-0.4990970139693269,-0.4990970139693271,-0.4990970139693269,-0.4990970139693272,-0.4990970139693271,-0.4990970139693269,-0.7112252935659957,1.0,0.0,0.0,1.0,16476
-0.4990970139693269,-0.4990970139693267,-0.4990970139693272,-0.4990970139693269,-0.4990970139693269,-0.4990970139693271,-0.4990970139693269,-0.4990970139693272,-0.4990970139693271,-0.4990970139693269,-0.4878293167183838,0.0,1.0,0.0,0.0,17619
-0.4990970139693269,-0.4990970139693267,-0.4990970139693272,-0.4990970139693269,-0.4990970139693269,-0.4990970139693271,-0.4990970139693269,-0.4990970139693272,-0.4990970139693271,-0.4990970139693269,-0.7112252935659957,1.0,1.0,0.0,1.0,17508
-0.4990970139693269,-0.4990970139693267,-0.4990970139693272,-0.4990970139693269,-0.4990970139693269,-0.4990970139693271,-0.4990970139693269,-0.4990970139693272,-0.4990970139693271,-0.4990970139693269,-0.2644333398707719,0.0,1.0,1.0,0.0,17169
-0.4990970139693269,-0.4990970139693267,-0.4990970139693272,-0.4990970139693269,-0.4990970139693269,-0.4990970139693271,-0.4990970139693269,-0.4990970139693272,-0.4990970139693271,-0.4990970139693269,-0.4878293167183838,1.0,1.0,0.0,0.0,17619
-0.4990970139693269,-0.4990970139693267,-0.4990970139693272,-0.4990970139693269,-0.4990970139693269,-0.4990970139693271,-0.4990970139693269,-0.4990970139693272,-0.4990970139693271,-0.4990970139693269,-0.2644333398707719,0.0,1.0,1.0,0.0,17748
-0.4990970139693269,-0.4990970139693267,-0.4990970139693272,-0.4990970139693269,-0.4990970139693269,-0.4990970139693271,-0.4990970139693269,-0.4990970139693272,-0.4990970139693271,-0.4990970139693269,-0.7112252935659957,0.0,1.0,0.0,1.0,17619
-0.4990970139693269,-0.4990970139693267,-0.4990970139693272,-0.4990970139693269,-0.4990970139693269,-0.4990970139693271,-0.4990970139693269,-0.4990970139693272,-0.4990970139693271,-0.4990970139693269,-0.4878293167183838,1.0,0.0,0.0,0.0,17508
-0.4990970139693269,-0.4990970139693267,-0.4990970139693272,-0.4990970139693269,-0.4990970139693269,-0.4990970139693271,-0.4990970139693269,-0.4990970139693272,-0.4990970139693271,-0.4990970139693269,-0.2644333398707719,0.0,0.0,1.0,0.0,17169
-0.4990970139693269,-0.4990970139693267,-0.4990970139693272,-0.4990970139693269,-0.4990970139693269,-0.4990970139693271,-0.4990970139693269,-0.4990970139693272,-0.4990970139693271,-0.4990970139693269,-0.7112252935659957,1.0,0.0,0.0,1.0,17565
-0.4990970139693269,-0.4990970139693267,-0.4990970139693272,-0.4990970139693269,-0.4990970139693269,-0.4990970139693271,-0.4990970139693269,-0.4990970139693272,-0.4990970139693271,-0.4990970139693269,-0.4878293167183838,0.0,0.0,0.0,0.0,17619
-0.4990970139693269,-0.4990970139693267,-0.4990970139693272,-0.4990970139693269,-0.4990970139693269,-0.4990970139693271,-0.4990970139693269,-0.4990970139693272,-0.4990970139693271,-0.4990970139693269,-0.7112252935659957,1.0,0.0,0.0,1.0,17724
-0.4990970139693269,-0.4990970139693267,-0.4990970139693272,-0.4990970139693269,-0.4990970139693269,-0.4990970139693271,-0.4990970139693269,-0.4990970139693272,-0.4990970139693271,-0.4990970139693269,-0.2644333398707719,0.0,0.0,1.0,0.0,17508
-0.4990970139693269,-0.4990970139693267,-0.4990970139693272,-0.4990970139693269,-0.4990970139693269,-0.4990970139693271,-0.4990970139693269,-0.4990970139693272,-0.4990970139693271,-0.4990970139693269,-0.4878293167183838,1.0,0.0,0.0,0.0,16581
-0.4990970139693269,-0.4990970139693267,-0.4990970139693272,-0.4990970139693269,-0.4990970139693269,-0.4990970139693271,-0.4990970139693269,-0.4990970139693272,-0.4990970139693271,-0.4990970139693269,-0.2644333398707719,1.0,0.0,1.0,0.0,16230
-0.4990970139693269,-0.4990970139693267,-0.4990970139693272,-0.4990970139693269,-0.4990970139693269,-0.4990970139693271,-0.4990970139693269,-0.4990970139693272,-0.4990970139693271,-0.4990970139693269,-0.7112252935659957,1.0,0.0,0.0,1.0,16389
-0.4990970139693269,-0.4990970139693267,-0.4990970139693272,-0.4990970139693269,-0.4990970139693269,-0.4990970139693271,-0.4990970139693269,-0.4990970139693272,-0.4990970139693271,-0.4990970139693269,-0.4878293167183838,1.0,0.0,0.0,0.0,17748
-0.4990970139693269,-0.4990970139693267,-0.4990970139693272,-0.4990970139693269,-0.4990970139693269,-0.4990970139693271,-0.4990970139693269,-0.4990970139693272,-0.4990970139693271,-0.4990970139693269,-0.2644333398707719,0.0,0.0,1.0,0.0,17589
-0.4990970139693269,-0.4990970139693267,-0.4990970139693272,-0.4990970139693269,-0.4990970139693269,-0.4990970139693271,-0.4990970139693269,-0.4990970139693272,-0.4990970139693271,-0.4990970139693269,-0.7112252935659957,1.0,0.0,0.0,1.0,17565
-0.4990970139693269,-0.4990970139693267,-0.4990970139693272,-0.4990970139693269,-0.4990970139693269,-0.4990970139693271,-0.4990970139693269,-0.4990970139693272,-0.4990970139693271,-0.4990970139693269,-0.4878293167183838,1.0,0.0,0.0,0.0,16359
-0.4990970139693269,-0.4990970139693267,-0.4990970139693272,-0.4990970139693269,-0.4990970139693269,-0.4990970139693271,-0.4990970139693269,-0.4990970139693272,-0.4990970139693271,-0.4990970139693269,-0.7112252935659957,0.0,0.0,0.0,1.0,16836
-0.4990970139693269,-0.4990970139693267,-0.4990970139693272,-0.4990970139693269,-0.4990970139693269,-0.4990970139693271,-0.4990970139693269,-0.4990970139693272,-0.4990970139693271,-0.4990970139693269,-0.2644333398707719,1.0,0.0,1.0,0.0,17619
-0.4990970139693269,-0.4990970139693267,-0.4990970139693272,-0.4990970139693269,-0.4990970139693269,-0.4990970139693271,-0.4990970139693269,-0.4990970139693272,-0.4990970139693271,-0.4990970139693269,-0.2644333398707719,1.0,0.0,1.0,0.0,17649
-0.4990970139693269,-0.4990970139693267,-0.4990970139693272,-0.4990970139693269,-0.4990970139693269,-0.4990970139693271,-0.4990970139693269,-0.4990970139693272,-0.4990970139693271,-0.4990970139693269,-0.2644333398707719,0.0,0.0,1.0,0.0,17508
-0.4990970139693269,-0.4990970139693267,-0.4990970139693272,-0.4990970139693269,-0.4990970139693269,-0.4990970139693271,-0.4990970139693269,-0.4990970139693272,-0.4990970139693271,-0.4990970139693269,-0.2644333398707719,1.0,0.0,1.0,0.0,17169
-0.4990970139693269,-0.4990970139693267,-0.4990970139693272,-0.4990970139693269,-0.4990970139693269,-0.4990970139693271,-0.4990970139693269,-0.4990970139693272,-0.4990970139693271,-0.4990970139693269,-0.4878293167183838,1.0,0.0,0.0,0.0,16476
-0.4990970139693269,-0.4990970139693267,-0.4990970139693272,-0.4990970139693269,-0.4990970139693269,-0.4990970139693271,-0.4990970139693269,-0.4990970139693272,-0.4990970139693271,-0.4990970139693269,-0.2644333398707719,1.0,0.0,1.0,0.0,17508
-0.4990970139693269,-0.4990970139693267,-0.4990970139693272,-0.4990970139693269,-0.4990970139693269,-0.4990970139693271,-0.4990970139693269,-0.4990970139693272,-0.4990970139693271,-0.4990970139693269,-0.2644333398707719,0.0,0.0,1.0,0.0,17619
-0.4990970139693269,-0.4990970139693267,-0.4990970139693272,-0.4990970139693269,-0.4990970139693269,-0.4990970139693271,-0.4990970139693269,-0.4990970139693272,-0.4990970139693271,-0.4990970139693269,-0.2644333398707719,1.0,0.0,1.0,0.0,17508
-0.4990970139693269,-0.4990970139693267,-0.4990970139693272,-0.4990970139693269,-0.4990970139693269,-0.4990970139693271,-0.4990970139693269,-0.4990970139693272,-0.4990970139693271,-0.4990970139693269,-0.7112252935659957,1.0,0.0,0.0,1.0,17169
-0.4990970139693269,-0.4990970139693267,-0.4990970139693272,-0.4990970139693269,-0.4990970139693269,-0.4990970139693271,-0.4990970139693269,-0.4990970139693272,-0.4990970139693271,-0.4990970139693269,-0.7112252935659957,0.0,0.0,0.0,1.0,17748
-0.4990970139693269,-0.4990970139693267,-0.4990970139693272,-0.4990970139693269,-0.4990970139693269,-0.4990970139693271,-0.4990970139693269,-0.4990970139693272,-0.4990970139693271,-0.4990970139693269,-0.7112252935659957,0.0,0.0,0.0,1.0,17619
-0.4990970139693269,-0.4990970139693267,-0.4990970139693272,-0.4990970139693269,-0.4990970139693269,-0.4990970139693271,-0.4990970139693269,-0.4990970139693272,-0.4990970139693271,-0.4990970139693269,-0.2644333398707719,0.0,0.0,1.0,0.0,17508
-0.4990970139693269,-0.4990970139693267,-0.4990970139693272,-0.4990970139693269,-0.4990970139693269,-0.4990970139693271,-0.4990970139693269,-0.4990970139693272,-0.4990970139693271,-0.4990970139693269,-0.7112252935659957,0.0,0.0,0.0,1.0,17169
-0.4990970139693269,-0.4990970139693267,-0.4990970139693272,-0.4990970139693269,-0.4990970139693269,-0.4990970139693271,-0.4990970139693269,-0.4990970139693272,-0.4990970139693271,-0.4990970139693269,-0.4878293167183838,0.0,1.0,0.0,0.0,17565
-0.4990970139693269,-0.4990970139693267,-0.4990970139693272,-0.4990970139693269,-0.4990970139693269,-0.4990970139693271,-0.4990970139693269,-0.4990970139693272,-0.4990970139693271,-0.4990970139693269,-0.7112252935659957,0.0,1.0,0.0,1.0,17619
-0.4990970139693269,-0.4990970139693267,-0.4990970139693272,-0.4990970139693269,-0.4990970139693269,-0.4990970139693271,-0.4990970139693269,-0.4990970139693272,-0.4990970139693271,-0.4990970139693269,-0.7112252935659957,0.0,1.0,0.0,1.0,17724
-0.4990970139693269,-0.4990970139693267,-0.4990970139693272,-0.4990970139693269,-0.4990970139693269,-0.4990970139693271,-0.4990970139693269,-0.4990970139693272,-0.4990970139693271,-0.4990970139693269,-0.4878293167183838,1.0,1.0,0.0,0.0,16581
-0.4990970139693269,-0.4990970139693267,-0.4990970139693272,-0.4990970139693269,-0.4990970139693269,-0.4990970139693271,-0.4990970139693269,-0.4990970139693272,-0.4990970139693271,-0.4990970139693269,-0.2644333398707719,1.0,1.0,1.0,0.0,16389
-0.4990970139693269,-0.4990970139693267,-0.4990970139693272,-0.4990970139693269,-0.4990970139693269,-0.4990970139693271,-0.4990970139693269,-0.4990970139693272,-0.4990970139693271,-0.4990970139693269,-0.7112252935659957,1.0,1.0,0.0,1.0,16884
-0.4990970139693269,-0.4990970139693267,-0.4990970139693272,-0.4990970139693269,-0.4990970139693269,-0.4990970139693271,-0.4990970139693269,-0.4990970139693272,-0.4990970139693271,-0.4990970139693269,-0.4878293167183838,1.0,1.0,0.0,0.0,16476
-0.4990970139693269,-0.4990970139693267,-0.4990970139693272,-0.4990970139693269,-0.4990970139693269,-0.4990970139693271,-0.4990970139693269,-0.4990970139693272,-0.4990970139693271,-0.4990970139693269,-0.2644333398707719,1.0,1.0,1.0,0.0,17748
-0.4990970139693269,-0.4990970139693267,-0.4990970139693272,-0.4990970139693269,-0.4990970139693269,-0.4990970139693271,-0.4990970139693269,-0.4990970139693272,-0.4990970139693271,-0.4990970139693269,-0.7112252935659957,1.0,1.0,0.0,1.0,17589
-0.4990970139693269,-0.4990970139693267,-0.4990970139693272,-0.4990970139693269,-0.4990970139693269,-0.4990970139693271,-0.4990970139693269,-0.4990970139693272,-0.4990970139693271,-0.4990970139693269,-0.4878293167183838,1.0,1.0,0.0,0.0,17565
-0.4990970139693269,-0.4990970139693267,-0.4990970139693272,-0.4990970139693269,-0.4990970139693269,-0.4990970139693271,-0.4990970139693269,-0.4990970139693272,-0.4990970139693271,-0.4990970139693269,-0.7112252935659957,1.0,1.0,0.0,1.0,16359
-0.4990970139693269,-0.4990970139693267,-0.4990970139693272,-0.4990970139693269,-0.4990970139693269,-0.4990970139693271,-0.4990970139693269,-0.4990970139693272,-0.4990970139693271,-0.4990970139693269,-0.2644333398707719,0.0,1.0,1.0,0.0,16836
-0.4990970139693269,-0.4990970139693267,-0.4990970139693272,-0.4990970139693269,-0.4990970139693269,-0.4990970139693271,-0.4990970139693269,-0.4990970139693272,-0.4990970139693271,-0.4990970139693269,-0.4878293167183838,0.0,0.0,0.0,0.0,17619
-0.4990970139693269,-0.4990970139693267,-0.4990970139693272,-0.4990970139693269,-0.4990970139693269,-0.4990970139693271,-0.4990970139693269,-0.4990970139693272,-0.4990970139693271,-0.4990970139693269,-0.2644333398707719,0.0,0.0,1.0,0.0,17649
-0.4990970139693269,-0.4990970139693267,-0.4990970139693272,-0.4990970139693269,-0.4990970139693269,-0.4990970139693271,-0.4990970139693269,-0.4990970139693272,-0.4990970139693271,-0.4990970139693269,-0.7112252935659957,0.0,0.0,0.0,1.0,17169
-0.4990970139693269,-0.4990970139693267,-0.4990970139693272,-0.4990970139693269,-0.4990970139693269,-0.4990970139693271,-0.4990970139693269,-0.4990970139693272,-0.4990970139693271,-0.4990970139693269,-0.4878293167183838,0.0,0.0,0.0,0.0,17508
-0.4990970139693269,-0.4990970139693267,-0.4990970139693272,-0.4990970139693269,-0.4990970139693269,-0.4990970139693271,-0.4990970139693269,-0.4990970139693272,-0.4990970139693271,-0.4990970139693269,-0.2644333398707719,0.0,0.0,1.0,0.0,17169
-0.4990970139693269,-0.4990970139693267,-0.4990970139693272,-0.4990970139693269,-0.4990970139693269,-0.4990970139693271,-0.4990970139693269,-0.4990970139693272,-0.4990970139693271,-0.4990970139693269,-0.7112252935659957,0.0,0.0,0.0,1.0,16476
-0.4990970139693269,-0.4990970139693267,-0.4990970139693272,-0.4990970139693269,-0.4990970139693269,-0.4990970139693271,-0.4990970139693269,-0.4990970139693272,-0.4990970139693271,-0.4990970139693269,-0.4878293167183838,0.0,0.0,0.0,0.0,17619
-0.4990970139693269,-0.4990970139693267,-0.4990970139693272,-0.4990970139693269,-0.4990970139693269,-0.4990970139693271,-0.4990970139693269,-0.4990970139693272,-0.4990970139693271,-0.4990970139693269,-0.7112252935659957,1.0,0.0,0.0,1.0,17508
-0.4990970139693269,-0.4990970139693267,-0.4990970139693272,-0.4990970139693269,-0.4990970139693269,-0.4990970139693271,-0.4990970139693269,-0.4990970139693272,-0.4990970139693271,-0.4990970139693269,-0.2644333398707719,1.0,1.0,1.0,0.0,17169
-0.4990970139693269,-0.4990970139693267,-0.4990970139693272,-0.4990970139693269,-0.4990970139693269,-0.4990970139693271,-0.4990970139693269,-0.4990970139693272,-0.4990970139693271,-0.4990970139693269,-0.4878293167183838,1.0,1.0,0.0,0.0,17748
-0.4990970139693269,-0.4990970139693267,-0.4990970139693272,-0.4990970139693269,-0.4990970139693269,-0.4990970139693271,-0.4990970139693269,-0.4990970139693272,-0.4990970139693271,-0.4990970139693269,-0.2644333398707719,1.0,1.0,1.0,0.0,17619
-0.4990970139693269,-0.4990970139693267,-0.4990970139693272,-0.4990970139693269,-0.4990970139693269,-0.4990970139693271,-0.4990970139693269,-0.4990970139693272,-0.4990970139693271,-0.4990970139693269,-0.7112252935659957,1.0,1.0,0.0,1.0,17508
-0.4990970139693269,-0.4990970139693267,-0.4990970139693272,-0.4990970139693269,-0.4990970139693269,-0.4990970139693271,-0.4990970139693269,-0.4990970139693272,-0.4990970139693271,-0.4990970139693269,-0.4878293167183838,1.0,1.0,0.0,0.0,17169
-0.4990970139693269,-0.4990970139693267,-0.4990970139693272,-0.4990970139693269,-0.4990970139693269,-0.4990970139693271,-0.4990970139693269,-0.4990970139693272,-0.4990970139693271,-0.4990970139693269,-0.2644333398707719,1.0,1.0,1.0,0.0,17619
-0.4990970139693269,-0.4990970139693267,-0.4990970139693272,-0.4990970139693269,-0.4990970139693269,-0.4990970139693271,-0.4990970139693269,-0.4990970139693272,-0.4990970139693271,-0.4990970139693269,-0.7112252935659957,0.0,1.0,0.0,1.0,17673
-0.4990970139693269,-0.4990970139693267,-0.4990970139693272,-0.4990970139693269,-0.4990970139693269,-0.4990970139693271,-0.4990970139693269,-0.4990970139693272,-0.4990970139693271,-0.4990970139693269,-0.4878293167183838,1.0,0.0,0.0,0.0,17958
-0.4990970139693269,-0.4990970139693267,-0.4990970139693272,-0.4990970139693269,-0.4990970139693269,-0.4990970139693271,-0.4990970139693269,-0.4990970139693272,-0.4990970139693271,-0.4990970139693269,-0.7112252935659957,0.0,0.0,0.0,1.0,16260
-0.4990970139693269,-0.4990970139693267,-0.4990970139693272,-0.4990970139693269,-0.4990970139693269,-0.4990970139693271,-0.4990970139693269,-0.4990970139693272,-0.4990970139693271,-0.4990970139693269,-0.2644333398707719,1.0,0.0,1.0,0.0,16362
-0.4990970139693269,-0.4990970139693267,-0.4990970139693272,-0.4990970139693269,-0.4990970139693269,-0.4990970139693271,-0.4990970139693269,-0.4990970139693272,-0.4990970139693271,-0.4990970139693269,-0.2644333398707719,0.0,0.0,1.0,0.0,16596
-0.4990970139693269,-0.4990970139693267,-0.4990970139693272,-0.4990970139693269,-0.4990970139693269,-0.4990970139693271,-0.4990970139693269,-0.4990970139693272,-0.4990970139693271,-0.4990970139693269,-0.2644333398707719,0.0,0.0,1.0,0.0,17040
-0.4990970139693269,-0.4990970139693267,-0.4990970139693272,-0.4990970139693269,-0.4990970139693269,-0.4990970139693271,-0.4990970139693269,-0.4990970139693272,-0.4990970139693271,-0.4990970139693269,-0.2644333398707719,1.0,0.0,1.0,0.0,17508
-0.4990970139693269,-0.4990970139693267,-0.4990970139693272,-0.4990970139693269,-0.4990970139693269,-0.4990970139693271,-0.4990970139693269,-0.4990970139693272,-0.4990970139693271,-0.4990970139693269,-0.4878293167183838,0.0,0.0,0.0,0.0,17619
-0.4990970139693269,-0.4990970139693267,-0.4990970139693272,-0.4990970139693269,-0.4990970139693269,-0.4990970139693271,-0.4990970139693269,-0.4990970139693272,-0.4990970139693271,-0.4990970139693269,-0.2644333398707719,1.0,0.0,1.0,0.0,16581
-0.4990970139693269,-0.4990970139693267,-0.4990970139693272,-0.4990970139693269,-0.4990970139693269,-0.4990970139693271,-0.4990970139693269,-0.4990970139693272,-0.4990970139693271,-0.4990970139693269,-0.2644333398707719,0.0,1.0,1.0,0.0,17748
-0.4990970139693269,-0.4990970139693267,-0.4990970139693272,-0.4990970139693269,-0.4990970139693269,-0.4990970139693271,-0.4990970139693269,-0.4990970139693272,-0.4990970139693271,-0.4990970139693269,-0.2644333398707719,1.0,1.0,1.0,0.0,17649
-0.4990970139693269,-0.4990970139693267,-0.4990970139693272,-0.4990970139693269,-0.4990970139693269,-0.4990970139693271,-0.4990970139693269,-0.4990970139693272,-0.4990970139693271,-0.4990970139693269,-0.7112252935659957,0.0,1.0,0.0,1.0,17619
-0.4990970139693269,-0.4990970139693267,-0.4990970139693272,-0.4990970139693269,-0.4990970139693269,-0.4990970139693271,-0.4990970139693269,-0.4990970139693272,-0.4990970139693271,-0.4990970139693269,-0.7112252935659957,1.0,1.0,0.0,1.0,17565
-0.4990970139693269,-0.4990970139693267,-0.4990970139693272,-0.4990970139693269,-0.4990970139693269,-0.4990970139693271,-0.4990970139693269,-0.4990970139693272,-0.4990970139693271,-0.4990970139693269,-0.7112252935659957,1.0,1.0,0.0,1.0,16581
-0.4990970139693269,-0.4990970139693267,-0.4990970139693272,-0.4990970139693269,-0.4990970139693269,-0.4990970139693271,-0.4990970139693269,-0.4990970139693272,-0.4990970139693271,-0.4990970139693269,-0.2644333398707719,0.0,1.0,1.0,0.0,16476
-0.4990970139693269,-0.4990970139693267,-0.4990970139693272,-0.4990970139693269,-0.4990970139693269,-0.4990970139693271,-0.4990970139693269,-0.4990970139693272,-0.4990970139693271,-0.4990970139693269,-0.7112252935659957,1.0,1.0,0.0,1.0,17565
-0.4990970139693269,-0.4990970139693267,-0.4990970139693272,-0.4990970139693269,-0.4990970139693269,-0.4990970139693271,-0.4990970139693269,-0.4990970139693272,-0.4990970139693271,-0.4990970139693269,-0.4878293167183838,1.0,1.0,0.0,0.0,17619
-0.4990970139693269,-0.4990970139693267,-0.4990970139693272,-0.4990970139693269,-0.4990970139693269,-0.4990970139693271,-0.4990970139693269,-0.4990970139693272,-0.4990970139693271,-0.4990970139693269,-0.7112252935659957,0.0,1.0,0.0,1.0,17508
-0.4990970139693269,-0.4990970139693267,-0.4990970139693272,-0.4990970139693269,-0.4990970139693269,-0.4990970139693271,-0.4990970139693269,-0.4990970139693272,-0.4990970139693271,-0.4990970139693269,-0.7112252935659957,1.0,1.0,0.0,1.0,17619
-0.4990970139693269,-0.4990970139693267,-0.4990970139693272,-0.4990970139693269,-0.4990970139693269,-0.4990970139693271,-0.4990970139693269,-0.4990970139693272,-0.4990970139693271,-0.4990970139693269,-0.4878293167183838,1.0,1.0,0.0,0.0,17748
-0.4990970139693269,-0.4990970139693267,-0.4990970139693272,-0.4990970139693269,-0.4990970139693269,-0.4990970139693271,-0.4990970139693269,-0.4990970139693272,-0.4990970139693271,-0.4990970139693269,-0.2644333398707719,1.0,1.0,1.0,0.0,17169
-0.4990970139693269,-0.4990970139693267,-0.4990970139693272,-0.4990970139693269,-0.4990970139693269,-0.4990970139693271,-0.4990970139693269,-0.4990970139693272,-0.4990970139693271,-0.4990970139693269,-0.7112252935659957,1.0,0.0,0.0,1.0,16596
-0.4990970139693269,-0.4990970139693267,-0.4990970139693272,-0.4990970139693269,-0.4990970139693269,-0.4990970139693271,-0.4990970139693269,-0.4990970139693272,-0.4990970139693271,-0.4990970139693269,-0.4878293167183838,0.0,0.0,0.0,0.0,17169
-0.4990970139693269,-0.4990970139693267,-0.4990970139693272,-0.4990970139693269,-0.4990970139693269,-0.4990970139693271,-0.4990970139693269,-0.4990970139693272,-0.4990970139693271,-0.4990970139693269,-0.2644333398707719,1.0,0.0,1.0,0.0,17748
-0.4990970139693269,-0.4990970139693267,-0.4990970139693272,-0.4990970139693269,-0.4990970139693269,-0.4990970139693271,-0.4990970139693269,-0.4990970139693272,-0.4990970139693271,-0.4990970139693269,-0.7112252935659957,0.0,0.0,0.0,1.0,17619
-0.4990970139693269,-0.4990970139693267,-0.4990970139693272,-0.4990970139693269,-0.4990970139693269,-0.4990970139693271,-0.4990970139693269,-0.4990970139693272,-0.4990970139693271,-0.4990970139693269,-0.4878293167183838,1.0,0.0,0.0,0.0,17169
-0.4990970139693269,-0.4990970139693267,-0.4990970139693272,-0.4990970139693269,-0.4990970139693269,-0.4990970139693271,-0.4990970139693269,-0.4990970139693272,-0.4990970139693271,-0.4990970139693269,-0.7112252935659957,1.0,0.0,0.0,1.0,17508
-0.4990970139693269,-0.4990970139693267,-0.4990970139693272,-0.4990970139693269,-0.4990970139693269,-0.4990970139693271,-0.4990970139693269,-0.4990970139693272,-0.4990970139693271,-0.4990970139693269,-0.2644333398707719,0.0,0.0,1.0,0.0,17748
-0.4990970139693269,-0.4990970139693267,-0.4990970139693272,-0.4990970139693269,-0.4990970139693269,-0.4990970139693271,-0.4990970139693269,-0.4990970139693272,-0.4990970139693271,-0.4990970139693269,-0.4878293167183838,1.0,1.0,0.0,0.0,17169
-0.4990970139693269,-0.4990970139693267,-0.4990970139693272,-0.4990970139693269,-0.4990970139693269,-0.4990970139693271,-0.4990970139693269,-0.4990970139693272,-0.4990970139693271,-0.4990970139693269,-0.2644333398707719,0.0,1.0,1.0,0.0,17724
-0.4990970139693269,-0.4990970139693267,-0.4990970139693272,-0.4990970139693269,-0.4990970139693269,-0.4990970139693271,-0.4990970139693269,-0.4990970139693272,-0.4990970139693271,-0.4990970139693269,-0.7112252935659957,0.0,1.0,0.0,1.0,16230
-0.4990970139693269,-0.4990970139693267,-0.4990970139693272,-0.4990970139693269,-0.4990970139693269,-0.4990970139693271,-0.4990970139693269,-0.4990970139693272,-0.4990970139693271,-0.4990970139693269,-0.4878293167183838,1.0,1.0,0.0,0.0,17589
-0.4990970139693269,-0.4990970139693267,-0.4990970139693272,-0.4990970139693269,-0.4990970139693269,-0.4990970139693271,-0.4990970139693269,-0.4990970139693272,-0.4990970139693271,-0.4990970139693269,-0.2644333398707719,0.0,1.0,1.0,0.0,17508
-0.4990970139693269,-0.4990970139693267,-0.4990970139693272,-0.4990970139693269,-0.4990970139693269,-0.4990970139693271,-0.4990970139693269,-0.4990970139693272,-0.4990970139693271,-0.4990970139693269,-0.7112252935659957,0.0,1.0,0.0,1.0,17508
-0.4990970139693269,-0.4990970139693267,-0.4990970139693272,-0.4990970139693269,-0.4990970139693269,-0.4990970139693271,-0.4990970139693269,-0.4990970139693272,-0.4990970139693271,-0.4990970139693269,-0.4878293167183838,0.0,0.0,0.0,0.0,17619
-0.4990970139693269,-0.4990970139693267,-0.4990970139693272,-0.4990970139693269,-0.4990970139693269,-0.4990970139693271,-0.4990970139693269,-0.4990970139693272,-0.4990970139693271,-0.4990970139693269,-0.7112252935659957,0.0,0.0,0.0,1.0,16389
-0.4990970139693269,-0.4990970139693267,-0.4990970139693272,-0.4990970139693269,-0.4990970139693269,-0.4990970139693271,-0.4990970139693269,-0.4990970139693272,-0.4990970139693271,-0.4990970139693269,-0.2644333398707719,1.0,0.0,1.0,0.0,17748
-0.4990970139693269,-0.4990970139693267,-0.4990970139693272,-0.4990970139693269,-0.4990970139693269,-0.4990970139693271,-0.4990970139693269,-0.4990970139693272,-0.4990970139693271,-0.4990970139693269,-0.4878293167183838,0.0,0.0,0.0,0.0,16359
-0.4990970139693269,-0.4990970139693267,-0.4990970139693272,-0.4990970139693269,-0.4990970139693269,-0.4990970139693271,-0.4990970139693269,-0.4990970139693272,-0.4990970139693271,-0.4990970139693269,-0.2644333398707719,1.0,0.0,1.0,0.0,17649
-0.4990970139693269,-0.4990970139693267,-0.4990970139693272,-0.4990970139693269,-0.4990970139693269,-0.4990970139693271,-0.4990970139693269,-0.4990970139693272,-0.4990970139693271,-0.4990970139693269,-0.7112252935659957,1.0,1.0,0.0,1.0,17169
-0.4990970139693269,-0.4990970139693267,-0.4990970139693272,-0.4990970139693269,-0.4990970139693269,-0.4990970139693271,-0.4990970139693269,-0.4990970139693272,-0.4990970139693271,-0.4990970139693269,-0.4878293167183838,0.0,1.0,0.0,0.0,17508
-0.4990970139693269,-0.4990970139693267,-0.4990970139693272,-0.4990970139693269,-0.4990970139693269,-0.4990970139693271,-0.4990970139693269,-0.4990970139693272,-0.4990970139693271,-0.4990970139693269,-0.2644333398707719,1.0,1.0,1.0,0.0,17619
-0.4990970139693269,-0.4990970139693267,-0.4990970139693272,-0.4990970139693269,-0.4990970139693269,-0.4990970139693271,-0.4990970139693269,-0.4990970139693272,-0.4990970139693271,-0.4990970139693269,-0.7112252935659957,1.0,1.0,0.0,1.0,17619
-0.4990970139693269,-0.4990970139693267,-0.4990970139693272,-0.4990970139693269,-0.4990970139693269,-0.4990970139693271,-0.4990970139693269,-0.4990970139693272,-0.4990970139693271,-0.4990970139693269,-0.4878293167183838,1.0,1.0,0.0,0.0,16389
-0.4990970139693269,-0.4990970139693267,-0.4990970139693272,-0.4990970139693269,-0.4990970139693269,-0.4990970139693271,-0.4990970139693269,-0.4990970139693272,-0.4990970139693271,-0.4990970139693269,-0.7112252935659957,0.0,0.0,0.0,1.0,16476
-0.4990970139693269,-0.4990970139693267,-0.4990970139693272,-0.4990970139693269,-0.4990970139693269,-0.4990970139693271,-0.4990970139693269,-0.4990970139693272,-0.4990970139693271,-0.4990970139693269,-0.2644333398707719,0.0,0.0,1.0,0.0,17169
-0.4990970139693269,-0.4990970139693267,-0.4990970139693272,-0.4990970139693269,-0.4990970139693269,-0.4990970139693271,-0.4990970139693269,-0.4990970139693272,-0.4990970139693271,-0.4990970139693269,-0.2644333398707719,0.0,0.0,1.0,0.0,17508
-0.4990970139693269,-0.4990970139693267,-0.4990970139693272,-0.4990970139693269,-0.4990970139693269,-0.4990970139693271,-0.4990970139693269,-0.4990970139693272,-0.4990970139693271,-0.4990970139693269,-0.2644333398707719,1.0,0.0,1.0,0.0,17565
-0.4990970139693269,-0.4990970139693267,-0.4990970139693272,-0.4990970139693269,-0.4990970139693269,-0.4990970139693271,-0.4990970139693269,-0.4990970139693272,-0.4990970139693271,-0.4990970139693269,-0.2644333398707719,0.0,0.0,1.0,0.0,17508
-0.4990970139693269,-0.4990970139693267,-0.4990970139693272,-0.4990970139693269,-0.4990970139693269,-0.4990970139693271,-0.4990970139693269,-0.4990970139693272,-0.4990970139693271,-0.4990970139693269,-0.4878293167183838,1.0,0.0,0.0,0.0,17169
-0.4990970139693269,-0.4990970139693267,-0.4990970139693272,-0.4990970139693269,-0.4990970139693269,-0.4990970139693271,-0.4990970139693269,-0.4990970139693272,-0.4990970139693271,-0.4990970139693269,-0.2644333398707719,0.0,0.0,1.0,0.0,17748
-0.4990970139693269,-0.4990970139693267,-0.4990970139693272,-0.4990970139693269,-0.4990970139693269,-0.4990970139693271,-0.4990970139693269,-0.4990970139693272,-0.4990970139693271,-0.4990970139693269,-0.2644333398707719,0.0,0.0,1.0,0.0,17619
-0.4990970139693269,-0.4990970139693267,-0.4990970139693272,-0.4990970139693269,-0.4990970139693269,-0.4990970139693271,-0.4990970139693269,-0.4990970139693272,-0.4990970139693271,-0.4990970139693269,-0.2644333398707719,1.0,0.0,1.0,0.0,17169
-0.4990970139693269,-0.4990970139693267,-0.4990970139693272,-0.4990970139693269,-0.4990970139693269,-0.4990970139693271,-0.4990970139693269,-0.4990970139693272,-0.4990970139693271,-0.4990970139693269,-0.7112252935659957,1.0,1.0,0.0,1.0,17508
-0.4990970139693269,-0.4990970139693267,-0.4990970139693272,-0.4990970139693269,-0.4990970139693269,-0.4990970139693271,-0.4990970139693269,-0.4990970139693272,-0.4990970139693271,-0.4990970139693269,-0.7112252935659957,0.0,1.0,0.0,1.0,17169
-0.4990970139693269,-0.4990970139693267,-0.4990970139693272,-0.4990970139693269,-0.4990970139693269,-0.4990970139693271,-0.4990970139693269,-0.4990970139693272,-0.4990970139693271,-0.4990970139693269,-0.7112252935659957,1.0,1.0,0.0,1.0,17589
-0.4990970139693269,-0.4990970139693267,-0.4990970139693272,-0.4990970139693269,-0.4990970139693269,-0.4990970139693271,-0.4990970139693269,-0.4990970139693272,-0.4990970139693271,-0.4990970139693269,-0.2644333398707719,0.0,1.0,1.0,0.0,16836
-0.4990970139693269,-0.4990970139693267,-0.4990970139693272,-0.4990970139693269,-0.4990970139693269,-0.4990970139693271,-0.4990970139693269,-0.4990970139693272,-0.4990970139693271,-0.4990970139693269,-0.7112252935659957,1.0,1.0,0.0,1.0,17508
-0.4990970139693269,-0.4990970139693267,-0.4990970139693272,-0.4990970139693269,-0.4990970139693269,-0.4990970139693271,-0.4990970139693269,-0.4990970139693272,-0.4990970139693271,-0.4990970139693269,-0.4878293167183838,1.0,1.0,0.0,0.0,17508
-0.4990970139693269,-0.4990970139693267,-0.4990970139693272,-0.4990970139693269,-0.4990970139693269,-0.4990970139693271,-0.4990970139693269,-0.4990970139693272,-0.4990970139693271,-0.4990970139693269,-0.7112252935659957,0.0,0.0,0.0,1.0,17169
-0.4990970139693269,-0.4990970139693267,-0.4990970139693272,-0.4990970139693269,-0.4990970139693269,-0.4990970139693271,-0.4990970139693269,-0.4990970139693272,-0.4990970139693271,-0.4990970139693269,-0.7112252935659957,1.0,0.0,0.0,1.0,17508
-0.4990970139693269,-0.4990970139693267,-0.4990970139693272,-0.4990970139693269,-0.4990970139693269,-0.4990970139693271,-0.4990970139693269,-0.4990970139693272,-0.4990970139693271,-0.4990970139693269,-0.4878293167183838,0.0,0.0,0.0,0.0,17619
-0.4990970139693269,-0.4990970139693267,-0.4990970139693272,-0.4990970139693269,-0.4990970139693269,-0.4990970139693271,-0.4990970139693269,-0.4990970139693272,-0.4990970139693271,-0.4990970139693269,-0.2644333398707719,1.0,0.0,1.0,0.0,16389
-0.4990970139693269,-0.4990970139693267,-0.4990970139693272,-0.4990970139693269,-0.4990970139693269,-0.4990970139693271,-0.4990970139693269,-0.4990970139693272,-0.4990970139693271,-0.4990970139693269,-0.7112252935659957,0.0,0.0,0.0,1.0,17748
-0.4990970139693269,-0.4990970139693267,-0.4990970139693272,-0.4990970139693269,-0.4990970139693269,-0.4990970139693271,-0.4990970139693269,-0.4990970139693272,-0.4990970139693271,-0.4990970139693269,-0.4878293167183838,0.0,0.0,0.0,0.0,16359
-0.4990970139693269,-0.4990970139693267,-0.4990970139693272,-0.4990970139693269,-0.4990970139693269,-0.4990970139693271,-0.4990970139693269,-0.4990970139693272,-0.4990970139693271,-0.4990970139693269,-0.2644333398707719,1.0,0.0,1.0,0.0,17169
-0.4990970139693269,-0.4990970139693267,-0.4990970139693272,-0.4990970139693269,-0.4990970139693269,-0.4990970139693271,-0.4990970139693269,-0.4990970139693272,-0.4990970139693271,-0.4990970139693269,-0.7112252935659957,0.0,0.0,0.0,1.0,17619
-0.4990970139693269,-0.4990970139693267,-0.4990970139693272,-0.4990970139693269,-0.4990970139693269,-0.4990970139693271,-0.4990970139693269,-0.4990970139693272,-0.4990970139693271,-0.4990970139693269,-0.4878293167183838,1.0,0.0,0.0,0.0,16260
-0.4990970139693269,-0.4990970139693267,-0.4990970139693272,-0.4990970139693269,-0.4990970139693269,-0.4990970139693271,-0.4990970139693269,-0.4990970139693272,-0.4990970139693271,-0.4990970139693269,-0.7112252935659957,0.0,0.0,0.0,1.0,17040
-0.4990970139693269,-0.4990970139693267,-0.4990970139693272,-0.4990970139693269,-0.4990970139693269,-0.4990970139693271,-0.4990970139693269,-0.4990970139693272,-0.4990970139693271,-0.4990970139693269,-0.2644333398707719,1.0,0.0,1.0,0.0,16581
-0.4990970139693269,-0.4990970139693267,-0.4990970139693272,-0.4990970139693269,-0.4990970139693269,-0.4990970139693271,-0.4990970139693269,-0.4990970139693272,-0.4990970139693271,-0.4990970139693269,-0.4878293167183838,0.0,0.0,0.0,0.0,17619
-0.4990970139693269,-0.4990970139693267,-0.4990970139693272,-0.4990970139693269,-0.4990970139693269,-0.4990970139693271,-0.4990970139693269,-0.4990970139693272,-0.4990970139693271,-0.4990970139693269,-0.2644333398707719,1.0,1.0,1.0,0.0,16476
-0.4990970139693269,-0.4990970139693267,-0.4990970139693272,-0.4990970139693269,-0.4990970139693269,-0.4990970139693271,-0.4990970139693269,-0.4990970139693272,-0.4990970139693271,-0.4990970139693269,-0.7112252935659957,1.0,1.0,0.0,1.0,17508
-0.4990970139693269,-0.4990970139693267,-0.4990970139693272,-0.4990970139693269,-0.4990970139693269,-0.4990970139693271,-0.4990970139693269,-0.4990970139693272,-0.4990970139693271,-0.4990970139693269,-0.4878293167183838,1.0,1.0,0.0,0.0,17169
-0.4990970139693269,-0.4990970139693267,-0.4990970139693272,-0.4990970139693269,-0.4990970139693269,-0.4990970139693271,-0.4990970139693269,-0.4990970139693272,-0.4990970139693271,-0.4990970139693269,-0.2644333398707719,1.0,1.0,1.0,0.0,17169
-0.4990970139693269,-0.4990970139693267,-0.4990970139693272,-0.4990970139693269,-0.4990970139693269,-0.4990970139693271,-0.4990970139693269,-0.4990970139693272,-0.4990970139693271,-0.4990970139693269,-0.7112252935659957,0.0,1.0,0.0,1.0,17748
-0.4990970139693269,-0.4990970139693267,-0.4990970139693272,-0.4990970139693269,-0.4990970139693269,-0.4990970139693271,-0.4990970139693269,-0.4990970139693272,-0.4990970139693271,-0.4990970139693269,-0.4878293167183838,1.0,1.0,0.0,0.0,17169
-0.4990970139693269,-0.4990970139693267,-0.4990970139693272,-0.4990970139693269,-0.4990970139693269,-0.4990970139693271,-0.4990970139693269,-0.4990970139693272,-0.4990970139693271,-0.4990970139693269,-0.7112252935659957,1.0,1.0,0.0,1.0,17169
-0.4990970139693269,-0.4990970139693267,-0.4990970139693272,-0.4990970139693269,-0.4990970139693269,-0.4990970139693271,-0.4990970139693269,-0.4990970139693272,-0.4990970139693271,-0.4990970139693269,-0.2644333398707719,0.0,1.0,1.0,0.0,17724
-0.4990970139693269,-0.4990970139693267,-0.4990970139693272,-0.4990970139693269,-0.4990970139693269,-0.4990970139693271,-0.4990970139693269,-0.4990970139693272,-0.4990970139693271,-0.4990970139693269,-0.4878293167183838,1.0,1.0,0.0,0.0,16230
-0.4990970139693269,-0.4990970139693267,-0.4990970139693272,-0.4990970139693269,-0.4990970139693269,-0.4990970139693271,-0.4990970139693269,-0.4990970139693272,-0.4990970139693271,-0.4990970139693269,-0.2644333398707719,1.0,1.0,1.0,0.0,17589
-0.4990970139693269,-0.4990970139693267,-0.4990970139693272,-0.4990970139693269,-0.4990970139693269,-0.4990970139693271,-0.4990970139693269,-0.4990970139693272,-0.4990970139693271,-0.4990970139693269,-0.7112252935659957,0.0,1.0,0.0,1.0,16836
-0.4990970139693269,-0.4990970139693267,-0.4990970139693272,-0.4990970139693269,-0.4990970139693269,-0.4990970139693271,-0.4990970139693269,-0.4990970139693272,-0.4990970139693271,-0.4990970139693269,-0.4878293167183838,1.0,1.0,0.0,0.0,17508
-0.4990970139693269,-0.4990970139693267,-0.4990970139693272,-0.4990970139693269,-0.4990970139693269,-0.4990970139693271,-0.4990970139693269,-0.4990970139693272,-0.4990970139693271,-0.4990970139693269,-0.2644333398707719,1.0,1.0,1.0,0.0,17508
-0.4990970139693269,-0.4990970139693267,-0.4990970139693272,-0.4990970139693269,-0.4990970139693269,-0.4990970139693271,-0.4990970139693269,-0.4990970139693272,-0.4990970139693271,-0.4990970139693269,-0.7112252935659957,1.0,0.0,0.0,1.0,17169
-0.4990970139693269,-0.4990970139693267,-0.4990970139693272,-0.4990970139693269,-0.4990970139693269,-0.4990970139693271,-0.4990970139693269,-0.4990970139693272,-0.4990970139693271,-0.4990970139693269,-0.4878293167183838,0.0,0.0,0.0,0.0,17508
-0.4990970139693269,-0.4990970139693267,-0.4990970139693272,-0.4990970139693269,-0.4990970139693269,-0.4990970139693271,-0.4990970139693269,-0.4990970139693272,-0.4990970139693271,-0.4990970139693269,-0.7112252935659957,1.0,0.0,0.0,1.0,17619
-0.4990970139693269,-0.4990970139693267,-0.4990970139693272,-0.4990970139693269,-0.4990970139693269,-0.4990970139693271,-0.4990970139693269,-0.4990970139693272,-0.4990970139693271,-0.4990970139693269,-0.2644333398707719,1.0,0.0,1.0,0.0,17748
-0.4990970139693269,-0.4990970139693267,-0.4990970139693272,-0.4990970139693269,-0.4990970139693269,-0.4990970139693271,-0.4990970139693269,-0.4990970139693272,-0.4990970139693271,-0.4990970139693269,-0.2644333398707719,0.0,0.0,1.0,0.0,17169
-0.4990970139693269,-0.4990970139693267,-0.4990970139693272,-0.4990970139693269,-0.4990970139693269,-0.4990970139693271,-0.4990970139693269,-0.4990970139693272,-0.4990970139693271,-0.4990970139693269,-0.2644333398707719,0.0,0.0,1.0,0.0,17508
-0.4990970139693269,-0.4990970139693267,-0.4990970139693272,-0.4990970139693269,-0.4990970139693269,-0.4990970139693271,-0.4990970139693269,-0.4990970139693272,-0.4990970139693271,-0.4990970139693269,-0.2644333398707719,0.0,0.0,1.0,0.0,17619
-0.4990970139693269,-0.4990970139693267,-0.4990970139693272,-0.4990970139693269,-0.4990970139693269,-0.4990970139693271,-0.4990970139693269,-0.4990970139693272,-0.4990970139693271,-0.4990970139693269,-0.4878293167183838,0.0,0.0,0.0,0.0,17619
-0.4990970139693269,-0.4990970139693267,-0.4990970139693272,-0.4990970139693269,-0.4990970139693269,-0.4990970139693271,-0.4990970139693269,-0.4990970139693272,-0.4990970139693271,-0.4990970139693269,-0.2644333398707719,0.0,1.0,1.0,0.0,16581
-0.4990970139693269,-0.4990970139693267,-0.4990970139693272,-0.4990970139693269,-0.4990970139693269,-0.4990970139693271,-0.4990970139693269,-0.4990970139693272,-0.4990970139693271,-0.4990970139693269,-0.2644333398707719,0.0,1.0,1.0,0.0,16389
-0.4990970139693269,-0.4990970139693267,-0.4990970139693272,-0.4990970139693269,-0.4990970139693269,-0.4990970139693271,-0.4990970139693269,-0.4990970139693272,-0.4990970139693271,-0.4990970139693269,-0.2644333398707719,0.0,1.0,1.0,0.0,17748
-0.4990970139693269,-0.4990970139693267,-0.4990970139693272,-0.4990970139693269,-0.4990970139693269,-0.4990970139693271,-0.4990970139693269,-0.4990970139693272,-0.4990970139693271,-0.4990970139693269,-0.7112252935659957,1.0,1.0,0.0,1.0,17649
-0.4990970139693269,-0.4990970139693267,-0.4990970139693272,-0.4990970139693269,-0.4990970139693269,-0.4990970139693271,-0.4990970139693269,-0.4990970139693272,-0.4990970139693271,-0.4990970139693269,-0.7112252935659957,1.0,1.0,0.0,1.0,16476
-0.4990970139693269,-0.4990970139693267,-0.4990970139693272,-0.4990970139693269,-0.4990970139693269,-0.4990970139693271,-0.4990970139693269,-0.4990970139693272,-0.4990970139693271,-0.4990970139693269,-0.7112252935659957,1.0,1.0,0.0,1.0,17169
-0.4990970139693269,-0.4990970139693267,-0.4990970139693272,-0.4990970139693269,-0.4990970139693269,-0.4990970139693271,-0.4990970139693269,-0.4990970139693272,-0.4990970139693271,-0.4990970139693269,-0.2644333398707719,1.0,1.0,1.0,0.0,17565
-0.4990970139693269,-0.4990970139693267,-0.4990970139693272,-0.4990970139693269,-0.4990970139693269,-0.4990970139693271,-0.4990970139693269,-0.4990970139693272,-0.4990970139693271,-0.4990970139693269,-0.7112252935659957,1.0,1.0,0.0,1.0,17748
-0.4990970139693269,-0.4990970139693267,-0.4990970139693272,-0.4990970139693269,-0.4990970139693269,-0.4990970139693271,-0.4990970139693269,-0.4990970139693272,-0.4990970139693271,-0.4990970139693269,-0.4878293167183838,1.0,1.0,0.0,0.0,17619
-0.4990970139693269,-0.4990970139693267,-0.4990970139693272,-0.4990970139693269,-0.4990970139693269,-0.4990970139693271,-0.4990970139693269,-0.4990970139693272,-0.4990970139693271,-0.4990970139693269,-0.7112252935659957,1.0,1.0,0.0,1.0,17169
-0.4990970139693269,-0.4990970139693267,-0.4990970139693272,-0.4990970139693269,-0.4990970139693269,-0.4990970139693271,-0.4990970139693269,-0.4990970139693272,-0.4990970139693271,-0.4990970139693269,-0.7112252935659957,1.0,1.0,0.0,1.0,17508
-0.4990970139693269,-0.4990970139693267,-0.4990970139693272,-0.4990970139693269,-0.4990970139693269,-0.4990970139693271,-0.4990970139693269,-0.4990970139693272,-0.4990970139693271,-0.4990970139693269,-0.4878293167183838,0.0,1.0,0.0,0.0,17748
-0.4990970139693269,-0.4990970139693267,-0.4990970139693272,-0.4990970139693269,-0.4990970139693269,-0.4990970139693271,-0.4990970139693269,-0.4990970139693272,-0.4990970139693271,-0.4990970139693269,-0.2644333398707719,0.0,0.0,1.0,0.0,17169
-0.4990970139693269,-0.4990970139693267,-0.4990970139693272,-0.4990970139693269,-0.4990970139693269,-0.4990970139693271,-0.4990970139693269,-0.4990970139693272,-0.4990970139693271,-0.4990970139693269,-0.7112252935659957,0.0,0.0,0.0,1.0,17724
-0.4990970139693269,-0.4990970139693267,-0.4990970139693272,-0.4990970139693269,-0.4990970139693269,-0.4990970139693271,-0.4990970139693269,-0.4990970139693272,-0.4990970139693271,-0.4990970139693269,-0.4878293167183838,0.0,0.0,0.0,0.0,16230
-0.4990970139693269,-0.4990970139693267,-0.4990970139693272,-0.4990970139693269,-0.4990970139693269,-0.4990970139693271,-0.4990970139693269,-0.4990970139693272,-0.4990970139693271,-0.4990970139693269,-0.2644333398707719,0.0,0.0,1.0,0.0,17589
-0.4990970139693269,-0.4990970139693267,-0.4990970139693272,-0.4990970139693269,-0.4990970139693269,-0.4990970139693271,-0.4990970139693269,-0.4990970139693272,-0.4990970139693271,-0.4990970139693269,-0.7112252935659957,0.0,0.0,0.0,1.0,16836
-0.4990970139693269,-0.4990970139693267,-0.4990970139693272,-0.4990970139693269,-0.4990970139693269,-0.4990970139693271,-0.4990970139693269,-0.4990970139693272,-0.4990970139693271,-0.4990970139693269,-0.4878293167183838,0.0,0.0,0.0,0.0,17508
-0.4990970139693269,-0.4990970139693267,-0.4990970139693272,-0.4990970139693269,-0.4990970139693269,-0.4990970139693271,-0.4990970139693269,-0.4990970139693272,-0.4990970139693271,-0.4990970139693269,-0.7112252935659957,0.0,0.0,0.0,1.0,17619
-0.4990970139693269,-0.4990970139693267,-0.4990970139693272,-0.4990970139693269,-0.4990970139693269,-0.4990970139693271,-0.4990970139693269,-0.4990970139693272,-0.4990970139693271,-0.4990970139693269,-0.2644333398707719,1.0,0.0,1.0,0.0,16389
-0.4990970139693269,-0.4990970139693267,-0.4990970139693272,-0.4990970139693269,-0.4990970139693269,-0.4990970139693271,-0.4990970139693269,-0.4990970139693272,-0.4990970139693271,-0.4990970139693269,-0.4878293167183838,1.0,0.0,0.0,0.0,17748
-0.4990970139693269,-0.4990970139693267,-0.4990970139693272,-0.4990970139693269,-0.4990970139693269,-0.4990970139693271,-0.4990970139693269,-0.4990970139693272,-0.4990970139693271,-0.4990970139693269,-0.2644333398707719,1.0,0.0,1.0,0.0,16359
-0.4990970139693269,-0.4990970139693267,-0.4990970139693272,-0.4990970139693269,-0.4990970139693269,-0.4990970139693271,-0.4990970139693269,-0.4990970139693272,-0.4990970139693271,-0.4990970139693269,-0.7112252935659957,1.0,0.0,0.0,1.0,17649
-0.4990970139693269,-0.4990970139693267,-0.4990970139693272,-0.4990970139693269,-0.4990970139693269,-0.4990970139693271,-0.4990970139693269,-0.4990970139693272,-0.4990970139693271,-0.4990970139693269,-0.4878293167183838,1.0,0.0,0.0,0.0,17169
-0.4990970139693269,-0.4990970139693267,-0.4990970139693272,-0.4990970139693269,-0.4990970139693269,-0.4990970139693271,-0.4990970139693269,-0.4990970139693272,-0.4990970139693271,-0.4990970139693269,-0.2644333398707719,1.0,0.0,1.0,0.0,17508
-0.4990970139693269,-0.4990970139693267,-0.4990970139693272,-0.4990970139693269,-0.4990970139693269,-0.4990970139693271,-0.4990970139693269,-0.4990970139693272,-0.4990970139693271,-0.4990970139693269,-0.7112252935659957,1.0,0.0,0.0,1.0,17619
-0.4990970139693269,-0.4990970139693267,-0.4990970139693272,-0.4990970139693269,-0.4990970139693269,-0.4990970139693271,-0.4990970139693269,-0.4990970139693272,-0.4990970139693271,-0.4990970139693269,-0.4878293167183838,0.0,0.0,0.0,0.0,17619
-0.4990970139693269,-0.4990970139693267,-0.4990970139693272,-0.4990970139693269,-0.4990970139693269,-0.4990970139693271,-0.4990970139693269,-0.4990970139693272,-0.4990970139693271,-0.4990970139693269,-0.7112252935659957,1.0,1.0,0.0,1.0,16260
-0.4990970139693269,-0.4990970139693267,-0.4990970139693272,-0.4990970139693269,-0.4990970139693269,-0.4990970139693271,-0.4990970139693269,-0.4990970139693272,-0.4990970139693271,-0.4990970139693269,-0.2644333398707719,0.0,1.0,1.0,0.0,16581
-0.4990970139693269,-0.4990970139693267,-0.4990970139693272,-0.4990970139693269,-0.4990970139693269,-0.4990970139693271,-0.4990970139693269,-0.4990970139693272,-0.4990970139693271,-0.4990970139693269,-0.4878293167183838,1.0,1.0,0.0,0.0,17508
-0.4990970139693269,-0.4990970139693267,-0.4990970139693272,-0.4990970139693269,-0.4990970139693269,-0.4990970139693271,-0.4990970139693269,-0.4990970139693272,-0.4990970139693271,-0.4990970139693269,-0.2644333398707719,0.0,1.0,1.0,0.0,17169
-0.4990970139693269,-0.4990970139693267,-0.4990970139693272,-0.4990970139693269,-0.4990970139693269,-0.4990970139693271,-0.4990970139693269,-0.4990970139693272,-0.4990970139693271,-0.4990970139693269,-0.7112252935659957,0.0,1.0,0.0,1.0,17169
-0.4990970139693269,-0.4990970139693267,-0.4990970139693272,-0.4990970139693269,-0.4990970139693269,-0.4990970139693271,-0.4990970139693269,-0.4990970139693272,-0.4990970139693271,-0.4990970139693269,-0.4878293167183838,1.0,1.0,0.0,0.0,17748
-0.4990970139693269,-0.4990970139693267,-0.4990970139693272,-0.4990970139693269,-0.4990970139693269,-0.4990970139693271,-0.4990970139693269,-0.4990970139693272,-0.4990970139693271,-0.4990970139693269,-0.2644333398707719,0.0,1.0,1.0,0.0,17619
-0.4990970139693269,-0.4990970139693267,-0.4990970139693272,-0.4990970139693269,-0.4990970139693269,-0.4990970139693271,-0.4990970139693269,-0.4990970139693272,-0.4990970139693271,-0.4990970139693269,-0.7112252935659957,1.0,1.0,0.0,1.0,17169
-0.4990970139693269,-0.4990970139693267,-0.4990970139693272,-0.4990970139693269,-0.4990970139693269,-0.4990970139693271,-0.4990970139693269,-0.4990970139693272,-0.4990970139693271,-0.4990970139693269,-0.4878293167183838,0.0,1.0,0.0,0.0,17508
-0.4990970139693269,-0.4990970139693267,-0.4990970139693272,-0.4990970139693269,-0.4990970139693269,-0.4990970139693271,-0.4990970139693269,-0.4990970139693272,-0.4990970139693271,-0.4990970139693269,-0.7112252935659957,1.0,1.0,0.0,1.0,17748
-0.4990970139693269,-0.4990970139693267,-0.4990970139693272,-0.4990970139693269,-0.4990970139693269,-0.4990970139693271,-0.4990970139693269,-0.4990970139693272,-0.4990970139693271,-0.4990970139693269,-0.2644333398707719,0.0,1.0,1.0,0.0,17169
-0.4990970139693269,-0.4990970139693267,-0.4990970139693272,-0.4990970139693269,-0.4990970139693269,-0.4990970139693271,-0.4990970139693269,-0.4990970139693272,-0.4990970139693271,-0.4990970139693269,-0.2644333398707719,1.0,1.0,1.0,0.0,17724
-0.4990970139693269,-0.4990970139693267,-0.4990970139693272,-0.4990970139693269,-0.4990970139693269,-0.4990970139693271,-0.4990970139693269,-0.4990970139693272,-0.4990970139693271,-0.4990970139693269,-0.2644333398707719,1.0,1.0,1.0,0.0,17589
-0.4990970139693269,-0.4990970139693267,-0.4990970139693272,-0.4990970139693269,-0.4990970139693269,-0.4990970139693271,-0.4990970139693269,-0.4990970139693272,-0.4990970139693271,-0.4990970139693269,-0.2644333398707719,0.0,1.0,1.0,0.0,17508
-0.4990970139693269,-0.4990970139693267,-0.4990970139693272,-0.4990970139693269,-0.4990970139693269,-0.4990970139693271,-0.4990970139693269,-0.4990970139693272,-0.4990970139693271,-0.4990970139693269,-0.4878293167183838,1.0,1.0,0.0,0.0,17169
-0.4990970139693269,-0.4990970139693267,-0.4990970139693272,-0.4990970139693269,-0.4990970139693269,-0.4990970139693271,-0.4990970139693269,-0.4990970139693272,-0.4990970139693271,-0.4990970139693269,-0.2644333398707719,1.0,1.0,1.0,0.0,17508
-0.4990970139693269,-0.4990970139693267,-0.4990970139693272,-0.4990970139693269,-0.4990970139693269,-0.4990970139693271,-0.4990970139693269,-0.4990970139693272,-0.4990970139693271,-0.4990970139693269,-0.2644333398707719,0.0,1.0,1.0,0.0,17619
-0.4990970139693269,-0.4990970139693267,-0.4990970139693272,-0.4990970139693269,-0.4990970139693269,-0.4990970139693271,-0.4990970139693269,-0.4990970139693272,-0.4990970139693271,-0.4990970139693269,-0.2644333398707719,1.0,1.0,1.0,0.0,16389
-0.4990970139693269,-0.4990970139693267,-0.4990970139693272,-0.4990970139693269,-0.4990970139693269,-0.4990970139693271,-0.4990970139693269,-0.4990970139693272,-0.4990970139693271,-0.4990970139693269,-0.7112252935659957,1.0,1.0,0.0,1.0,17748
-0.4990970139693269,-0.4990970139693267,-0.4990970139693272,-0.4990970139693269,-0.4990970139693269,-0.4990970139693271,-0.4990970139693269,-0.4990970139693272,-0.4990970139693271,-0.4990970139693269,-0.7112252935659957,1.0,1.0,0.0,1.0,16359
-0.4990970139693269,-0.4990970139693267,-0.4990970139693272,-0.4990970139693269,-0.4990970139693269,-0.4990970139693271,-0.4990970139693269,-0.4990970139693272,-0.4990970139693271,-0.4990970139693269,-0.7112252935659957,1.0,1.0,0.0,1.0,17649
-0.4990970139693269,-0.4990970139693267,-0.4990970139693272,-0.4990970139693269,-0.4990970139693269,-0.4990970139693271,-0.4990970139693269,-0.4990970139693272,-0.4990970139693271,-0.4990970139693269,-0.2644333398707719,0.0,0.0,1.0,0.0,17169
-0.4990970139693269,-0.4990970139693267,-0.4990970139693272,-0.4990970139693269,-0.4990970139693269,-0.4990970139693271,-0.4990970139693269,-0.4990970139693272,-0.4990970139693271,-0.4990970139693269,-0.7112252935659957,1.0,0.0,0.0,1.0,17508
-0.4990970139693269,-0.4990970139693267,-0.4990970139693272,-0.4990970139693269,-0.4990970139693269,-0.4990970139693271,-0.4990970139693269,-0.4990970139693272,-0.4990970139693271,-0.4990970139693269,-0.4878293167183838,0.0,0.0,0.0,0.0,17619
-0.4990970139693269,-0.4990970139693267,-0.4990970139693272,-0.4990970139693269,-0.4990970139693269,-0.4990970139693271,-0.4990970139693269,-0.4990970139693272,-0.4990970139693271,-0.4990970139693269,-0.7112252935659957,1.0,0.0,0.0,1.0,17748
-0.4990970139693269,-0.4990970139693267,-0.4990970139693272,-0.4990970139693269,-0.4990970139693269,-0.4990970139693271,-0.4990970139693269,-0.4990970139693272,-0.4990970139693271,-0.4990970139693269,-0.7112252935659957,1.0,0.0,0.0,1.0,17649
-0.4990970139693269,-0.4990970139693267,-0.4990970139693272,-0.4990970139693269,-0.4990970139693269,-0.4990970139693271,-0.4990970139693269,-0.4990970139693272,-0.4990970139693271,-0.4990970139693269,-0.4878293167183838,0.0,0.0,0.0,0.0,16476
-0.4990970139693269,-0.4990970139693267,-0.4990970139693272,-0.4990970139693269,-0.4990970139693269,-0.4990970139693271,-0.4990970139693269,-0.4990970139693272,-0.4990970139693271,-0.4990970139693269,-0.2644333398707719,1.0,0.0,1.0,0.0,17169
-0.4990970139693269,-0.4990970139693267,-0.4990970139693272,-0.4990970139693269,-0.4990970139693269,-0.4990970139693271,-0.4990970139693269,-0.4990970139693272,-0.4990970139693271,-0.4990970139693269,-0.7112252935659957,0.0,0.0,0.0,1.0,17508
-0.4990970139693269,-0.4990970139693267,-0.4990970139693272,-0.4990970139693269,-0.4990970139693269,-0.4990970139693271,-0.4990970139693269,-0.4990970139693272,-0.4990970139693271,-0.4990970139693269,-0.4878293167183838,0.0,0.0,0.0,0.0,17565
-0.4990970139693269,-0.4990970139693267,-0.4990970139693272,-0.4990970139693269,-0.4990970139693269,-0.4990970139693271,-0.4990970139693269,-0.4990970139693272,-0.4990970139693271,-0.4990970139693269,-0.2644333398707719,1.0,0.0,1.0,0.0,17508
-0.4990970139693269,-0.4990970139693267,-0.4990970139693272,-0.4990970139693269,-0.4990970139693269,-0.4990970139693271,-0.4990970139693269,-0.4990970139693272,-0.4990970139693271,-0.4990970139693269,-0.7112252935659957,0.0,0.0,0.0,1.0,17169
-0.4990970139693269,-0.4990970139693267,-0.4990970139693272,-0.4990970139693269,-0.4990970139693269,-0.4990970139693271,-0.4990970139693269,-0.4990970139693272,-0.4990970139693271,-0.4990970139693269,-0.4878293167183838,0.0,0.0,0.0,0.0,17748
-0.4990970139693269,-0.4990970139693267,-0.4990970139693272,-0.4990970139693269,-0.4990970139693269,-0.4990970139693271,-0.4990970139693269,-0.4990970139693272,-0.4990970139693271,-0.4990970139693269,-0.7112252935659957,0.0,0.0,0.0,1.0,17619
-0.4990970139693269,-0.4990970139693267,-0.4990970139693272,-0.4990970139693269,-0.4990970139693269,-0.4990970139693271,-0.4990970139693269,-0.4990970139693272,-0.4990970139693271,-0.4990970139693269,-0.2644333398707719,0.0,0.0,1.0,0.0,17508
-0.4990970139693269,-0.4990970139693267,-0.4990970139693272,-0.4990970139693269,-0.4990970139693269,-0.4990970139693271,-0.4990970139693269,-0.4990970139693272,-0.4990970139693271,-0.4990970139693269,-0.4878293167183838,1.0,0.0,0.0,0.0,17724
-0.4990970139693269,-0.4990970139693267,-0.4990970139693272,-0.4990970139693269,-0.4990970139693269,-0.4990970139693271,-0.4990970139693269,-0.4990970139693272,-0.4990970139693271,-0.4990970139693269,-0.2644333398707719,0.0,0.0,1.0,0.0,16230
-0.4990970139693269,-0.4990970139693267,-0.4990970139693272,-0.4990970139693269,-0.4990970139693269,-0.4990970139693271,-0.4990970139693269,-0.4990970139693272,-0.4990970139693271,-0.4990970139693269,-0.7112252935659957,1.0,0.0,0.0,1.0,17589
-0.4990970139693269,-0.4990970139693267,-0.4990970139693272,-0.4990970139693269,-0.4990970139693269,-0.4990970139693271,-0.4990970139693269,-0.4990970139693272,-0.4990970139693271,-0.4990970139693269,-0.4878293167183838,1.0,0.0,0.0,0.0,16836
-0.4990970139693269,-0.4990970139693267,-0.4990970139693272,-0.4990970139693269,-0.4990970139693269,-0.4990970139693271,-0.4990970139693269,-0.4990970139693272,-0.4990970139693271,-0.4990970139693269,-0.2644333398707719,0.0,0.0,1.0,0.0,17508
-0.4990970139693269,-0.4990970139693267,-0.4990970139693272,-0.4990970139693269,-0.4990970139693269,-0.4990970139693271,-0.4990970139693269,-0.4990970139693272,-0.4990970139693271,-0.4990970139693269,-0.7112252935659957,1.0,0.0,0.0,1.0,17508
-0.4990970139693269,-0.4990970139693267,-0.4990970139693272,-0.4990970139693269,-0.4990970139693269,-0.4990970139693271,-0.4990970139693269,-0.4990970139693272,-0.4990970139693271,-0.4990970139693269,-0.4878293167183838,1.0,0.0,0.0,0.0,17169
-0.4990970139693269,-0.4990970139693267,-0.4990970139693272,-0.4990970139693269,-0.4990970139693269,-0.4990970139693271,-0.4990970139693269,-0.4990970139693272,-0.4990970139693271,-0.4990970139693269,-0.7112252935659957,1.0,0.0,0.0,1.0,17508
-0.4990970139693269,-0.4990970139693267,-0.4990970139693272,-0.4990970139693269,-0.4990970139693269,-0.4990970139693271,-0.4990970139693269,-0.4990970139693272,-0.4990970139693271,-0.4990970139693269,-0.2644333398707719,0.0,0.0,1.0,0.0,17619
-0.4990970139693269,-0.4990970139693267,-0.4990970139693272,-0.4990970139693269,-0.4990970139693269,-0.4990970139693271,-0.4990970139693269,-0.4990970139693272,-0.4990970139693271,-0.4990970139693269,-0.4878293167183838,0.0,0.0,0.0,0.0,16389
-0.4990970139693269,-0.4990970139693267,-0.4990970139693272,-0.4990970139693269,-0.4990970139693269,-0.4990970139693271,-0.4990970139693269,-0.4990970139693272,-0.4990970139693271,-0.4990970139693269,-0.2644333398707719,0.0,0.0,1.0,0.0,16359
-0.4990970139693269,-0.4990970139693267,-0.4990970139693272,-0.4990970139693269,-0.4990970139693269,-0.4990970139693271,-0.4990970139693269,-0.4990970139693272,-0.4990970139693271,-0.4990970139693269,-0.7112252935659957,1.0,0.0,0.0,1.0,17508
-0.4990970139693269,-0.4990970139693267,-0.4990970139693272,-0.4990970139693269,-0.4990970139693269,-0.4990970139693271,-0.4990970139693269,-0.4990970139693272,-0.4990970139693271,-0.4990970139693269,-0.4878293167183838,0.0,0.0,0.0,0.0,17619
-0.4990970139693269,-0.4990970139693267,-0.4990970139693272,-0.4990970139693269,-0.4990970139693269,-0.4990970139693271,-0.4990970139693269,-0.4990970139693272,-0.4990970139693271,-0.4990970139693269,-0.2644333398707719,1.0,0.0,1.0,0.0,17619
-0.4990970139693269,-0.4990970139693267,-0.4990970139693272,-0.4990970139693269,-0.4990970139693269,-0.4990970139693271,-0.4990970139693269,-0.4990970139693272,-0.4990970139693271,-0.4990970139693269,-0.7112252935659957,0.0,0.0,0.0,1.0,16260
-0.4990970139693269,-0.4990970139693267,-0.4990970139693272,-0.4990970139693269,-0.4990970139693269,-0.4990970139693271,-0.4990970139693269,-0.4990970139693272,-0.4990970139693271,-0.4990970139693269,-0.4878293167183838,0.0,0.0,0.0,0.0,17040
-0.4990970139693269,-0.4990970139693267,-0.4990970139693272,-0.4990970139693269,-0.4990970139693269,-0.4990970139693271,-0.4990970139693269,-0.4990970139693272,-0.4990970139693271,-0.4990970139693269,-0.7112252935659957,1.0,0.0,0.0,1.0,16581
-0.4990970139693269,-0.4990970139693267,-0.4990970139693272,-0.4990970139693269,-0.4990970139693269,-0.4990970139693271,-0.4990970139693269,-0.4990970139693272,-0.4990970139693271,-0.4990970139693269,-0.2644333398707719,1.0,0.0,1.0,0.0,17619
-0.4990970139693269,-0.4990970139693267,-0.4990970139693272,-0.4990970139693269,-0.4990970139693269,-0.4990970139693271,-0.4990970139693269,-0.4990970139693272,-0.4990970139693271,-0.4990970139693269,-0.2644333398707719,0.0,0.0,1.0,0.0,16476
-0.4990970139693269,-0.4990970139693267,-0.4990970139693272,-0.4990970139693269,-0.4990970139693269,-0.4990970139693271,-0.4990970139693269,-0.4990970139693272,-0.4990970139693271,-0.4990970139693269,-0.2644333398707719,1.0,0.0,1.0,0.0,17508
-0.4990970139693269,-0.4990970139693267,-0.4990970139693272,-0.4990970139693269,-0.4990970139693269,-0.4990970139693271,-0.4990970139693269,-0.4990970139693272,-0.4990970139693271,-0.4990970139693269,-0.2644333398707719,0.0,0.0,1.0,0.0,17169
-0.4990970139693269,-0.4990970139693267,-0.4990970139693272,-0.4990970139693269,-0.4990970139693269,-0.4990970139693271,-0.4990970139693269,-0.4990970139693272,-0.4990970139693271,-0.4990970139693269,-0.4878293167183838,1.0,0.0,0.0,0.0,17169
-0.4990970139693269,-0.4990970139693267,-0.4990970139693272,-0.4990970139693269,-0.4990970139693269,-0.4990970139693271,-0.4990970139693269,-0.4990970139693272,-0.4990970139693271,-0.4990970139693269,-0.2644333398707719,1.0,0.0,1.0,0.0,17169
-0.4990970139693269,-0.4990970139693267,-0.4990970139693272,-0.4990970139693269,-0.4990970139693269,-0.4990970139693271,-0.4990970139693269,-0.4990970139693272,-0.4990970139693271,-0.4990970139693269,-0.2644333398707719,0.0,0.0,1.0,0.0,17508
-0.4990970139693269,-0.4990970139693267,-0.4990970139693272,-0.4990970139693269,-0.4990970139693269,-0.4990970139693271,-0.4990970139693269,-0.4990970139693272,-0.4990970139693271,-0.4990970139693269,-0.2644333398707719,1.0,0.0,1.0,0.0,17748
-0.4990970139693269,-0.4990970139693267,-0.4990970139693272,-0.4990970139693269,-0.4990970139693269,-0.4990970139693271,-0.4990970139693269,-0.4990970139693272,-0.4990970139693271,-0.4990970139693269,-0.7112252935659957,0.0,0.0,0.0,1.0,17169
-0.4990970139693269,-0.4990970139693267,-0.4990970139693272,-0.4990970139693269,-0.4990970139693269,-0.4990970139693271,-0.4990970139693269,-0.4990970139693272,-0.4990970139693271,-0.4990970139693269,-0.7112252935659957,1.0,0.0,0.0,1.0,17724
-0.4990970139693269,-0.4990970139693267,-0.4990970139693272,-0.4990970139693269,-0.4990970139693269,-0.4990970139693271,-0.4990970139693269,-0.4990970139693272,-0.4990970139693271,-0.4990970139693269,-0.7112252935659957,0.0,0.0,0.0,1.0,16230
-0.4990970139693269,-0.4990970139693267,-0.4990970139693272,-0.4990970139693269,-0.4990970139693269,-0.4990970139693271,-0.4990970139693269,-0.4990970139693272,-0.4990970139693271,-0.4990970139693269,-0.2644333398707719,0.0,0.0,1.0,0.0,17589
-0.4990970139693269,-0.4990970139693267,-0.4990970139693272,-0.4990970139693269,-0.4990970139693269,-0.4990970139693271,-0.4990970139693269,-0.4990970139693272,-0.4990970139693271,-0.4990970139693269,-0.7112252935659957,1.0,0.0,0.0,1.0,16836
-0.4990970139693269,-0.4990970139693267,-0.4990970139693272,-0.4990970139693269,-0.4990970139693269,-0.4990970139693271,-0.4990970139693269,-0.4990970139693272,-0.4990970139693271,-0.4990970139693269,-0.4878293167183838,0.0,0.0,0.0,0.0,17508
-0.4990970139693269,-0.4990970139693267,-0.4990970139693272,-0.4990970139693269,-0.4990970139693269,-0.4990970139693271,-0.4990970139693269,-0.4990970139693272,-0.4990970139693271,-0.4990970139693269,-0.7112252935659957,1.0,0.0,0.0,1.0,17508
-0.4990970139693269,-0.4990970139693267,-0.4990970139693272,-0.4990970139693269,-0.4990970139693269,-0.4990970139693271,-0.4990970139693269,-0.4990970139693272,-0.4990970139693271,-0.4990970139693269,-0.7112252935659957,0.0,0.0,0.0,1.0,17508
-0.4990970139693269,-0.4990970139693267,-0.4990970139693272,-0.4990970139693269,-0.4990970139693269,-0.4990970139693271,-0.4990970139693269,-0.4990970139693272,-0.4990970139693271,-0.4990970139693269,-0.4878293167183838,1.0,0.0,0.0,0.0,17748
-0.4990970139693269,-0.4990970139693267,-0.4990970139693272,-0.4990970139693269,-0.4990970139693269,-0.4990970139693271,-0.4990970139693269,-0.4990970139693272,-0.4990970139693271,-0.4990970139693269,-0.2644333398707719,0.0,0.0,1.0,0.0,16359
-0.4990970139693269,-0.4990970139693267,-0.4990970139693272,-0.4990970139693269,-0.4990970139693269,-0.4990970139693271,-0.4990970139693269,-0.4990970139693272,-0.4990970139693271,-0.4990970139693269,-0.7112252935659957,1.0,0.0,0.0,1.0,17649
-0.4990970139693269,-0.4990970139693267,-0.4990970139693272,-0.4990970139693269,-0.4990970139693269,-0.4990970139693271,-0.4990970139693269,-0.4990970139693272,-0.4990970139693271,-0.4990970139693269,-0.4878293167183838,1.0,0.0,0.0,0.0,17169
-0.4990970139693269,-0.4990970139693267,-0.4990970139693272,-0.4990970139693269,-0.4990970139693269,-0.4990970139693271,-0.4990970139693269,-0.4990970139693272,-0.4990970139693271,-0.4990970139693269,-0.2644333398707719,1.0,0.0,1.0,0.0,17508
-0.4990970139693269,-0.4990970139693267,-0.4990970139693272,-0.4990970139693269,-0.4990970139693269,-0.4990970139693271,-0.4990970139693269,-0.4990970139693272,-0.4990970139693271,-0.4990970139693269,-0.7112252935659957,1.0,0.0,0.0,1.0,17619
-0.4990970139693269,-0.4990970139693267,-0.4990970139693272,-0.4990970139693269,-0.4990970139693269,-0.4990970139693271,-0.4990970139693269,-0.4990970139693272,-0.4990970139693271,-0.4990970139693269,-0.4878293167183838,0.0,0.0,0.0,0.0,17619
-0.4990970139693269,-0.4990970139693267,-0.4990970139693272,-0.4990970139693269,-0.4990970139693269,-0.4990970139693271,-0.4990970139693269,-0.4990970139693272,-0.4990970139693271,-0.4990970139693269,-0.7112252935659957,1.0,0.0,0.0,1.0,16581
-0.4990970139693269,-0.4990970139693267,-0.4990970139693272,-0.4990970139693269,-0.4990970139693269,-0.4990970139693271,-0.4990970139693269,-0.4990970139693272,-0.4990970139693271,-0.4990970139693269,-0.2644333398707719,1.0,0.0,1.0,0.0,16389
-0.4990970139693269,-0.4990970139693267,-0.4990970139693272,-0.4990970139693269,-0.4990970139693269,-0.4990970139693271,-0.4990970139693269,-0.4990970139693272,-0.4990970139693271,-0.4990970139693269,-0.4878293167183838,0.0,0.0,0.0,0.0,17748
-0.4990970139693269,-0.4990970139693267,-0.4990970139693272,-0.4990970139693269,-0.4990970139693269,-0.4990970139693271,-0.4990970139693269,-0.4990970139693272,-0.4990970139693271,-0.4990970139693269,-0.2644333398707719,1.0,0.0,1.0,0.0,16476
-0.4990970139693269,-0.4990970139693267,-0.4990970139693272,-0.4990970139693269,-0.4990970139693269,-0.4990970139693271,-0.4990970139693269,-0.4990970139693272,-0.4990970139693271,-0.4990970139693269,-0.7112252935659957,1.0,0.0,0.0,1.0,17565
-0.4990970139693269,-0.4990970139693267,-0.4990970139693272,-0.4990970139693269,-0.4990970139693269,-0.4990970139693271,-0.4990970139693269,-0.4990970139693272,-0.4990970139693271,-0.4990970139693269,-0.4878293167183838,0.0,0.0,0.0,0.0,17508
-0.4990970139693269,-0.4990970139693267,-0.4990970139693272,-0.4990970139693269,-0.4990970139693269,-0.4990970139693271,-0.4990970139693269,-0.4990970139693272,-0.4990970139693271,-0.4990970139693269,-0.2644333398707719,1.0,0.0,1.0,0.0,17169
-0.4990970139693269,-0.4990970139693267,-0.4990970139693272,-0.4990970139693269,-0.4990970139693269,-0.4990970139693271,-0.4990970139693269,-0.4990970139693272,-0.4990970139693271,-0.4990970139693269,-0.7112252935659957,1.0,0.0,0.0,1.0,17748
-0.4990970139693269,-0.4990970139693267,-0.4990970139693272,-0.4990970139693269,-0.4990970139693269,-0.4990970139693271,-0.4990970139693269,-0.4990970139693272,-0.4990970139693271,-0.4990970139693269,-0.4878293167183838,1.0,0.0,0.0,0.0,17619
-0.4990970139693269,-0.4990970139693267,-0.4990970139693272,-0.4990970139693269,-0.4990970139693269,-0.4990970139693271,-0.4990970139693269,-0.4990970139693272,-0.4990970139693271,-0.4990970139693269,-0.7112252935659957,0.0,0.0,0.0,1.0,17169
-0.4990970139693269,-0.4990970139693267,-0.4990970139693272,-0.4990970139693269,-0.4990970139693269,-0.4990970139693271,-0.4990970139693269,-0.4990970139693272,-0.4990970139693271,-0.4990970139693269,-0.2644333398707719,1.0,0.0,1.0,0.0,17508
-0.4990970139693269,-0.4990970139693267,-0.4990970139693272,-0.4990970139693269,-0.4990970139693269,-0.4990970139693271,-0.4990970139693269,-0.4990970139693272,-0.4990970139693271,-0.4990970139693269,-0.4878293167183838,1.0,0.0,0.0,0.0,17748
-0.4990970139693269,-0.4990970139693267,-0.4990970139693272,-0.4990970139693269,-0.4990970139693269,-0.4990970139693271,-0.4990970139693269,-0.4990970139693272,-0.4990970139693271,-0.4990970139693269,-0.2644333398707719,0.0,0.0,1.0,0.0,17169
-0.4990970139693269,-0.4990970139693267,-0.4990970139693272,-0.4990970139693269,-0.4990970139693269,-0.4990970139693271,-0.4990970139693269,-0.4990970139693272,-0.4990970139693271,-0.4990970139693269,-0.7112252935659957,0.0,0.0,0.0,1.0,17724
-0.4990970139693269,-0.4990970139693267,-0.4990970139693272,-0.4990970139693269,-0.4990970139693269,-0.4990970139693271,-0.4990970139693269,-0.4990970139693272,-0.4990970139693271,-0.4990970139693269,-0.4878293167183838,0.0,0.0,0.0,0.0,17589
-0.4990970139693269,-0.4990970139693267,-0.4990970139693272,-0.4990970139693269,-0.4990970139693269,-0.4990970139693271,-0.4990970139693269,-0.4990970139693272,-0.4990970139693271,-0.4990970139693269,-0.2644333398707719,0.0,0.0,1.0,0.0,17508
-0.4990970139693269,-0.4990970139693267,-0.4990970139693272,-0.4990970139693269,-0.4990970139693269,-0.4990970139693271,-0.4990970139693269,-0.4990970139693272,-0.4990970139693271,-0.4990970139693269,-0.7112252935659957,0.0,0.0,0.0,1.0,17169
-0.4990970139693269,-0.4990970139693267,-0.4990970139693272,-0.4990970139693269,-0.4990970139693269,-0.4990970139693271,-0.4990970139693269,-0.4990970139693272,-0.4990970139693271,-0.4990970139693269,-0.4878293167183838,0.0,0.0,0.0,0.0,17508
-0.4990970139693269,-0.4990970139693267,-0.4990970139693272,-0.4990970139693269,-0.4990970139693269,-0.4990970139693271,-0.4990970139693269,-0.4990970139693272,-0.4990970139693271,-0.4990970139693269,-0.7112252935659957,0.0,0.0,0.0,1.0,17619
-0.4990970139693269,-0.4990970139693267,-0.4990970139693272,-0.4990970139693269,-0.4990970139693269,-0.4990970139693271,-0.4990970139693269,-0.4990970139693272,-0.4990970139693271,-0.4990970139693269,-0.2644333398707719,1.0,0.0,1.0,0.0,16389
-0.4990970139693269,-0.4990970139693267,-0.4990970139693272,-0.4990970139693269,-0.4990970139693269,-0.4990970139693271,-0.4990970139693269,-0.4990970139693272,-0.4990970139693271,-0.4990970139693269,-0.2644333398707719,1.0,0.0,1.0,0.0,17748
-0.4990970139693269,-0.4990970139693267,-0.4990970139693272,-0.4990970139693269,-0.4990970139693269,-0.4990970139693271,-0.4990970139693269,-0.4990970139693272,-0.4990970139693271,-0.4990970139693269,-0.2644333398707719,1.0,0.0,1.0,0.0,16359
-0.4990970139693269,-0.4990970139693267,-0.4990970139693272,-0.4990970139693269,-0.4990970139693269,-0.4990970139693271,-0.4990970139693269,-0.4990970139693272,-0.4990970139693271,-0.4990970139693269,-0.2644333398707719,1.0,0.0,1.0,0.0,17649
-0.4990970139693269,-0.4990970139693267,-0.4990970139693272,-0.4990970139693269,-0.4990970139693269,-0.4990970139693271,-0.4990970139693269,-0.4990970139693272,-0.4990970139693271,-0.4990970139693269,-0.4878293167183838,1.0,0.0,0.0,0.0,17169
-0.4990970139693269,-0.4990970139693267,-0.4990970139693272,-0.4990970139693269,-0.4990970139693269,-0.4990970139693271,-0.4990970139693269,-0.4990970139693272,-0.4990970139693271,-0.4990970139693269,-0.2644333398707719,1.0,0.0,1.0,0.0,17508
-0.4990970139693269,-0.4990970139693267,-0.4990970139693272,-0.4990970139693269,-0.4990970139693269,-0.4990970139693271,-0.4990970139693269,-0.4990970139693272,-0.4990970139693271,-0.4990970139693269,-0.2644333398707719,1.0,0.0,1.0,0.0,17619
-0.4990970139693269,-0.4990970139693267,-0.4990970139693272,-0.4990970139693269,-0.4990970139693269,-0.4990970139693271,-0.4990970139693269,-0.4990970139693272,-0.4990970139693271,-0.4990970139693269,-0.2644333398707719,1.0,0.0,1.0,0.0,16581
-0.4990970139693269,-0.4990970139693267,-0.4990970139693272,-0.4990970139693269,-0.4990970139693269,-0.4990970139693271,-0.4990970139693269,-0.4990970139693272,-0.4990970139693271,-0.4990970139693269,-0.7112252935659957,0.0,0.0,0.0,1.0,17619
-0.4990970139693269,-0.4990970139693267,-0.4990970139693272,-0.4990970139693269,-0.4990970139693269,-0.4990970139693271,-0.4990970139693269,-0.4990970139693272,-0.4990970139693271,-0.4990970139693269,-0.7112252935659957,0.0,0.0,0.0,1.0,16476
-0.4990970139693269,-0.4990970139693267,-0.4990970139693272,-0.4990970139693269,-0.4990970139693269,-0.4990970139693271,-0.4990970139693269,-0.4990970139693272,-0.4990970139693271,-0.4990970139693269,-0.7112252935659957,0.0,0.0,0.0,1.0,17508
-0.4990970139693269,-0.4990970139693267,-0.4990970139693272,-0.4990970139693269,-0.4990970139693269,-0.4990970139693271,-0.4990970139693269,-0.4990970139693272,-0.4990970139693271,-0.4990970139693269,-0.2644333398707719,0.0,0.0,1.0,0.0,17169
-0.4990970139693269,-0.4990970139693267,-0.4990970139693272,-0.4990970139693269,-0.4990970139693269,-0.4990970139693271,-0.4990970139693269,-0.4990970139693272,-0.4990970139693271,-0.4990970139693269,-0.7112252935659957,1.0,0.0,0.0,1.0,17169
-0.4990970139693269,-0.4990970139693267,-0.4990970139693272,-0.4990970139693269,-0.4990970139693269,-0.4990970139693271,-0.4990970139693269,-0.4990970139693272,-0.4990970139693271,-0.4990970139693269,-0.4878293167183838,0.0,0.0,0.0,0.0,17748
-0.4990970139693269,-0.4990970139693267,-0.4990970139693272,-0.4990970139693269,-0.4990970139693269,-0.4990970139693271,-0.4990970139693269,-0.4990970139693272,-0.4990970139693271,-0.4990970139693269,-0.7112252935659957,0.0,0.0,0.0,1.0,17619
-0.4990970139693269,-0.4990970139693267,-0.4990970139693272,-0.4990970139693269,-0.4990970139693269,-0.4990970139693271,-0.4990970139693269,-0.4990970139693272,-0.4990970139693271,-0.4990970139693269,-0.7112252935659957,0.0,0.0,0.0,1.0,17169
-0.4990970139693269,-0.4990970139693267,-0.4990970139693272,-0.4990970139693269,-0.4990970139693269,-0.4990970139693271,-0.4990970139693269,-0.4990970139693272,-0.4990970139693271,-0.4990970139693269,-0.4878293167183838,1.0,0.0,0.0,0.0,17508
-0.4990970139693269,-0.4990970139693267,-0.4990970139693272,-0.4990970139693269,-0.4990970139693269,-0.4990970139693271,-0.4990970139693269,-0.4990970139693272,-0.4990970139693271,-0.4990970139693269,-0.2644333398707719,1.0,0.0,1.0,0.0,17169
-0.4990970139693269,-0.4990970139693267,-0.4990970139693272,-0.4990970139693269,-0.4990970139693269,-0.4990970139693271,-0.4990970139693269,-0.4990970139693272,-0.4990970139693271,-0.4990970139693269,-0.7112252935659957,1.0,0.0,0.0,1.0,17589
-0.4990970139693269,-0.4990970139693267,-0.4990970139693272,-0.4990970139693269,-0.4990970139693269,-0.4990970139693271,-0.4990970139693269,-0.4990970139693272,-0.4990970139693271,-0.4990970139693269,-0.4878293167183838,1.0,0.0,0.0,0.0,16836
-0.4990970139693269,-0.4990970139693267,-0.4990970139693272,-0.4990970139693269,-0.4990970139693269,-0.4990970139693271,-0.4990970139693269,-0.4990970139693272,-0.4990970139693271,-0.4990970139693269,-0.2644333398707719,1.0,0.0,1.0,0.0,17508
-0.4990970139693269,-0.4990970139693267,-0.4990970139693272,-0.4990970139693269,-0.4990970139693269,-0.4990970139693271,-0.4990970139693269,-0.4990970139693272,-0.4990970139693271,-0.4990970139693269,-0.7112252935659957,1.0,0.0,0.0,1.0,17508
-0.4990970139693269,-0.4990970139693267,-0.4990970139693272,-0.4990970139693269,-0.4990970139693269,-0.4990970139693271,-0.4990970139693269,-0.4990970139693272,-0.4990970139693271,-0.4990970139693269,-0.4878293167183838,1.0,0.0,0.0,0.0,17169
-0.4990970139693269,-0.4990970139693267,-0.4990970139693272,-0.4990970139693269,-0.4990970139693269,-0.4990970139693271,-0.4990970139693269,-0.4990970139693272,-0.4990970139693271,-0.4990970139693269,-0.7112252935659957,0.0,0.0,0.0,1.0,17508
-0.4990970139693269,-0.4990970139693267,-0.4990970139693272,-0.4990970139693269,-0.4990970139693269,-0.4990970139693271,-0.4990970139693269,-0.4990970139693272,-0.4990970139693271,-0.4990970139693269,-0.2644333398707719,1.0,0.0,1.0,0.0,17619
-0.4990970139693269,-0.4990970139693267,-0.4990970139693272,-0.4990970139693269,-0.4990970139693269,-0.4990970139693271,-0.4990970139693269,-0.4990970139693272,-0.4990970139693271,-0.4990970139693269,-0.4878293167183838,0.0,0.0,0.0,0.0,16389
-0.4990970139693269,-0.4990970139693267,-0.4990970139693272,-0.4990970139693269,-0.4990970139693269,-0.4990970139693271,-0.4990970139693269,-0.4990970139693272,-0.4990970139693271,-0.4990970139693269,-0.2644333398707719,1.0,0.0,1.0,0.0,17748
-0.4990970139693269,-0.4990970139693267,-0.4990970139693272,-0.4990970139693269,-0.4990970139693269,-0.4990970139693271,-0.4990970139693269,-0.4990970139693272,-0.4990970139693271,-0.4990970139693269,-0.7112252935659957,0.0,0.0,0.0,1.0,16359
-0.4990970139693269,-0.4990970139693267,-0.4990970139693272,-0.4990970139693269,-0.4990970139693269,-0.4990970139693271,-0.4990970139693269,-0.4990970139693272,-0.4990970139693271,-0.4990970139693269,-0.4878293167183838,0.0,0.0,0.0,0.0,17169
-0.4990970139693269,-0.4990970139693267,-0.4990970139693272,-0.4990970139693269,-0.4990970139693269,-0.4990970139693271,-0.4990970139693269,-0.4990970139693272,-0.4990970139693271,-0.4990970139693269,-0.2644333398707719,1.0,0.0,1.0,0.0,17619
-0.4990970139693269,-0.4990970139693267,-0.4990970139693272,-0.4990970139693269,-0.4990970139693269,-0.4990970139693271,-0.4990970139693269,-0.4990970139693272,-0.4990970139693271,-0.4990970139693269,-0.7112252935659957,0.0,0.0,0.0,1.0,16581
-0.4990970139693269,-0.4990970139693267,-0.4990970139693272,-0.4990970139693269,-0.4990970139693269,-0.4990970139693271,-0.4990970139693269,-0.4990970139693272,-0.4990970139693271,-0.4990970139693269,-0.4878293167183838,1.0,0.0,0.0,0.0,16389
-0.4990970139693269,-0.4990970139693267,-0.4990970139693272,-0.4990970139693269,-0.4990970139693269,-0.4990970139693271,-0.4990970139693269,-0.4990970139693272,-0.4990970139693271,-0.4990970139693269,-0.7112252935659957,0.0,0.0,0.0,1.0,17748
-0.4990970139693269,-0.4990970139693267,-0.4990970139693272,-0.4990970139693269,-0.4990970139693269,-0.4990970139693271,-0.4990970139693269,-0.4990970139693272,-0.4990970139693271,-0.4990970139693269,-0.2644333398707719,1.0,0.0,1.0,0.0,17649
-0.4990970139693269,-0.4990970139693267,-0.4990970139693272,-0.4990970139693269,-0.4990970139693269,-0.4990970139693271,-0.4990970139693269,-0.4990970139693272,-0.4990970139693271,-0.4990970139693269,-0.4878293167183838,0.0,0.0,0.0,0.0,16476
-0.4990970139693269,-0.4990970139693267,-0.4990970139693272,-0.4990970139693269,-0.4990970139693269,-0.4990970139693271,-0.4990970139693269,-0.4990970139693272,-0.4990970139693271,-0.4990970139693269,-0.2644333398707719,1.0,0.0,1.0,0.0,17169
-0.4990970139693269,-0.4990970139693267,-0.4990970139693272,-0.4990970139693269,-0.4990970139693269,-0.4990970139693271,-0.4990970139693269,-0.4990970139693272,-0.4990970139693271,-0.4990970139693269,-0.7112252935659957,1.0,0.0,0.0,1.0,17508
-0.4990970139693269,-0.4990970139693267,-0.4990970139693272,-0.4990970139693269,-0.4990970139693269,-0.4990970139693271,-0.4990970139693269,-0.4990970139693272,-0.4990970139693271,-0.4990970139693269,-0.4878293167183838,0.0,0.0,0.0,0.0,17565
-0.4990970139693269,-0.4990970139693267,-0.4990970139693272,-0.4990970139693269,-0.4990970139693269,-0.4990970139693271,-0.4990970139693269,-0.4990970139693272,-0.4990970139693271,-0.4990970139693269,-0.2644333398707719,1.0,0.0,1.0,0.0,17508
-0.4990970139693269,-0.4990970139693267,-0.4990970139693272,-0.4990970139693269,-0.4990970139693269,-0.4990970139693271,-0.4990970139693269,-0.4990970139693272,-0.4990970139693271,-0.4990970139693269,-0.7112252935659957,1.0,1.0,0.0,1.0,17748
-0.4990970139693269,-0.4990970139693267,-0.4990970139693272,-0.4990970139693269,-0.4990970139693269,-0.4990970139693271,-0.4990970139693269,-0.4990970139693272,-0.4990970139693271,-0.4990970139693269,-0.4878293167183838,0.0,1.0,0.0,0.0,17508
-0.4990970139693269,-0.4990970139693267,-0.4990970139693272,-0.4990970139693269,-0.4990970139693269,-0.4990970139693271,-0.4990970139693269,-0.4990970139693272,-0.4990970139693271,-0.4990970139693269,-0.7112252935659957,1.0,1.0,0.0,1.0,17748
-0.4990970139693269,-0.4990970139693267,-0.4990970139693272,-0.4990970139693269,-0.4990970139693269,-0.4990970139693271,-0.4990970139693269,-0.4990970139693272,-0.4990970139693271,-0.4990970139693269,-0.2644333398707719,1.0,1.0,1.0,0.0,17169
-0.4990970139693269,-0.4990970139693267,-0.4990970139693272,-0.4990970139693269,-0.4990970139693269,-0.4990970139693271,-0.4990970139693269,-0.4990970139693272,-0.4990970139693271,-0.4990970139693269,-0.2644333398707719,1.0,1.0,1.0,0.0,17724
-0.4990970139693269,-0.4990970139693267,-0.4990970139693272,-0.4990970139693269,-0.4990970139693269,-0.4990970139693271,-0.4990970139693269,-0.4990970139693272,-0.4990970139693271,-0.4990970139693269,-0.2644333398707719,1.0,1.0,1.0,0.0,16230
-0.4990970139693269,-0.4990970139693267,-0.4990970139693272,-0.4990970139693269,-0.4990970139693269,-0.4990970139693271,-0.4990970139693269,-0.4990970139693272,-0.4990970139693271,-0.4990970139693269,-0.2644333398707719,0.0,1.0,1.0,0.0,17589
-0.4990970139693269,-0.4990970139693267,-0.4990970139693272,-0.4990970139693269,-0.4990970139693269,-0.4990970139693271,-0.4990970139693269,-0.4990970139693272,-0.4990970139693271,-0.4990970139693269,-0.4878293167183838,1.0,1.0,0.0,0.0,16836
-0.4990970139693269,-0.4990970139693267,-0.4990970139693272,-0.4990970139693269,-0.4990970139693269,-0.4990970139693271,-0.4990970139693269,-0.4990970139693272,-0.4990970139693271,-0.4990970139693269,-0.2644333398707719,0.0,1.0,1.0,0.0,17508
-0.4990970139693269,-0.4990970139693267,-0.4990970139693272,-0.4990970139693269,-0.4990970139693269,-0.4990970139693271,-0.4990970139693269,-0.4990970139693272,-0.4990970139693271,-0.4990970139693269,-0.2644333398707719,1.0,1.0,1.0,0.0,17508
-0.4990970139693269,-0.4990970139693267,-0.4990970139693272,-0.4990970139693269,-0.4990970139693269,-0.4990970139693271,-0.4990970139693269,-0.4990970139693272,-0.4990970139693271,-0.4990970139693269,-0.2644333398707719,1.0,1.0,1.0,0.0,17169
-0.4990970139693269,-0.4990970139693267,-0.4990970139693272,-0.4990970139693269,-0.4990970139693269,-0.4990970139693271,-0.4990970139693269,-0.4990970139693272,-0.4990970139693271,-0.4990970139693269,-0.7112252935659957,0.0,1.0,0.0,1.0,17619
-0.4990970139693269,-0.4990970139693267,-0.4990970139693272,-0.4990970139693269,-0.4990970139693269,-0.4990970139693271,-0.4990970139693269,-0.4990970139693272,-0.4990970139693271,-0.4990970139693269,-0.7112252935659957,1.0,1.0,0.0,1.0,16359
-0.4990970139693269,-0.4990970139693267,-0.4990970139693272,-0.4990970139693269,-0.4990970139693269,-0.4990970139693271,-0.4990970139693269,-0.4990970139693272,-0.4990970139693271,-0.4990970139693269,-0.7112252935659957,0.0,1.0,0.0,1.0,17649
-0.4990970139693269,-0.4990970139693267,-0.4990970139693272,-0.4990970139693269,-0.4990970139693269,-0.4990970139693271,-0.4990970139693269,-0.4990970139693272,-0.4990970139693271,-0.4990970139693269,-0.2644333398707719,0.0,1.0,1.0,0.0,17169
-0.4990970139693269,-0.4990970139693267,-0.4990970139693272,-0.4990970139693269,-0.4990970139693269,-0.4990970139693271,-0.4990970139693269,-0.4990970139693272,-0.4990970139693271,-0.4990970139693269,-0.7112252935659957,1.0,1.0,0.0,1.0,17508
-0.4990970139693269,-0.4990970139693267,-0.4990970139693272,-0.4990970139693269,-0.4990970139693269,-0.4990970139693271,-0.4990970139693269,-0.4990970139693272,-0.4990970139693271,-0.4990970139693269,-0.4878293167183838,0.0,1.0,0.0,0.0,17619
-0.4990970139693269,-0.4990970139693267,-0.4990970139693272,-0.4990970139693269,-0.4990970139693269,-0.4990970139693271,-0.4990970139693269,-0.4990970139693272,-0.4990970139693271,-0.4990970139693269,-0.7112252935659957,0.0,1.0,0.0,1.0,17619
-0.4990970139693269,-0.4990970139693267,-0.4990970139693272,-0.4990970139693269,-0.4990970139693269,-0.4990970139693271,-0.4990970139693269,-0.4990970139693272,-0.4990970139693271,-0.4990970139693269,-0.7112252935659957,0.0,1.0,0.0,1.0,16260
-0.4990970139693269,-0.4990970139693267,-0.4990970139693272,-0.4990970139693269,-0.4990970139693269,-0.4990970139693271,-0.4990970139693269,-0.4990970139693272,-0.4990970139693271,-0.4990970139693269,-0.4878293167183838,0.0,1.0,0.0,0.0,17040
-0.4990970139693269,-0.4990970139693267,-0.4990970139693272,-0.4990970139693269,-0.4990970139693269,-0.4990970139693271,-0.4990970139693269,-0.4990970139693272,-0.4990970139693271,-0.4990970139693269,-0.2644333398707719,1.0,1.0,1.0,0.0,16581
-0.4990970139693269,-0.4990970139693267,-0.4990970139693272,-0.4990970139693269,-0.4990970139693269,-0.4990970139693271,-0.4990970139693269,-0.4990970139693272,-0.4990970139693271,-0.4990970139693269,-0.7112252935659957,0.0,1.0,0.0,1.0,17619
-0.4990970139693269,-0.4990970139693267,-0.4990970139693272,-0.4990970139693269,-0.4990970139693269,-0.4990970139693271,-0.4990970139693269,-0.4990970139693272,-0.4990970139693271,-0.4990970139693269,-0.4878293167183838,1.0,1.0,0.0,0.0,17508
-0.4990970139693269,-0.4990970139693267,-0.4990970139693272,-0.4990970139693269,-0.4990970139693269,-0.4990970139693271,-0.4990970139693269,-0.4990970139693272,-0.4990970139693271,-0.4990970139693269,-0.2644333398707719,1.0,0.0,1.0,0.0,17169
-0.4990970139693269,-0.4990970139693267,-0.4990970139693272,-0.4990970139693269,-0.4990970139693269,-0.4990970139693271,-0.4990970139693269,-0.4990970139693272,-0.4990970139693271,-0.4990970139693269,-0.7112252935659957,0.0,0.0,0.0,1.0,17748
-0.4990970139693269,-0.4990970139693267,-0.4990970139693272,-0.4990970139693269,-0.4990970139693269,-0.4990970139693271,-0.4990970139693269,-0.4990970139693272,-0.4990970139693271,-0.4990970139693269,-0.4878293167183838,1.0,0.0,0.0,0.0,17619
-0.4990970139693269,-0.4990970139693267,-0.4990970139693272,-0.4990970139693269,-0.4990970139693269,-0.4990970139693271,-0.4990970139693269,-0.4990970139693272,-0.4990970139693271,-0.4990970139693269,-0.7112252935659957,1.0,0.0,0.0,1.0,17169
-0.4990970139693269,-0.4990970139693267,-0.4990970139693272,-0.4990970139693269,-0.4990970139693269,-0.4990970139693271,-0.4990970139693269,-0.4990970139693272,-0.4990970139693271,-0.4990970139693269,-0.2644333398707719,1.0,0.0,1.0,0.0,17508
-0.4990970139693269,-0.4990970139693267,-0.4990970139693272,-0.4990970139693269,-0.4990970139693269,-0.4990970139693271,-0.4990970139693269,-0.4990970139693272,-0.4990970139693271,-0.4990970139693269,-0.4878293167183838,0.0,0.0,0.0,0.0,17748
-0.4990970139693269,-0.4990970139693267,-0.4990970139693272,-0.4990970139693269,-0.4990970139693269,-0.4990970139693271,-0.4990970139693269,-0.4990970139693272,-0.4990970139693271,-0.4990970139693269,-0.2644333398707719,0.0,0.0,1.0,0.0,17169
-0.4990970139693269,-0.4990970139693267,-0.4990970139693272,-0.4990970139693269,-0.4990970139693269,-0.4990970139693271,-0.4990970139693269,-0.4990970139693272,-0.4990970139693271,-0.4990970139693269,-0.7112252935659957,0.0,0.0,0.0,1.0,17724
-0.4990970139693269,-0.4990970139693267,-0.4990970139693272,-0.4990970139693269,-0.4990970139693269,-0.4990970139693271,-0.4990970139693269,-0.4990970139693272,-0.4990970139693271,-0.4990970139693269,-0.4878293167183838,1.0,0.0,0.0,0.0,16230
-0.4990970139693269,-0.4990970139693267,-0.4990970139693272,-0.4990970139693269,-0.4990970139693269,-0.4990970139693271,-0.4990970139693269,-0.4990970139693272,-0.4990970139693271,-0.4990970139693269,-0.2644333398707719,0.0,0.0,1.0,0.0,17589
-0.4990970139693269,-0.4990970139693267,-0.4990970139693272,-0.4990970139693269,-0.4990970139693269,-0.4990970139693271,-0.4990970139693269,-0.4990970139693272,-0.4990970139693271,-0.4990970139693269,-0.7112252935659957,1.0,0.0,0.0,1.0,17508
-0.4990970139693269,-0.4990970139693267,-0.4990970139693272,-0.4990970139693269,-0.4990970139693269,-0.4990970139693271,-0.4990970139693269,-0.4990970139693272,-0.4990970139693271,-0.4990970139693269,-0.4878293167183838,0.0,0.0,0.0,0.0,17508
-0.4990970139693269,-0.4990970139693267,-0.4990970139693272,-0.4990970139693269,-0.4990970139693269,-0.4990970139693271,-0.4990970139693269,-0.4990970139693272,-0.4990970139693271,-0.4990970139693269,-0.7112252935659957,0.0,0.0,0.0,1.0,17619
-0.4990970139693269,-0.4990970139693267,-0.4990970139693272,-0.4990970139693269,-0.4990970139693269,-0.4990970139693271,-0.4990970139693269,-0.4990970139693272,-0.4990970139693271,-0.4990970139693269,-0.2644333398707719,1.0,0.0,1.0,0.0,16389
-0.4990970139693269,-0.4990970139693267,-0.4990970139693272,-0.4990970139693269,-0.4990970139693269,-0.4990970139693271,-0.4990970139693269,-0.4990970139693272,-0.4990970139693271,-0.4990970139693269,-0.4878293167183838,1.0,0.0,0.0,0.0,17748
-0.4990970139693269,-0.4990970139693267,-0.4990970139693272,-0.4990970139693269,-0.4990970139693269,-0.4990970139693271,-0.4990970139693269,-0.4990970139693272,-0.4990970139693271,-0.4990970139693269,-0.2644333398707719,0.0,0.0,1.0,0.0,16359
-0.4990970139693269,-0.4990970139693267,-0.4990970139693272,-0.4990970139693269,-0.4990970139693269,-0.4990970139693271,-0.4990970139693269,-0.4990970139693272,-0.4990970139693271,-0.4990970139693269,-0.7112252935659957,1.0,0.0,0.0,1.0,17649
-0.4990970139693269,-0.4990970139693267,-0.4990970139693272,-0.4990970139693269,-0.4990970139693269,-0.4990970139693271,-0.4990970139693269,-0.4990970139693272,-0.4990970139693271,-0.4990970139693269,-0.4878293167183838,0.0,0.0,0.0,0.0,17169
-0.4990970139693269,-0.4990970139693267,-0.4990970139693272,-0.4990970139693269,-0.4990970139693269,-0.4990970139693271,-0.4990970139693269,-0.4990970139693272,-0.4990970139693271,-0.4990970139693269,-0.2644333398707719,1.0,1.0,1.0,0.0,17508
-0.4990970139693269,-0.4990970139693267,-0.4990970139693272,-0.4990970139693269,-0.4990970139693269,-0.4990970139693271,-0.4990970139693269,-0.4990970139693272,-0.4990970139693271,-0.4990970139693269,-0.7112252935659957,1.0,1.0,0.0,1.0,17619
-0.4990970139693269,-0.4990970139693267,-0.4990970139693272,-0.4990970139693269,-0.4990970139693269,-0.4990970139693271,-0.4990970139693269,-0.4990970139693272,-0.4990970139693271,-0.4990970139693269,-0.4878293167183838,0.0,1.0,0.0,0.0,17619
-0.4990970139693269,-0.4990970139693267,-0.4990970139693272,-0.4990970139693269,-0.4990970139693269,-0.4990970139693271,-0.4990970139693269,-0.4990970139693272,-0.4990970139693271,-0.4990970139693269,-0.7112252935659957,1.0,1.0,0.0,1.0,16389
-0.4990970139693269,-0.4990970139693267,-0.4990970139693272,-0.4990970139693269,-0.4990970139693269,-0.4990970139693271,-0.4990970139693269,-0.4990970139693272,-0.4990970139693271,-0.4990970139693269,-0.2644333398707719,0.0,1.0,1.0,0.0,16476
-0.4990970139693269,-0.4990970139693267,-0.4990970139693272,-0.4990970139693269,-0.4990970139693269,-0.4990970139693271,-0.4990970139693269,-0.4990970139693272,-0.4990970139693271,-0.4990970139693269,-0.2644333398707719,1.0,1.0,1.0,0.0,17169
-0.4990970139693269,-0.4990970139693267,-0.4990970139693272,-0.4990970139693269,-0.4990970139693269,-0.4990970139693271,-0.4990970139693269,-0.4990970139693272,-0.4990970139693271,-0.4990970139693269,-0.2644333398707719,0.0,1.0,1.0,0.0,17508
-0.4990970139693269,-0.4990970139693267,-0.4990970139693272,-0.4990970139693269,-0.4990970139693269,-0.4990970139693271,-0.4990970139693269,-0.4990970139693272,-0.4990970139693271,-0.4990970139693269,-0.2644333398707719,0.0,1.0,1.0,0.0,17565
-0.4990970139693269,-0.4990970139693267,-0.4990970139693272,-0.4990970139693269,-0.4990970139693269,-0.4990970139693271,-0.4990970139693269,-0.4990970139693272,-0.4990970139693271,-0.4990970139693269,-0.4878293167183838,1.0,1.0,0.0,0.0,17508
-0.4990970139693269,-0.4990970139693267,-0.4990970139693272,-0.4990970139693269,-0.4990970139693269,-0.4990970139693271,-0.4990970139693269,-0.4990970139693272,-0.4990970139693271,-0.4990970139693269,-0.2644333398707719,0.0,1.0,1.0,0.0,17169
-0.4990970139693269,-0.4990970139693267,-0.4990970139693272,-0.4990970139693269,-0.4990970139693269,-0.4990970139693271,-0.4990970139693269,-0.4990970139693272,-0.4990970139693271,-0.4990970139693269,-0.2644333398707719,1.0,1.0,1.0,0.0,17748
-0.4990970139693269,-0.4990970139693267,-0.4990970139693272,-0.4990970139693269,-0.4990970139693269,-0.4990970139693271,-0.4990970139693269,-0.4990970139693272,-0.4990970139693271,-0.4990970139693269,-0.2644333398707719,0.0,1.0,1.0,0.0,17619
-0.4990970139693269,-0.4990970139693267,-0.4990970139693272,-0.4990970139693269,-0.4990970139693269,-0.4990970139693271,-0.4990970139693269,-0.4990970139693272,-0.4990970139693271,-0.4990970139693269,-0.7112252935659957,1.0,1.0,0.0,1.0,17169
-0.4990970139693269,-0.4990970139693267,-0.4990970139693272,-0.4990970139693269,-0.4990970139693269,-0.4990970139693271,-0.4990970139693269,-0.4990970139693272,-0.4990970139693271,-0.4990970139693269,-0.7112252935659957,0.0,1.0,0.0,1.0,17508
-0.4990970139693269,-0.4990970139693267,-0.4990970139693272,-0.4990970139693269,-0.4990970139693269,-0.4990970139693271,-0.4990970139693269,-0.4990970139693272,-0.4990970139693271,-0.4990970139693269,-0.7112252935659957,1.0,1.0,0.0,1.0,17169
-0.4990970139693269,-0.4990970139693267,-0.4990970139693272,-0.4990970139693269,-0.4990970139693269,-0.4990970139693271,-0.4990970139693269,-0.4990970139693272,-0.4990970139693271,-0.4990970139693269,-0.2644333398707719,1.0,1.0,1.0,0.0,17589
-0.4990970139693269,-0.4990970139693267,-0.4990970139693272,-0.4990970139693269,-0.4990970139693269,-0.4990970139693271,-0.4990970139693269,-0.4990970139693272,-0.4990970139693271,-0.4990970139693269,-0.7112252935659957,1.0,1.0,0.0,1.0,16836
-0.4990970139693269,-0.4990970139693267,-0.4990970139693272,-0.4990970139693269,-0.4990970139693269,-0.4990970139693271,-0.4990970139693269,-0.4990970139693272,-0.4990970139693271,-0.4990970139693269,-0.4878293167183838,1.0,1.0,0.0,0.0,17508
-1.1947399784673045,-1.1947399784673045,-1.1947399784673047,-1.1947399784673045,-1.1947399784673045,-1.1947399784673045,-1.1947399784673045,-1.1947399784673047,-1.1947399784673045,-1.1947399784673045,-1.3069478984929608,0.0,1.0,0.0,1.0,11672
-1.1947399784673045,-1.1947399784673045,-1.1947399784673047,-1.1947399784673045,-1.1947399784673045,-1.1947399784673045,-1.1947399784673045,-1.1947399784673047,-1.1947399784673045,-1.1947399784673045,-1.3069478984929608,1.0,1.0,0.0,1.0,11446
-1.1947399784673045,-1.1947399784673045,-1.1947399784673047,-1.1947399784673045,-1.1947399784673045,-1.1947399784673045,-1.1947399784673045,-1.1947399784673047,-1.1947399784673045,-1.1947399784673045,-1.1580172472612196,1.0,1.0,0.0,0.0,11672
-1.1947399784673045,-1.1947399784673045,-1.1947399784673047,-1.1947399784673045,-1.1947399784673045,-1.1947399784673045,-1.1947399784673045,-1.1947399784673047,-1.1947399784673045,-1.1947399784673045,-1.0090865960294784,0.0,1.0,1.0,0.0,11746
-1.1947399784673045,-1.1947399784673045,-1.1947399784673047,-1.1947399784673045,-1.1947399784673045,-1.1947399784673045,-1.1947399784673045,-1.1947399784673047,-1.1947399784673045,-1.1947399784673045,-1.3069478984929608,1.0,1.0,0.0,1.0,10926
-1.1947399784673045,-1.1947399784673045,-1.1947399784673047,-1.1947399784673045,-1.1947399784673045,-1.1947399784673045,-1.1947399784673045,-1.1947399784673047,-1.1947399784673045,-1.1947399784673045,-1.1580172472612196,1.0,1.0,0.0,0.0,11832
-1.1947399784673045,-1.1947399784673045,-1.1947399784673047,-1.1947399784673045,-1.1947399784673045,-1.1947399784673045,-1.1947399784673045,-1.1947399784673047,-1.1947399784673045,-1.1947399784673045,-1.0090865960294784,0.0,1.0,1.0,0.0,10906
-1.1947399784673045,-1.1947399784673045,-1.1947399784673047,-1.1947399784673045,-1.1947399784673045,-1.1947399784673045,-1.1947399784673045,-1.1947399784673047,-1.1947399784673045,-1.1947399784673045,-1.3069478984929608,1.0,1.0,0.0,1.0,11446
-1.1947399784673045,-1.1947399784673045,-1.1947399784673047,-1.1947399784673045,-1.1947399784673045,-1.1947399784673045,-1.1947399784673045,-1.1947399784673047,-1.1947399784673045,-1.1947399784673045,-1.1580172472612196,1.0,1.0,0.0,0.0,11746
-1.1947399784673045,-1.1947399784673045,-1.1947399784673047,-1.1947399784673045,-1.1947399784673045,-1.1947399784673045,-1.1947399784673045,-1.1947399784673047,-1.1947399784673045,-1.1947399784673045,-1.3069478984929608,1.0,1.0,0.0,1.0,10840
-1.1947399784673045,-1.1947399784673045,-1.1947399784673047,-1.1947399784673045,-1.1947399784673045,-1.1947399784673045,-1.1947399784673045,-1.1947399784673047,-1.1947399784673045,-1.1947399784673045,-1.0090865960294784,0.0,1.0,1.0,0.0,11360
-1.1947399784673045,-1.1947399784673045,-1.1947399784673047,-1.1947399784673045,-1.1947399784673045,-1.1947399784673045,-1.1947399784673045,-1.1947399784673047,-1.1947399784673045,-1.1947399784673045,-1.1580172472612196,1.0,1.0,0.0,0.0,11054
-1.1947399784673045,-1.1947399784673045,-1.1947399784673047,-1.1947399784673045,-1.1947399784673045,-1.1947399784673045,-1.1947399784673045,-1.1947399784673047,-1.1947399784673045,-1.1947399784673045,-1.0090865960294784,1.0,1.0,1.0,0.0,11746
-1.1947399784673045,-1.1947399784673045,-1.1947399784673047,-1.1947399784673045,-1.1947399784673045,-1.1947399784673045,-1.1947399784673045,-1.1947399784673047,-1.1947399784673045,-1.1947399784673045,-1.3069478984929608,0.0,1.0,0.0,1.0,10984
-1.1947399784673045,-1.1947399784673045,-1.1947399784673047,-1.1947399784673045,-1.1947399784673045,-1.1947399784673045,-1.1947399784673045,-1.1947399784673047,-1.1947399784673045,-1.1947399784673045,-1.1580172472612196,0.0,0.0,0.0,0.0,11672
-1.1947399784673045,-1.1947399784673045,-1.1947399784673047,-1.1947399784673045,-1.1947399784673045,-1.1947399784673045,-1.1947399784673045,-1.1947399784673047,-1.1947399784673045,-1.1947399784673045,-1.0090865960294784,0.0,0.0,1.0,0.0,11446
-1.1947399784673045,-1.1947399784673045,-1.1947399784673047,-1.1947399784673045,-1.1947399784673045,-1.1947399784673045,-1.1947399784673045,-1.1947399784673047,-1.1947399784673045,-1.1947399784673045,-1.3069478984929608,0.0,0.0,0.0,1.0,11446
-1.1947399784673045,-1.1947399784673045,-1.1947399784673047,-1.1947399784673045,-1.1947399784673045,-1.1947399784673045,-1.1947399784673045,-1.1947399784673047,-1.1947399784673045,-1.1947399784673045,-1.1580172472612196,0.0,0.0,0.0,0.0,11832
-1.1947399784673045,-1.1947399784673045,-1.1947399784673047,-1.1947399784673045,-1.1947399784673045,-1.1947399784673045,-1.1947399784673045,-1.1947399784673047,-1.1947399784673045,-1.1947399784673045,-1.3069478984929608,0.0,0.0,0.0,1.0,11446
-1.1947399784673045,-1.1947399784673045,-1.1947399784673047,-1.1947399784673045,-1.1947399784673045,-1.1947399784673045,-1.1947399784673045,-1.1947399784673047,-1.1947399784673045,-1.1947399784673045,-1.0090865960294784,0.0,0.0,1.0,0.0,11446
-1.1947399784673045,-1.1947399784673045,-1.1947399784673047,-1.1947399784673045,-1.1947399784673045,-1.1947399784673045,-1.1947399784673045,-1.1947399784673047,-1.1947399784673045,-1.1947399784673045,-1.1580172472612196,1.0,0.0,0.0,0.0,11816
-1.1947399784673045,-1.1947399784673045,-1.1947399784673047,-1.1947399784673045,-1.1947399784673045,-1.1947399784673045,-1.1947399784673045,-1.1947399784673047,-1.1947399784673045,-1.1947399784673045,-1.0090865960294784,1.0,0.0,1.0,0.0,10820
-1.1947399784673045,-1.1947399784673045,-1.1947399784673047,-1.1947399784673045,-1.1947399784673045,-1.1947399784673045,-1.1947399784673045,-1.1947399784673047,-1.1947399784673045,-1.1947399784673045,-1.3069478984929608,1.0,0.0,0.0,1.0,11726
-1.1947399784673045,-1.1947399784673045,-1.1947399784673047,-1.1947399784673045,-1.1947399784673045,-1.1947399784673045,-1.1947399784673045,-1.1947399784673047,-1.1947399784673045,-1.1947399784673045,-1.1580172472612196,1.0,0.0,0.0,0.0,11224
-1.1947399784673045,-1.1947399784673045,-1.1947399784673047,-1.1947399784673045,-1.1947399784673045,-1.1947399784673045,-1.1947399784673045,-1.1947399784673047,-1.1947399784673045,-1.1947399784673045,-1.0090865960294784,1.0,0.0,1.0,0.0,11672
-1.1947399784673045,-1.1947399784673045,-1.1947399784673047,-1.1947399784673045,-1.1947399784673045,-1.1947399784673045,-1.1947399784673045,-1.1947399784673047,-1.1947399784673045,-1.1947399784673045,-1.3069478984929608,1.0,0.0,0.0,1.0,11672
-1.1947399784673045,-1.1947399784673045,-1.1947399784673047,-1.1947399784673045,-1.1947399784673045,-1.1947399784673045,-1.1947399784673045,-1.1947399784673047,-1.1947399784673045,-1.1947399784673045,-1.1580172472612196,1.0,0.0,0.0,0.0,11446
-1.1947399784673045,-1.1947399784673045,-1.1947399784673047,-1.1947399784673045,-1.1947399784673045,-1.1947399784673045,-1.1947399784673045,-1.1947399784673047,-1.1947399784673045,-1.1947399784673045,-1.3069478984929608,1.0,0.0,0.0,1.0,11672
-1.1947399784673045,-1.1947399784673045,-1.1947399784673047,-1.1947399784673045,-1.1947399784673045,-1.1947399784673045,-1.1947399784673045,-1.1947399784673047,-1.1947399784673045,-1.1947399784673045,-1.0090865960294784,0.0,0.0,1.0,0.0,11746
-1.1947399784673045,-1.1947399784673045,-1.1947399784673047,-1.1947399784673045,-1.1947399784673045,-1.1947399784673045,-1.1947399784673045,-1.1947399784673047,-1.1947399784673045,-1.1947399784673045,-1.0090865960294784,0.0,0.0,1.0,0.0,11832
-1.1947399784673045,-1.1947399784673045,-1.1947399784673047,-1.1947399784673045,-1.1947399784673045,-1.1947399784673045,-1.1947399784673045,-1.1947399784673047,-1.1947399784673045,-1.1947399784673045,-1.0090865960294784,0.0,0.0,1.0,0.0,11446
-1.1947399784673045,-1.1947399784673045,-1.1947399784673047,-1.1947399784673045,-1.1947399784673045,-1.1947399784673045,-1.1947399784673045,-1.1947399784673047,-1.1947399784673045,-1.1947399784673045,-1.0090865960294784,0.0,0.0,1.0,0.0,11672
-1.1947399784673045,-1.1947399784673045,-1.1947399784673047,-1.1947399784673045,-1.1947399784673045,-1.1947399784673045,-1.1947399784673045,-1.1947399784673047,-1.1947399784673045,-1.1947399784673045,-1.1580172472612196,0.0,0.0,0.0,0.0,11746
-1.1947399784673045,-1.1947399784673045,-1.1947399784673047,-1.1947399784673045,-1.1947399784673045,-1.1947399784673045,-1.1947399784673045,-1.1947399784673047,-1.1947399784673045,-1.1947399784673045,-1.0090865960294784,0.0,0.0,1.0,0.0,11746
-1.1947399784673045,-1.1947399784673045,-1.1947399784673047,-1.1947399784673045,-1.1947399784673045,-1.1947399784673045,-1.1947399784673045,-1.1947399784673047,-1.1947399784673045,-1.1947399784673045,-1.0090865960294784,0.0,0.0,1.0,0.0,11054
-1.1947399784673045,-1.1947399784673045,-1.1947399784673047,-1.1947399784673045,-1.1947399784673045,-1.1947399784673045,-1.1947399784673045,-1.1947399784673047,-1.1947399784673045,-1.1947399784673045,-1.0090865960294784,0.0,0.0,1.0,0.0,10926
-1.1947399784673045,-1.1947399784673045,-1.1947399784673047,-1.1947399784673045,-1.1947399784673045,-1.1947399784673045,-1.1947399784673045,-1.1947399784673047,-1.1947399784673045,-1.1947399784673045,-1.3069478984929608,1.0,0.0,0.0,1.0,11832
-1.1947399784673045,-1.1947399784673045,-1.1947399784673047,-1.1947399784673045,-1.1947399784673045,-1.1947399784673045,-1.1947399784673045,-1.1947399784673047,-1.1947399784673045,-1.1947399784673045,-1.3069478984929608,1.0,1.0,0.0,1.0,11766
-1.1947399784673045,-1.1947399784673045,-1.1947399784673047,-1.1947399784673045,-1.1947399784673045,-1.1947399784673045,-1.1947399784673045,-1.1947399784673047,-1.1947399784673045,-1.1947399784673045,-1.3069478984929608,1.0,1.0,0.0,1.0,10984
-1.1947399784673045,-1.1947399784673045,-1.1947399784673047,-1.1947399784673045,-1.1947399784673045,-1.1947399784673045,-1.1947399784673045,-1.1947399784673047,-1.1947399784673045,-1.1947399784673045,-1.0090865960294784,1.0,1.0,1.0,0.0,11446
-1.1947399784673045,-1.1947399784673045,-1.1947399784673047,-1.1947399784673045,-1.1947399784673045,-1.1947399784673045,-1.1947399784673045,-1.1947399784673047,-1.1947399784673045,-1.1947399784673045,-1.3069478984929608,1.0,1.0,0.0,1.0,11710
-1.1947399784673045,-1.1947399784673045,-1.1947399784673047,-1.1947399784673045,-1.1947399784673045,-1.1947399784673045,-1.1947399784673045,-1.1947399784673047,-1.1947399784673045,-1.1947399784673045,-1.1580172472612196,1.0,1.0,0.0,0.0,11832
-1.1947399784673045,-1.1947399784673045,-1.1947399784673047,-1.1947399784673045,-1.1947399784673045,-1.1947399784673045,-1.1947399784673045,-1.1947399784673047,-1.1947399784673045,-1.1947399784673045,-1.3069478984929608,1.0,1.0,0.0,1.0,11746
-1.1947399784673045,-1.1947399784673045,-1.1947399784673047,-1.1947399784673045,-1.1947399784673045,-1.1947399784673045,-1.1947399784673045,-1.1947399784673047,-1.1947399784673045,-1.1947399784673045,-1.3069478984929608,0.0,1.0,0.0,1.0,11446
-1.1947399784673045,-1.1947399784673045,-1.1947399784673047,-1.1947399784673045,-1.1947399784673045,-1.1947399784673045,-1.1947399784673045,-1.1947399784673047,-1.1947399784673045,-1.1947399784673045,-1.1580172472612196,1.0,1.0,0.0,0.0,11672
-1.1947399784673045,-1.1947399784673045,-1.1947399784673047,-1.1947399784673045,-1.1947399784673045,-1.1947399784673045,-1.1947399784673045,-1.1947399784673047,-1.1947399784673045,-1.1947399784673045,-1.0090865960294784,0.0,1.0,1.0,0.0,11832
-1.1947399784673045,-1.1947399784673045,-1.1947399784673047,-1.1947399784673045,-1.1947399784673045,-1.1947399784673045,-1.1947399784673045,-1.1947399784673047,-1.1947399784673045,-1.1947399784673045,-1.3069478984929608,1.0,1.0,0.0,1.0,11446
-1.1947399784673045,-1.1947399784673045,-1.1947399784673047,-1.1947399784673045,-1.1947399784673045,-1.1947399784673045,-1.1947399784673045,-1.1947399784673047,-1.1947399784673045,-1.1947399784673045,-1.1580172472612196,0.0,1.0,0.0,0.0,11816
-1.1947399784673045,-1.1947399784673045,-1.1947399784673047,-1.1947399784673045,-1.1947399784673045,-1.1947399784673045,-1.1947399784673045,-1.1947399784673047,-1.1947399784673045,-1.1947399784673045,-1.0090865960294784,0.0,0.0,1.0,0.0,10820
-1.1947399784673045,-1.1947399784673045,-1.1947399784673047,-1.1947399784673045,-1.1947399784673045,-1.1947399784673045,-1.1947399784673045,-1.1947399784673047,-1.1947399784673045,-1.1947399784673045,-1.3069478984929608,1.0,0.0,0.0,1.0,11726
-1.1947399784673045,-1.1947399784673045,-1.1947399784673047,-1.1947399784673045,-1.1947399784673045,-1.1947399784673045,-1.1947399784673045,-1.1947399784673047,-1.1947399784673045,-1.1947399784673045,-1.1580172472612196,0.0,0.0,0.0,0.0,11224
-1.1947399784673045,-1.1947399784673045,-1.1947399784673047,-1.1947399784673045,-1.1947399784673045,-1.1947399784673045,-1.1947399784673045,-1.1947399784673047,-1.1947399784673045,-1.1947399784673045,-1.3069478984929608,1.0,0.0,0.0,1.0,11672
-1.1947399784673045,-1.1947399784673045,-1.1947399784673047,-1.1947399784673045,-1.1947399784673045,-1.1947399784673045,-1.1947399784673045,-1.1947399784673047,-1.1947399784673045,-1.1947399784673045,-1.0090865960294784,0.0,0.0,1.0,0.0,11746
-1.1947399784673045,-1.1947399784673045,-1.1947399784673047,-1.1947399784673045,-1.1947399784673045,-1.1947399784673045,-1.1947399784673045,-1.1947399784673047,-1.1947399784673045,-1.1947399784673045,-1.1580172472612196,1.0,0.0,0.0,0.0,10926
-1.1947399784673045,-1.1947399784673045,-1.1947399784673047,-1.1947399784673045,-1.1947399784673045,-1.1947399784673045,-1.1947399784673045,-1.1947399784673047,-1.1947399784673045,-1.1947399784673045,-1.0090865960294784,0.0,0.0,1.0,0.0,11832
-1.1947399784673045,-1.1947399784673045,-1.1947399784673047,-1.1947399784673045,-1.1947399784673045,-1.1947399784673045,-1.1947399784673045,-1.1947399784673047,-1.1947399784673045,-1.1947399784673045,-1.3069478984929608,1.0,0.0,0.0,1.0,10906
-1.1947399784673045,-1.1947399784673045,-1.1947399784673047,-1.1947399784673045,-1.1947399784673045,-1.1947399784673045,-1.1947399784673045,-1.1947399784673047,-1.1947399784673045,-1.1947399784673045,-1.1580172472612196,1.0,0.0,0.0,0.0,11766
-1.1947399784673045,-1.1947399784673045,-1.1947399784673047,-1.1947399784673045,-1.1947399784673045,-1.1947399784673045,-1.1947399784673045,-1.1947399784673047,-1.1947399784673045,-1.1947399784673045,-1.0090865960294784,0.0,0.0,1.0,0.0,11446
-1.1947399784673045,-1.1947399784673045,-1.1947399784673047,-1.1947399784673045,-1.1947399784673045,-1.1947399784673045,-1.1947399784673045,-1.1947399784673047,-1.1947399784673045,-1.1947399784673045,-1.3069478984929608,1.0,1.0,0.0,1.0,11672
-1.1947399784673045,-1.1947399784673045,-1.1947399784673047,-1.1947399784673045,-1.1947399784673045,-1.1947399784673045,-1.1947399784673045,-1.1947399784673047,-1.1947399784673045,-1.1947399784673045,-1.1580172472612196,1.0,1.0,0.0,0.0,11676
-1.1947399784673045,-1.1947399784673045,-1.1947399784673047,-1.1947399784673045,-1.1947399784673045,-1.1947399784673045,-1.1947399784673045,-1.1947399784673047,-1.1947399784673045,-1.1947399784673045,-1.3069478984929608,0.0,1.0,0.0,1.0,11804
-1.1947399784673045,-1.1947399784673045,-1.1947399784673047,-1.1947399784673045,-1.1947399784673045,-1.1947399784673045,-1.1947399784673045,-1.1947399784673047,-1.1947399784673045,-1.1947399784673045,-1.0090865960294784,1.0,1.0,1.0,0.0,11420
-1.1947399784673045,-1.1947399784673045,-1.1947399784673047,-1.1947399784673045,-1.1947399784673045,-1.1947399784673045,-1.1947399784673045,-1.1947399784673047,-1.1947399784673045,-1.1947399784673045,-1.1580172472612196,1.0,1.0,0.0,0.0,11672
-1.1947399784673045,-1.1947399784673045,-1.1947399784673047,-1.1947399784673045,-1.1947399784673045,-1.1947399784673045,-1.1947399784673045,-1.1947399784673047,-1.1947399784673045,-1.1947399784673045,-1.0090865960294784,1.0,1.0,1.0,0.0,11348
-1.1947399784673045,-1.1947399784673045,-1.1947399784673047,-1.1947399784673045,-1.1947399784673045,-1.1947399784673045,-1.1947399784673045,-1.1947399784673047,-1.1947399784673045,-1.1947399784673045,-1.3069478984929608,1.0,1.0,0.0,1.0,11104
-1.1947399784673045,-1.1947399784673045,-1.1947399784673047,-1.1947399784673045,-1.1947399784673045,-1.1947399784673045,-1.1947399784673045,-1.1947399784673047,-1.1947399784673045,-1.1947399784673045,-1.1580172472612196,0.0,1.0,0.0,0.0,11054
-1.1947399784673045,-1.1947399784673045,-1.1947399784673047,-1.1947399784673045,-1.1947399784673045,-1.1947399784673045,-1.1947399784673045,-1.1947399784673047,-1.1947399784673045,-1.1947399784673045,-1.0090865960294784,1.0,1.0,1.0,0.0,11660
-1.1947399784673045,-1.1947399784673045,-1.1947399784673047,-1.1947399784673045,-1.1947399784673045,-1.1947399784673045,-1.1947399784673045,-1.1947399784673047,-1.1947399784673045,-1.1947399784673045,-1.3069478984929608,0.0,1.0,0.0,1.0,11770
-1.1947399784673045,-1.1947399784673045,-1.1947399784673047,-1.1947399784673045,-1.1947399784673045,-1.1947399784673045,-1.1947399784673045,-1.1947399784673047,-1.1947399784673045,-1.1947399784673045,-1.1580172472612196,1.0,1.0,0.0,0.0,10820
-1.1947399784673045,-1.1947399784673045,-1.1947399784673047,-1.1947399784673045,-1.1947399784673045,-1.1947399784673045,-1.1947399784673045,-1.1947399784673047,-1.1947399784673045,-1.1947399784673045,-1.3069478984929608,1.0,1.0,0.0,1.0,11384
-1.1947399784673045,-1.1947399784673045,-1.1947399784673047,-1.1947399784673045,-1.1947399784673045,-1.1947399784673045,-1.1947399784673045,-1.1947399784673047,-1.1947399784673045,-1.1947399784673045,-1.0090865960294784,0.0,1.0,1.0,0.0,11336
-1.1947399784673045,-1.1947399784673045,-1.1947399784673047,-1.1947399784673045,-1.1947399784673045,-1.1947399784673045,-1.1947399784673045,-1.1947399784673047,-1.1947399784673045,-1.1947399784673045,-1.0090865960294784,1.0,1.0,1.0,0.0,11532
-1.1947399784673045,-1.1947399784673045,-1.1947399784673047,-1.1947399784673045,-1.1947399784673045,-1.1947399784673045,-1.1947399784673045,-1.1947399784673047,-1.1947399784673045,-1.1947399784673045,-1.0090865960294784,0.0,1.0,1.0,0.0,11486
-1.1947399784673045,-1.1947399784673045,-1.1947399784673047,-1.1947399784673045,-1.1947399784673045,-1.1947399784673045,-1.1947399784673045,-1.1947399784673047,-1.1947399784673045,-1.1947399784673045,-1.0090865960294784,0.0,1.0,1.0,0.0,11432
-1.1947399784673045,-1.1947399784673045,-1.1947399784673047,-1.1947399784673045,-1.1947399784673045,-1.1947399784673045,-1.1947399784673045,-1.1947399784673047,-1.1947399784673045,-1.1947399784673045,-1.1580172472612196,1.0,1.0,0.0,0.0,10926
-1.1947399784673045,-1.1947399784673045,-1.1947399784673047,-1.1947399784673045,-1.1947399784673045,-1.1947399784673045,-1.1947399784673045,-1.1947399784673047,-1.1947399784673045,-1.1947399784673045,-1.0090865960294784,0.0,1.0,1.0,0.0,10912
-1.1947399784673045,-1.1947399784673045,-1.1947399784673047,-1.1947399784673045,-1.1947399784673045,-1.1947399784673045,-1.1947399784673045,-1.1947399784673047,-1.1947399784673045,-1.1947399784673045,-1.0090865960294784,0.0,1.0,1.0,0.0,11222
-1.1947399784673045,-1.1947399784673045,-1.1947399784673047,-1.1947399784673045,-1.1947399784673045,-1.1947399784673045,-1.1947399784673045,-1.1947399784673047,-1.1947399784673045,-1.1947399784673045,-1.0090865960294784,0.0,1.0,1.0,0.0,11462
-1.1947399784673045,-1.1947399784673045,-1.1947399784673047,-1.1947399784673045,-1.1947399784673045,-1.1947399784673045,-1.1947399784673045,-1.1947399784673047,-1.1947399784673045,-1.1947399784673045,-1.3069478984929608,0.0,1.0,0.0,1.0,11886
-1.1947399784673045,-1.1947399784673045,-1.1947399784673047,-1.1947399784673045,-1.1947399784673045,-1.1947399784673045,-1.1947399784673045,-1.1947399784673047,-1.1947399784673045,-1.1947399784673045,-1.3069478984929608,1.0,1.0,0.0,1.0,11780
-1.1947399784673045,-1.1947399784673045,-1.1947399784673047,-1.1947399784673045,-1.1947399784673045,-1.1947399784673045,-1.1947399784673045,-1.1947399784673047,-1.1947399784673045,-1.1947399784673045,-1.3069478984929608,0.0,0.0,0.0,1.0,11572
-1.1947399784673045,-1.1947399784673045,-1.1947399784673047,-1.1947399784673045,-1.1947399784673045,-1.1947399784673045,-1.1947399784673045,-1.1947399784673047,-1.1947399784673045,-1.1947399784673045,-1.0090865960294784,1.0,0.0,1.0,0.0,11882
-1.1947399784673045,-1.1947399784673045,-1.1947399784673047,-1.1947399784673045,-1.1947399784673045,-1.1947399784673045,-1.1947399784673045,-1.1947399784673047,-1.1947399784673045,-1.1947399784673045,-1.3069478984929608,1.0,0.0,0.0,1.0,11332
-1.1947399784673045,-1.1947399784673045,-1.1947399784673047,-1.1947399784673045,-1.1947399784673045,-1.1947399784673045,-1.1947399784673045,-1.1947399784673047,-1.1947399784673045,-1.1947399784673045,-1.1580172472612196,0.0,0.0,0.0,0.0,11832
-1.1947399784673045,-1.1947399784673045,-1.1947399784673047,-1.1947399784673045,-1.1947399784673045,-1.1947399784673045,-1.1947399784673045,-1.1947399784673047,-1.1947399784673045,-1.1947399784673045,-1.3069478984929608,1.0,0.0,0.0,1.0,11524
-1.1947399784673045,-1.1947399784673045,-1.1947399784673047,-1.1947399784673045,-1.1947399784673045,-1.1947399784673045,-1.1947399784673045,-1.1947399784673047,-1.1947399784673045,-1.1947399784673045,-1.3069478984929608,1.0,0.0,0.0,1.0,11154
-1.1947399784673045,-1.1947399784673045,-1.1947399784673047,-1.1947399784673045,-1.1947399784673045,-1.1947399784673045,-1.1947399784673045,-1.1947399784673047,-1.1947399784673045,-1.1947399784673045,-1.1580172472612196,1.0,0.0,0.0,0.0,11268
-1.1947399784673045,-1.1947399784673045,-1.1947399784673047,-1.1947399784673045,-1.1947399784673045,-1.1947399784673045,-1.1947399784673045,-1.1947399784673047,-1.1947399784673045,-1.1947399784673045,-1.0090865960294784,0.0,0.0,1.0,0.0,11846
-1.1947399784673045,-1.1947399784673045,-1.1947399784673047,-1.1947399784673045,-1.1947399784673045,-1.1947399784673045,-1.1947399784673045,-1.1947399784673047,-1.1947399784673045,-1.1947399784673045,-1.3069478984929608,0.0,0.0,0.0,1.0,11508
-1.1947399784673045,-1.1947399784673045,-1.1947399784673047,-1.1947399784673045,-1.1947399784673045,-1.1947399784673045,-1.1947399784673045,-1.1947399784673047,-1.1947399784673045,-1.1947399784673045,-1.1580172472612196,0.0,0.0,0.0,0.0,11710
-1.1947399784673045,-1.1947399784673045,-1.1947399784673047,-1.1947399784673045,-1.1947399784673045,-1.1947399784673045,-1.1947399784673045,-1.1947399784673047,-1.1947399784673045,-1.1947399784673045,-1.0090865960294784,1.0,0.0,1.0,0.0,11506
-1.1947399784673045,-1.1947399784673045,-1.1947399784673047,-1.1947399784673045,-1.1947399784673045,-1.1947399784673045,-1.1947399784673045,-1.1947399784673047,-1.1947399784673045,-1.1947399784673045,-1.3069478984929608,0.0,1.0,0.0,1.0,11680
-1.1947399784673045,-1.1947399784673045,-1.1947399784673047,-1.1947399784673045,-1.1947399784673045,-1.1947399784673045,-1.1947399784673045,-1.1947399784673047,-1.1947399784673045,-1.1947399784673045,-1.1580172472612196,1.0,1.0,0.0,0.0,11254
-1.1947399784673045,-1.1947399784673045,-1.1947399784673047,-1.1947399784673045,-1.1947399784673045,-1.1947399784673045,-1.1947399784673045,-1.1947399784673047,-1.1947399784673045,-1.1947399784673045,-1.3069478984929608,0.0,1.0,0.0,1.0,11808
-1.1947399784673045,-1.1947399784673045,-1.1947399784673047,-1.1947399784673045,-1.1947399784673045,-1.1947399784673045,-1.1947399784673045,-1.1947399784673047,-1.1947399784673045,-1.1947399784673045,-1.0090865960294784,0.0,1.0,1.0,0.0,11712
-1.1947399784673045,-1.1947399784673045,-1.1947399784673047,-1.1947399784673045,-1.1947399784673045,-1.1947399784673045,-1.1947399784673045,-1.1947399784673047,-1.1947399784673045,-1.1947399784673045,-1.1580172472612196,1.0,1.0,0.0,0.0,11284
-1.1947399784673045,-1.1947399784673045,-1.1947399784673047,-1.1947399784673045,-1.1947399784673045,-1.1947399784673045,-1.1947399784673045,-1.1947399784673047,-1.1947399784673045,-1.1947399784673045,-1.0090865960294784,1.0,1.0,1.0,0.0,12000
-1.1947399784673045,-1.1947399784673045,-1.1947399784673047,-1.1947399784673045,-1.1947399784673045,-1.1947399784673045,-1.1947399784673045,-1.1947399784673047,-1.1947399784673045,-1.1947399784673045,-1.3069478984929608,0.0,1.0,0.0,1.0,11772
-1.1947399784673045,-1.1947399784673045,-1.1947399784673047,-1.1947399784673045,-1.1947399784673045,-1.1947399784673045,-1.1947399784673045,-1.1947399784673047,-1.1947399784673045,-1.1947399784673045,-1.1580172472612196,1.0,1.0,0.0,0.0,11852
-1.1947399784673045,-1.1947399784673045,-1.1947399784673047,-1.1947399784673045,-1.1947399784673045,-1.1947399784673045,-1.1947399784673045,-1.1947399784673047,-1.1947399784673045,-1.1947399784673045,-1.0090865960294784,0.0,1.0,1.0,0.0,11180
-1.1947399784673045,-1.1947399784673045,-1.1947399784673047,-1.1947399784673045,-1.1947399784673045,-1.1947399784673045,-1.1947399784673045,-1.1947399784673047,-1.1947399784673045,-1.1947399784673045,-1.3069478984929608,1.0,1.0,0.0,1.0,10944
-1.1947399784673045,-1.1947399784673045,-1.1947399784673047,-1.1947399784673045,-1.1947399784673045,-1.1947399784673045,-1.1947399784673045,-1.1947399784673047,-1.1947399784673045,-1.1947399784673045,-1.1580172472612196,1.0,1.0,0.0,0.0,11766
-1.1947399784673045,-1.1947399784673045,-1.1947399784673047,-1.1947399784673045,-1.1947399784673045,-1.1947399784673045,-1.1947399784673045,-1.1947399784673047,-1.1947399784673045,-1.1947399784673045,-1.3069478984929608,0.0,1.0,0.0,1.0,11406
-1.1947399784673045,-1.1947399784673045,-1.1947399784673047,-1.1947399784673045,-1.1947399784673045,-1.1947399784673045,-1.1947399784673045,-1.1947399784673047,-1.1947399784673045,-1.1947399784673045,-1.0090865960294784,1.0,1.0,1.0,0.0,11816
-1.1947399784673045,-1.1947399784673045,-1.1947399784673047,-1.1947399784673045,-1.1947399784673045,-1.1947399784673045,-1.1947399784673045,-1.1947399784673047,-1.1947399784673045,-1.1947399784673045,-1.1580172472612196,0.0,0.0,0.0,0.0,11864
-1.1947399784673045,-1.1947399784673045,-1.1947399784673047,-1.1947399784673045,-1.1947399784673045,-1.1947399784673045,-1.1947399784673045,-1.1947399784673047,-1.1947399784673045,-1.1947399784673045,-1.0090865960294784,1.0,0.0,1.0,0.0,11054
-1.1947399784673045,-1.1947399784673045,-1.1947399784673047,-1.1947399784673045,-1.1947399784673045,-1.1947399784673045,-1.1947399784673045,-1.1947399784673047,-1.1947399784673045,-1.1947399784673045,-1.3069478984929608,0.0,0.0,0.0,1.0,10820
-1.1947399784673045,-1.1947399784673045,-1.1947399784673047,-1.1947399784673045,-1.1947399784673045,-1.1947399784673045,-1.1947399784673045,-1.1947399784673047,-1.1947399784673045,-1.1947399784673045,-1.1580172472612196,0.0,0.0,0.0,0.0,11446
-1.1947399784673045,-1.1947399784673045,-1.1947399784673047,-1.1947399784673045,-1.1947399784673045,-1.1947399784673045,-1.1947399784673045,-1.1947399784673047,-1.1947399784673045,-1.1947399784673045,-1.0090865960294784,1.0,0.0,1.0,0.0,10926
-1.1947399784673045,-1.1947399784673045,-1.1947399784673047,-1.1947399784673045,-1.1947399784673045,-1.1947399784673045,-1.1947399784673045,-1.1947399784673047,-1.1947399784673045,-1.1947399784673045,-1.3069478984929608,0.0,0.0,0.0,1.0,11256
-1.1947399784673045,-1.1947399784673045,-1.1947399784673047,-1.1947399784673045,-1.1947399784673045,-1.1947399784673045,-1.1947399784673045,-1.1947399784673047,-1.1947399784673045,-1.1947399784673045,-1.1580172472612196,1.0,0.0,0.0,0.0,11560
-1.1947399784673045,-1.1947399784673045,-1.1947399784673047,-1.1947399784673045,-1.1947399784673045,-1.1947399784673045,-1.1947399784673045,-1.1947399784673047,-1.1947399784673045,-1.1947399784673045,-1.3069478984929608,0.0,0.0,0.0,1.0,11288
-1.1947399784673045,-1.1947399784673045,-1.1947399784673047,-1.1947399784673045,-1.1947399784673045,-1.1947399784673045,-1.1947399784673045,-1.1947399784673047,-1.1947399784673045,-1.1947399784673045,-1.0090865960294784,1.0,0.0,1.0,0.0,11710
-1.1947399784673045,-1.1947399784673045,-1.1947399784673047,-1.1947399784673045,-1.1947399784673045,-1.1947399784673045,-1.1947399784673045,-1.1947399784673047,-1.1947399784673045,-1.1947399784673045,-1.0090865960294784,0.0,1.0,1.0,0.0,11746
-1.1947399784673045,-1.1947399784673045,-1.1947399784673047,-1.1947399784673045,-1.1947399784673045,-1.1947399784673045,-1.1947399784673045,-1.1947399784673047,-1.1947399784673045,-1.1947399784673045,-1.0090865960294784,1.0,1.0,1.0,0.0,11766
-1.1947399784673045,-1.1947399784673045,-1.1947399784673047,-1.1947399784673045,-1.1947399784673045,-1.1947399784673045,-1.1947399784673045,-1.1947399784673047,-1.1947399784673045,-1.1947399784673045,-1.0090865960294784,1.0,1.0,1.0,0.0,11816
-1.1947399784673045,-1.1947399784673045,-1.1947399784673047,-1.1947399784673045,-1.1947399784673045,-1.1947399784673045,-1.1947399784673045,-1.1947399784673047,-1.1947399784673045,-1.1947399784673045,-1.1580172472612196,1.0,1.0,0.0,0.0,11672
-1.1947399784673045,-1.1947399784673045,-1.1947399784673047,-1.1947399784673045,-1.1947399784673045,-1.1947399784673045,-1.1947399784673045,-1.1947399784673047,-1.1947399784673045,-1.1947399784673045,-1.0090865960294784,1.0,1.0,1.0,0.0,11722
-1.1947399784673045,-1.1947399784673045,-1.1947399784673047,-1.1947399784673045,-1.1947399784673045,-1.1947399784673045,-1.1947399784673045,-1.1947399784673047,-1.1947399784673045,-1.1947399784673045,-1.0090865960294784,0.0,1.0,1.0,0.0,10820
-1.1947399784673045,-1.1947399784673045,-1.1947399784673047,-1.1947399784673045,-1.1947399784673045,-1.1947399784673045,-1.1947399784673045,-1.1947399784673047,-1.1947399784673045,-1.1947399784673045,-1.0090865960294784,1.0,1.0,1.0,0.0,11446
-1.1947399784673045,-1.1947399784673045,-1.1947399784673047,-1.1947399784673045,-1.1947399784673045,-1.1947399784673045,-1.1947399784673045,-1.1947399784673047,-1.1947399784673045,-1.1947399784673045,-1.3069478984929608,1.0,1.0,0.0,1.0,11510
-1.1947399784673045,-1.1947399784673045,-1.1947399784673047,-1.1947399784673045,-1.1947399784673045,-1.1947399784673045,-1.1947399784673045,-1.1947399784673047,-1.1947399784673045,-1.1947399784673045,-1.3069478984929608,0.0,1.0,0.0,1.0,11256
-1.1947399784673045,-1.1947399784673045,-1.1947399784673047,-1.1947399784673045,-1.1947399784673045,-1.1947399784673045,-1.1947399784673045,-1.1947399784673047,-1.1947399784673045,-1.1947399784673045,-1.3069478984929608,1.0,1.0,0.0,1.0,10984
-1.1947399784673045,-1.1947399784673045,-1.1947399784673047,-1.1947399784673045,-1.1947399784673045,-1.1947399784673045,-1.1947399784673045,-1.1947399784673047,-1.1947399784673045,-1.1947399784673045,-1.0090865960294784,1.0,0.0,1.0,0.0,11726
-1.1947399784673045,-1.1947399784673045,-1.1947399784673047,-1.1947399784673045,-1.1947399784673045,-1.1947399784673045,-1.1947399784673045,-1.1947399784673047,-1.1947399784673045,-1.1947399784673045,-1.3069478984929608,0.0,0.0,0.0,1.0,11516
-1.1947399784673045,-1.1947399784673045,-1.1947399784673047,-1.1947399784673045,-1.1947399784673045,-1.1947399784673045,-1.1947399784673045,-1.1947399784673047,-1.1947399784673045,-1.1947399784673045,-1.1580172472612196,1.0,0.0,0.0,0.0,11746
-1.1947399784673045,-1.1947399784673045,-1.1947399784673047,-1.1947399784673045,-1.1947399784673045,-1.1947399784673045,-1.1947399784673045,-1.1947399784673047,-1.1947399784673045,-1.1947399784673045,-1.3069478984929608,1.0,0.0,0.0,1.0,11766
-1.1947399784673045,-1.1947399784673045,-1.1947399784673047,-1.1947399784673045,-1.1947399784673045,-1.1947399784673045,-1.1947399784673045,-1.1947399784673047,-1.1947399784673045,-1.1947399784673045,-1.3069478984929608,1.0,0.0,0.0,1.0,11928
-1.1947399784673045,-1.1947399784673045,-1.1947399784673047,-1.1947399784673045,-1.1947399784673045,-1.1947399784673045,-1.1947399784673045,-1.1947399784673047,-1.1947399784673045,-1.1947399784673045,-1.1580172472612196,0.0,0.0,0.0,0.0,11010
-1.1947399784673045,-1.1947399784673045,-1.1947399784673047,-1.1947399784673045,-1.1947399784673045,-1.1947399784673045,-1.1947399784673045,-1.1947399784673047,-1.1947399784673045,-1.1947399784673045,-1.0090865960294784,1.0,0.0,1.0,0.0,11054
-1.1947399784673045,-1.1947399784673045,-1.1947399784673047,-1.1947399784673045,-1.1947399784673045,-1.1947399784673045,-1.1947399784673045,-1.1947399784673047,-1.1947399784673045,-1.1947399784673045,-1.3069478984929608,1.0,0.0,0.0,1.0,10820
-1.1947399784673045,-1.1947399784673045,-1.1947399784673047,-1.1947399784673045,-1.1947399784673045,-1.1947399784673045,-1.1947399784673045,-1.1947399784673047,-1.1947399784673045,-1.1947399784673045,-1.1580172472612196,0.0,0.0,0.0,0.0,11760
-1.1947399784673045,-1.1947399784673045,-1.1947399784673047,-1.1947399784673045,-1.1947399784673045,-1.1947399784673045,-1.1947399784673045,-1.1947399784673047,-1.1947399784673045,-1.1947399784673045,-1.0090865960294784,0.0,0.0,1.0,0.0,10926
-1.1947399784673045,-1.1947399784673045,-1.1947399784673047,-1.1947399784673045,-1.1947399784673045,-1.1947399784673045,-1.1947399784673045,-1.1947399784673047,-1.1947399784673045,-1.1947399784673045,-1.3069478984929608,0.0,0.0,0.0,1.0,11686
-1.1947399784673045,-1.1947399784673045,-1.1947399784673047,-1.1947399784673045,-1.1947399784673045,-1.1947399784673045,-1.1947399784673045,-1.1947399784673047,-1.1947399784673045,-1.1947399784673045,-1.1580172472612196,0.0,1.0,0.0,0.0,11832
-1.1947399784673045,-1.1947399784673045,-1.1947399784673047,-1.1947399784673045,-1.1947399784673045,-1.1947399784673045,-1.1947399784673045,-1.1947399784673047,-1.1947399784673045,-1.1947399784673045,-1.3069478984929608,0.0,1.0,0.0,1.0,10906
-1.1947399784673045,-1.1947399784673045,-1.1947399784673047,-1.1947399784673045,-1.1947399784673045,-1.1947399784673045,-1.1947399784673045,-1.1947399784673047,-1.1947399784673045,-1.1947399784673045,-1.0090865960294784,0.0,1.0,1.0,0.0,11928
-1.1947399784673045,-1.1947399784673045,-1.1947399784673047,-1.1947399784673045,-1.1947399784673045,-1.1947399784673045,-1.1947399784673045,-1.1947399784673047,-1.1947399784673045,-1.1947399784673045,-1.1580172472612196,0.0,1.0,0.0,0.0,11746
-1.1947399784673045,-1.1947399784673045,-1.1947399784673047,-1.1947399784673045,-1.1947399784673045,-1.1947399784673045,-1.1947399784673045,-1.1947399784673047,-1.1947399784673045,-1.1947399784673045,-1.0090865960294784,1.0,1.0,1.0,0.0,11766
-1.1947399784673045,-1.1947399784673045,-1.1947399784673047,-1.1947399784673045,-1.1947399784673045,-1.1947399784673045,-1.1947399784673045,-1.1947399784673047,-1.1947399784673045,-1.1947399784673045,-1.3069478984929608,1.0,1.0,0.0,1.0,11552
-1.1947399784673045,-1.1947399784673045,-1.1947399784673047,-1.1947399784673045,-1.1947399784673045,-1.1947399784673045,-1.1947399784673045,-1.1947399784673047,-1.1947399784673045,-1.1947399784673045,-1.1580172472612196,1.0,1.0,0.0,0.0,11672
-1.1947399784673045,-1.1947399784673045,-1.1947399784673047,-1.1947399784673045,-1.1947399784673045,-1.1947399784673045,-1.1947399784673045,-1.1947399784673047,-1.1947399784673045,-1.1947399784673045,-1.0090865960294784,1.0,1.0,1.0,0.0,11054
-1.1947399784673045,-1.1947399784673045,-1.1947399784673047,-1.1947399784673045,-1.1947399784673045,-1.1947399784673045,-1.1947399784673045,-1.1947399784673047,-1.1947399784673045,-1.1947399784673045,-1.3069478984929608,1.0,1.0,0.0,1.0,11186
-1.1947399784673045,-1.1947399784673045,-1.1947399784673047,-1.1947399784673045,-1.1947399784673045,-1.1947399784673045,-1.1947399784673045,-1.1947399784673047,-1.1947399784673045,-1.1947399784673045,-1.1580172472612196,1.0,1.0,0.0,0.0,11446
-1.1947399784673045,-1.1947399784673045,-1.1947399784673047,-1.1947399784673045,-1.1947399784673045,-1.1947399784673045,-1.1947399784673045,-1.1947399784673047,-1.1947399784673045,-1.1947399784673045,-1.3069478984929608,1.0,1.0,0.0,1.0,10926
-1.1947399784673045,-1.1947399784673045,-1.1947399784673047,-1.1947399784673045,-1.1947399784673045,-1.1947399784673045,-1.1947399784673045,-1.1947399784673047,-1.1947399784673045,-1.1947399784673045,-1.0090865960294784,1.0,1.0,1.0,0.0,10984
-1.1947399784673045,-1.1947399784673045,-1.1947399784673047,-1.1947399784673045,-1.1947399784673045,-1.1947399784673045,-1.1947399784673045,-1.1947399784673047,-1.1947399784673045,-1.1947399784673045,-1.1580172472612196,0.0,0.0,0.0,0.0,11060
-1.1947399784673045,-1.1947399784673045,-1.1947399784673047,-1.1947399784673045,-1.1947399784673045,-1.1947399784673045,-1.1947399784673045,-1.1947399784673047,-1.1947399784673045,-1.1947399784673045,-1.0090865960294784,0.0,0.0,1.0,0.0,10906
-1.1947399784673045,-1.1947399784673045,-1.1947399784673047,-1.1947399784673045,-1.1947399784673045,-1.1947399784673045,-1.1947399784673045,-1.1947399784673047,-1.1947399784673045,-1.1947399784673045,-1.3069478984929608,0.0,0.0,0.0,1.0,11224
-1.1947399784673045,-1.1947399784673045,-1.1947399784673047,-1.1947399784673045,-1.1947399784673045,-1.1947399784673045,-1.1947399784673045,-1.1947399784673047,-1.1947399784673045,-1.1947399784673045,-1.1580172472612196,0.0,0.0,0.0,0.0,11746
-1.1947399784673045,-1.1947399784673045,-1.1947399784673047,-1.1947399784673045,-1.1947399784673045,-1.1947399784673045,-1.1947399784673045,-1.1947399784673047,-1.1947399784673045,-1.1947399784673045,-1.0090865960294784,0.0,0.0,1.0,0.0,11156
-1.1947399784673045,-1.1947399784673045,-1.1947399784673047,-1.1947399784673045,-1.1947399784673045,-1.1947399784673045,-1.1947399784673045,-1.1947399784673047,-1.1947399784673045,-1.1947399784673045,-1.3069478984929608,0.0,0.0,0.0,1.0,11816
-1.1947399784673045,-1.1947399784673045,-1.1947399784673047,-1.1947399784673045,-1.1947399784673045,-1.1947399784673045,-1.1947399784673045,-1.1947399784673047,-1.1947399784673045,-1.1947399784673045,-1.1580172472612196,0.0,0.0,0.0,0.0,11672
-1.1947399784673045,-1.1947399784673045,-1.1947399784673047,-1.1947399784673045,-1.1947399784673045,-1.1947399784673045,-1.1947399784673045,-1.1947399784673047,-1.1947399784673045,-1.1947399784673045,-1.3069478984929608,0.0,0.0,0.0,1.0,11054
-1.1947399784673045,-1.1947399784673045,-1.1947399784673047,-1.1947399784673045,-1.1947399784673045,-1.1947399784673045,-1.1947399784673045,-1.1947399784673047,-1.1947399784673045,-1.1947399784673045,-1.0090865960294784,1.0,0.0,1.0,0.0,11998
-1.1947399784673045,-1.1947399784673045,-1.1947399784673047,-1.1947399784673045,-1.1947399784673045,-1.1947399784673045,-1.1947399784673045,-1.1947399784673047,-1.1947399784673045,-1.1947399784673045,-1.0090865960294784,1.0,0.0,1.0,0.0,11446
-1.1947399784673045,-1.1947399784673045,-1.1947399784673047,-1.1947399784673045,-1.1947399784673045,-1.1947399784673045,-1.1947399784673045,-1.1947399784673047,-1.1947399784673045,-1.1947399784673045,-1.0090865960294784,1.0,1.0,1.0,0.0,11126
-1.1947399784673045,-1.1947399784673045,-1.1947399784673047,-1.1947399784673045,-1.1947399784673045,-1.1947399784673045,-1.1947399784673045,-1.1947399784673047,-1.1947399784673045,-1.1947399784673045,-1.0090865960294784,1.0,1.0,1.0,0.0,11726
-1.1947399784673045,-1.1947399784673045,-1.1947399784673047,-1.1947399784673045,-1.1947399784673045,-1.1947399784673045,-1.1947399784673045,-1.1947399784673047,-1.1947399784673045,-1.1947399784673045,-1.1580172472612196,1.0,1.0,0.0,0.0,11710
-1.1947399784673045,-1.1947399784673045,-1.1947399784673047,-1.1947399784673045,-1.1947399784673045,-1.1947399784673045,-1.1947399784673045,-1.1947399784673047,-1.1947399784673045,-1.1947399784673045,-1.0090865960294784,1.0,1.0,1.0,0.0,11652
-1.1947399784673045,-1.1947399784673045,-1.1947399784673047,-1.1947399784673045,-1.1947399784673045,-1.1947399784673045,-1.1947399784673045,-1.1947399784673047,-1.1947399784673045,-1.1947399784673045,-1.0090865960294784,1.0,1.0,1.0,0.0,11224
-1.1947399784673045,-1.1947399784673045,-1.1947399784673047,-1.1947399784673045,-1.1947399784673045,-1.1947399784673045,-1.1947399784673045,-1.1947399784673047,-1.1947399784673045,-1.1947399784673045,-1.0090865960294784,0.0,1.0,1.0,0.0,11746
-1.1947399784673045,-1.1947399784673045,-1.1947399784673047,-1.1947399784673045,-1.1947399784673045,-1.1947399784673045,-1.1947399784673045,-1.1947399784673047,-1.1947399784673045,-1.1947399784673045,-1.3069478984929608,1.0,1.0,0.0,1.0,11540
-1.1947399784673045,-1.1947399784673045,-1.1947399784673047,-1.1947399784673045,-1.1947399784673045,-1.1947399784673045,-1.1947399784673045,-1.1947399784673047,-1.1947399784673045,-1.1947399784673045,-1.3069478984929608,0.0,1.0,0.0,1.0,11672
-1.1947399784673045,-1.1947399784673045,-1.1947399784673047,-1.1947399784673045,-1.1947399784673045,-1.1947399784673045,-1.1947399784673045,-1.1947399784673047,-1.1947399784673045,-1.1947399784673045,-1.3069478984929608,1.0,1.0,0.0,1.0,11446
-1.1947399784673045,-1.1947399784673045,-1.1947399784673047,-1.1947399784673045,-1.1947399784673045,-1.1947399784673045,-1.1947399784673045,-1.1947399784673047,-1.1947399784673045,-1.1947399784673045,-1.0090865960294784,0.0,1.0,1.0,0.0,11430
-1.1947399784673045,-1.1947399784673045,-1.1947399784673047,-1.1947399784673045,-1.1947399784673045,-1.1947399784673045,-1.1947399784673045,-1.1947399784673047,-1.1947399784673045,-1.1947399784673045,-1.3069478984929608,0.0,1.0,0.0,1.0,11746
-1.1947399784673045,-1.1947399784673045,-1.1947399784673047,-1.1947399784673045,-1.1947399784673045,-1.1947399784673045,-1.1947399784673045,-1.1947399784673047,-1.1947399784673045,-1.1947399784673045,-1.1580172472612196,1.0,1.0,0.0,0.0,11446
-1.1947399784673045,-1.1947399784673045,-1.1947399784673047,-1.1947399784673045,-1.1947399784673045,-1.1947399784673045,-1.1947399784673045,-1.1947399784673047,-1.1947399784673045,-1.1947399784673045,-1.3069478984929608,0.0,1.0,0.0,1.0,11672
-1.1947399784673045,-1.1947399784673045,-1.1947399784673047,-1.1947399784673045,-1.1947399784673045,-1.1947399784673045,-1.1947399784673045,-1.1947399784673047,-1.1947399784673045,-1.1947399784673045,-1.3069478984929608,1.0,1.0,0.0,1.0,11446
-1.1947399784673045,-1.1947399784673045,-1.1947399784673047,-1.1947399784673045,-1.1947399784673045,-1.1947399784673045,-1.1947399784673045,-1.1947399784673047,-1.1947399784673045,-1.1947399784673045,-1.1580172472612196,0.0,1.0,0.0,0.0,11922
-1.1947399784673045,-1.1947399784673045,-1.1947399784673047,-1.1947399784673045,-1.1947399784673045,-1.1947399784673045,-1.1947399784673045,-1.1947399784673047,-1.1947399784673045,-1.1947399784673045,-1.0090865960294784,1.0,1.0,1.0,0.0,11746
-1.1947399784673045,-1.1947399784673045,-1.1947399784673047,-1.1947399784673045,-1.1947399784673045,-1.1947399784673045,-1.1947399784673045,-1.1947399784673047,-1.1947399784673045,-1.1947399784673045,-1.3069478984929608,0.0,1.0,0.0,1.0,11608
-1.1947399784673045,-1.1947399784673045,-1.1947399784673047,-1.1947399784673045,-1.1947399784673045,-1.1947399784673045,-1.1947399784673045,-1.1947399784673047,-1.1947399784673045,-1.1947399784673045,-1.1580172472612196,1.0,1.0,0.0,0.0,11446
-1.1947399784673045,-1.1947399784673045,-1.1947399784673047,-1.1947399784673045,-1.1947399784673045,-1.1947399784673045,-1.1947399784673045,-1.1947399784673047,-1.1947399784673045,-1.1947399784673045,-1.0090865960294784,1.0,1.0,1.0,0.0,11710
-1.1947399784673045,-1.1947399784673045,-1.1947399784673047,-1.1947399784673045,-1.1947399784673045,-1.1947399784673045,-1.1947399784673045,-1.1947399784673047,-1.1947399784673045,-1.1947399784673045,-1.3069478984929608,0.0,1.0,0.0,1.0,11556
-1.1947399784673045,-1.1947399784673045,-1.1947399784673047,-1.1947399784673045,-1.1947399784673045,-1.1947399784673045,-1.1947399784673045,-1.1947399784673047,-1.1947399784673045,-1.1947399784673045,-1.1580172472612196,1.0,1.0,0.0,0.0,11816
-1.1947399784673045,-1.1947399784673045,-1.1947399784673047,-1.1947399784673045,-1.1947399784673045,-1.1947399784673045,-1.1947399784673045,-1.1947399784673047,-1.1947399784673045,-1.1947399784673045,-1.3069478984929608,1.0,1.0,0.0,1.0,11938
-1.1947399784673045,-1.1947399784673045,-1.1947399784673047,-1.1947399784673045,-1.1947399784673045,-1.1947399784673045,-1.1947399784673045,-1.1947399784673047,-1.1947399784673045,-1.1947399784673045,-1.0090865960294784,0.0,1.0,1.0,0.0,10820
-1.1947399784673045,-1.1947399784673045,-1.1947399784673047,-1.1947399784673045,-1.1947399784673045,-1.1947399784673045,-1.1947399784673045,-1.1947399784673047,-1.1947399784673045,-1.1947399784673045,-1.1580172472612196,1.0,1.0,0.0,0.0,11256
-1.1947399784673045,-1.1947399784673045,-1.1947399784673047,-1.1947399784673045,-1.1947399784673045,-1.1947399784673045,-1.1947399784673045,-1.1947399784673047,-1.1947399784673045,-1.1947399784673045,-1.0090865960294784,1.0,1.0,1.0,0.0,11888
-1.1947399784673045,-1.1947399784673045,-1.1947399784673047,-1.1947399784673045,-1.1947399784673045,-1.1947399784673045,-1.1947399784673045,-1.1947399784673047,-1.1947399784673045,-1.1947399784673045,-1.3069478984929608,1.0,1.0,0.0,1.0,11832
-1.1947399784673045,-1.1947399784673045,-1.1947399784673047,-1.1947399784673045,-1.1947399784673045,-1.1947399784673045,-1.1947399784673045,-1.1947399784673047,-1.1947399784673045,-1.1947399784673045,-1.1580172472612196,1.0,1.0,0.0,0.0,11988
-1.1947399784673045,-1.1947399784673045,-1.1947399784673047,-1.1947399784673045,-1.1947399784673045,-1.1947399784673045,-1.1947399784673045,-1.1947399784673047,-1.1947399784673045,-1.1947399784673045,-1.0090865960294784,0.0,1.0,1.0,0.0,11710
-1.1947399784673045,-1.1947399784673045,-1.1947399784673047,-1.1947399784673045,-1.1947399784673045,-1.1947399784673045,-1.1947399784673045,-1.1947399784673047,-1.1947399784673045,-1.1947399784673045,-1.3069478984929608,1.0,1.0,0.0,1.0,11994
-1.1947399784673045,-1.1947399784673045,-1.1947399784673047,-1.1947399784673045,-1.1947399784673045,-1.1947399784673045,-1.1947399784673045,-1.1947399784673047,-1.1947399784673045,-1.1947399784673045,-1.1580172472612196,0.0,1.0,0.0,0.0,11224
-1.1947399784673045,-1.1947399784673045,-1.1947399784673047,-1.1947399784673045,-1.1947399784673045,-1.1947399784673045,-1.1947399784673045,-1.1947399784673047,-1.1947399784673045,-1.1947399784673045,-1.3069478984929608,1.0,1.0,0.0,1.0,11334
-1.1947399784673045,-1.1947399784673045,-1.1947399784673047,-1.1947399784673045,-1.1947399784673045,-1.1947399784673045,-1.1947399784673045,-1.1947399784673047,-1.1947399784673045,-1.1947399784673045,-1.0090865960294784,1.0,1.0,1.0,0.0,11710
-1.1947399784673045,-1.1947399784673045,-1.1947399784673047,-1.1947399784673045,-1.1947399784673045,-1.1947399784673045,-1.1947399784673045,-1.1947399784673047,-1.1947399784673045,-1.1947399784673045,-1.1580172472612196,0.0,1.0,0.0,0.0,11672
-1.1947399784673045,-1.1947399784673045,-1.1947399784673047,-1.1947399784673045,-1.1947399784673045,-1.1947399784673045,-1.1947399784673045,-1.1947399784673047,-1.1947399784673045,-1.1947399784673045,-1.0090865960294784,1.0,1.0,1.0,0.0,11040
-1.1947399784673045,-1.1947399784673045,-1.1947399784673047,-1.1947399784673045,-1.1947399784673045,-1.1947399784673045,-1.1947399784673045,-1.1947399784673047,-1.1947399784673045,-1.1947399784673045,-1.3069478984929608,0.0,1.0,0.0,1.0,11446
-1.1947399784673045,-1.1947399784673045,-1.1947399784673047,-1.1947399784673045,-1.1947399784673045,-1.1947399784673045,-1.1947399784673045,-1.1947399784673047,-1.1947399784673045,-1.1947399784673045,-1.1580172472612196,0.0,1.0,0.0,0.0,11238
-1.1947399784673045,-1.1947399784673045,-1.1947399784673047,-1.1947399784673045,-1.1947399784673045,-1.1947399784673045,-1.1947399784673045,-1.1947399784673047,-1.1947399784673045,-1.1947399784673045,-1.0090865960294784,1.0,0.0,1.0,0.0,11746
-1.1947399784673045,-1.1947399784673045,-1.1947399784673047,-1.1947399784673045,-1.1947399784673045,-1.1947399784673045,-1.1947399784673045,-1.1947399784673047,-1.1947399784673045,-1.1947399784673045,-1.3069478984929608,0.0,0.0,0.0,1.0,11938
-1.1947399784673045,-1.1947399784673045,-1.1947399784673047,-1.1947399784673045,-1.1947399784673045,-1.1947399784673045,-1.1947399784673045,-1.1947399784673047,-1.1947399784673045,-1.1947399784673045,-1.1580172472612196,0.0,0.0,0.0,0.0,11446
-1.1947399784673045,-1.1947399784673045,-1.1947399784673047,-1.1947399784673045,-1.1947399784673045,-1.1947399784673045,-1.1947399784673045,-1.1947399784673047,-1.1947399784673045,-1.1947399784673045,-1.3069478984929608,0.0,0.0,0.0,1.0,11832
-1.1947399784673045,-1.1947399784673045,-1.1947399784673047,-1.1947399784673045,-1.1947399784673045,-1.1947399784673045,-1.1947399784673045,-1.1947399784673047,-1.1947399784673045,-1.1947399784673045,-1.0090865960294784,0.0,0.0,1.0,0.0,11840
-1.1947399784673045,-1.1947399784673045,-1.1947399784673047,-1.1947399784673045,-1.1947399784673045,-1.1947399784673045,-1.1947399784673045,-1.1947399784673047,-1.1947399784673045,-1.1947399784673045,-1.0090865960294784,1.0,0.0,1.0,0.0,11090
-1.1947399784673045,-1.1947399784673045,-1.1947399784673047,-1.1947399784673045,-1.1947399784673045,-1.1947399784673045,-1.1947399784673045,-1.1947399784673047,-1.1947399784673045,-1.1947399784673045,-1.0090865960294784,0.0,0.0,1.0,0.0,11446
-1.1947399784673045,-1.1947399784673045,-1.1947399784673047,-1.1947399784673045,-1.1947399784673045,-1.1947399784673045,-1.1947399784673045,-1.1947399784673047,-1.1947399784673045,-1.1947399784673045,-1.0090865960294784,1.0,0.0,1.0,0.0,11938
-1.1947399784673045,-1.1947399784673045,-1.1947399784673047,-1.1947399784673045,-1.1947399784673045,-1.1947399784673045,-1.1947399784673045,-1.1947399784673047,-1.1947399784673045,-1.1947399784673045,-1.1580172472612196,1.0,0.0,0.0,0.0,11468
-1.1947399784673045,-1.1947399784673045,-1.1947399784673047,-1.1947399784673045,-1.1947399784673045,-1.1947399784673045,-1.1947399784673045,-1.1947399784673047,-1.1947399784673045,-1.1947399784673045,-1.0090865960294784,0.0,0.0,1.0,0.0,11040
-1.1947399784673045,-1.1947399784673045,-1.1947399784673047,-1.1947399784673045,-1.1947399784673045,-1.1947399784673045,-1.1947399784673045,-1.1947399784673047,-1.1947399784673045,-1.1947399784673045,-1.0090865960294784,1.0,0.0,1.0,0.0,11854
-1.1947399784673045,-1.1947399784673045,-1.1947399784673047,-1.1947399784673045,-1.1947399784673045,-1.1947399784673045,-1.1947399784673045,-1.1947399784673047,-1.1947399784673045,-1.1947399784673045,-1.0090865960294784,1.0,1.0,1.0,0.0,11038
-1.1947399784673045,-1.1947399784673045,-1.1947399784673047,-1.1947399784673045,-1.1947399784673045,-1.1947399784673045,-1.1947399784673045,-1.1947399784673047,-1.1947399784673045,-1.1947399784673045,-1.3069478984929608,1.0,1.0,0.0,1.0,11538
-1.1947399784673045,-1.1947399784673045,-1.1947399784673047,-1.1947399784673045,-1.1947399784673045,-1.1947399784673045,-1.1947399784673045,-1.1947399784673047,-1.1947399784673045,-1.1947399784673045,-1.3069478984929608,0.0,1.0,0.0,1.0,11190
-1.1947399784673045,-1.1947399784673045,-1.1947399784673047,-1.1947399784673045,-1.1947399784673045,-1.1947399784673045,-1.1947399784673045,-1.1947399784673047,-1.1947399784673045,-1.1947399784673045,-1.3069478984929608,0.0,1.0,0.0,1.0,11160
-1.1947399784673045,-1.1947399784673045,-1.1947399784673047,-1.1947399784673045,-1.1947399784673045,-1.1947399784673045,-1.1947399784673045,-1.1947399784673047,-1.1947399784673045,-1.1947399784673045,-1.0090865960294784,0.0,1.0,1.0,0.0,11348
-1.1947399784673045,-1.1947399784673045,-1.1947399784673047,-1.1947399784673045,-1.1947399784673045,-1.1947399784673045,-1.1947399784673045,-1.1947399784673047,-1.1947399784673045,-1.1947399784673045,-1.3069478984929608,1.0,1.0,0.0,1.0,11798
-1.1947399784673045,-1.1947399784673045,-1.1947399784673047,-1.1947399784673045,-1.1947399784673045,-1.1947399784673045,-1.1947399784673045,-1.1947399784673047,-1.1947399784673045,-1.1947399784673045,-1.1580172472612196,0.0,1.0,0.0,0.0,11246
-1.1947399784673045,-1.1947399784673045,-1.1947399784673047,-1.1947399784673045,-1.1947399784673045,-1.1947399784673045,-1.1947399784673045,-1.1947399784673047,-1.1947399784673045,-1.1947399784673045,-1.3069478984929608,1.0,1.0,0.0,1.0,11508
-1.1947399784673045,-1.1947399784673045,-1.1947399784673047,-1.1947399784673045,-1.1947399784673045,-1.1947399784673045,-1.1947399784673045,-1.1947399784673047,-1.1947399784673045,-1.1947399784673045,-1.3069478984929608,0.0,1.0,0.0,1.0,11040
-1.1947399784673045,-1.1947399784673045,-1.1947399784673047,-1.1947399784673045,-1.1947399784673045,-1.1947399784673045,-1.1947399784673045,-1.1947399784673047,-1.1947399784673045,-1.1947399784673045,-1.1580172472612196,0.0,1.0,0.0,0.0,11446
-1.1947399784673045,-1.1947399784673045,-1.1947399784673047,-1.1947399784673045,-1.1947399784673045,-1.1947399784673045,-1.1947399784673045,-1.1947399784673047,-1.1947399784673045,-1.1947399784673045,-1.0090865960294784,1.0,1.0,1.0,0.0,11040
-1.1947399784673045,-1.1947399784673045,-1.1947399784673047,-1.1947399784673045,-1.1947399784673045,-1.1947399784673045,-1.1947399784673045,-1.1947399784673047,-1.1947399784673045,-1.1947399784673045,-1.3069478984929608,1.0,1.0,0.0,1.0,11538
-1.1947399784673045,-1.1947399784673045,-1.1947399784673047,-1.1947399784673045,-1.1947399784673045,-1.1947399784673045,-1.1947399784673045,-1.1947399784673047,-1.1947399784673045,-1.1947399784673045,-1.1580172472612196,0.0,1.0,0.0,0.0,11348
-1.1947399784673045,-1.1947399784673045,-1.1947399784673047,-1.1947399784673045,-1.1947399784673045,-1.1947399784673045,-1.1947399784673045,-1.1947399784673047,-1.1947399784673045,-1.1947399784673045,-1.0090865960294784,1.0,1.0,1.0,0.0,11508
-1.1947399784673045,-1.1947399784673045,-1.1947399784673047,-1.1947399784673045,-1.1947399784673045,-1.1947399784673045,-1.1947399784673045,-1.1947399784673047,-1.1947399784673045,-1.1947399784673045,-1.3069478984929608,0.0,1.0,0.0,1.0,11746
-1.1947399784673045,-1.1947399784673045,-1.1947399784673047,-1.1947399784673045,-1.1947399784673045,-1.1947399784673045,-1.1947399784673045,-1.1947399784673047,-1.1947399784673045,-1.1947399784673045,-1.1580172472612196,1.0,1.0,0.0,0.0,11672
-1.1947399784673045,-1.1947399784673045,-1.1947399784673047,-1.1947399784673045,-1.1947399784673045,-1.1947399784673045,-1.1947399784673045,-1.1947399784673047,-1.1947399784673045,-1.1947399784673045,-1.3069478984929608,1.0,1.0,0.0,1.0,11446
-1.1947399784673045,-1.1947399784673045,-1.1947399784673047,-1.1947399784673045,-1.1947399784673045,-1.1947399784673045,-1.1947399784673045,-1.1947399784673047,-1.1947399784673045,-1.1947399784673045,-1.0090865960294784,0.0,1.0,1.0,0.0,11832
-1.1947399784673045,-1.1947399784673045,-1.1947399784673047,-1.1947399784673045,-1.1947399784673045,-1.1947399784673045,-1.1947399784673045,-1.1947399784673047,-1.1947399784673045,-1.1947399784673045,-1.1580172472612196,1.0,1.0,0.0,0.0,11746
-1.1947399784673045,-1.1947399784673045,-1.1947399784673047,-1.1947399784673045,-1.1947399784673045,-1.1947399784673045,-1.1947399784673045,-1.1947399784673047,-1.1947399784673045,-1.1947399784673045,-1.0090865960294784,0.0,1.0,1.0,0.0,11446
-1.1947399784673045,-1.1947399784673045,-1.1947399784673047,-1.1947399784673045,-1.1947399784673045,-1.1947399784673045,-1.1947399784673045,-1.1947399784673047,-1.1947399784673045,-1.1947399784673045,-1.3069478984929608,1.0,1.0,0.0,1.0,11816
-1.1947399784673045,-1.1947399784673045,-1.1947399784673047,-1.1947399784673045,-1.1947399784673045,-1.1947399784673045,-1.1947399784673045,-1.1947399784673047,-1.1947399784673045,-1.1947399784673045,-1.1580172472612196,0.0,1.0,0.0,0.0,11672
-1.1947399784673045,-1.1947399784673045,-1.1947399784673047,-1.1947399784673045,-1.1947399784673045,-1.1947399784673045,-1.1947399784673045,-1.1947399784673047,-1.1947399784673045,-1.1947399784673045,-1.0090865960294784,0.0,1.0,1.0,0.0,11054
-1.1947399784673045,-1.1947399784673045,-1.1947399784673047,-1.1947399784673045,-1.1947399784673045,-1.1947399784673045,-1.1947399784673045,-1.1947399784673047,-1.1947399784673045,-1.1947399784673045,-1.3069478984929608,1.0,1.0,0.0,1.0,10820
-1.1947399784673045,-1.1947399784673045,-1.1947399784673047,-1.1947399784673045,-1.1947399784673045,-1.1947399784673045,-1.1947399784673045,-1.1947399784673047,-1.1947399784673045,-1.1947399784673045,-1.1580172472612196,0.0,1.0,0.0,0.0,11446
-1.1947399784673045,-1.1947399784673045,-1.1947399784673047,-1.1947399784673045,-1.1947399784673045,-1.1947399784673045,-1.1947399784673045,-1.1947399784673047,-1.1947399784673045,-1.1947399784673045,-1.3069478984929608,1.0,1.0,0.0,1.0,10926
-1.1947399784673045,-1.1947399784673045,-1.1947399784673047,-1.1947399784673045,-1.1947399784673045,-1.1947399784673045,-1.1947399784673045,-1.1947399784673047,-1.1947399784673045,-1.1947399784673045,-1.0090865960294784,0.0,1.0,1.0,0.0,11256
-1.1947399784673045,-1.1947399784673045,-1.1947399784673047,-1.1947399784673045,-1.1947399784673045,-1.1947399784673045,-1.1947399784673045,-1.1947399784673047,-1.1947399784673045,-1.1947399784673045,-1.1580172472612196,1.0,1.0,0.0,0.0,10984
-1.1947399784673045,-1.1947399784673045,-1.1947399784673047,-1.1947399784673045,-1.1947399784673045,-1.1947399784673045,-1.1947399784673045,-1.1947399784673047,-1.1947399784673045,-1.1947399784673045,-1.0090865960294784,0.0,1.0,1.0,0.0,11832
-1.1947399784673045,-1.1947399784673045,-1.1947399784673047,-1.1947399784673045,-1.1947399784673045,-1.1947399784673045,-1.1947399784673045,-1.1947399784673047,-1.1947399784673045,-1.1947399784673045,-1.3069478984929608,1.0,1.0,0.0,1.0,11726
-1.1947399784673045,-1.1947399784673045,-1.1947399784673047,-1.1947399784673045,-1.1947399784673045,-1.1947399784673045,-1.1947399784673045,-1.1947399784673047,-1.1947399784673045,-1.1947399784673045,-1.1580172472612196,1.0,1.0,0.0,0.0,10906
-1.1947399784673045,-1.1947399784673045,-1.1947399784673047,-1.1947399784673045,-1.1947399784673045,-1.1947399784673045,-1.1947399784673045,-1.1947399784673047,-1.1947399784673045,-1.1947399784673045,-1.0090865960294784,1.0,0.0,1.0,0.0,11766
-1.1947399784673045,-1.1947399784673045,-1.1947399784673047,-1.1947399784673045,-1.1947399784673045,-1.1947399784673045,-1.1947399784673045,-1.1947399784673047,-1.1947399784673045,-1.1947399784673045,-1.3069478984929608,1.0,0.0,0.0,1.0,11672
-1.1947399784673045,-1.1947399784673045,-1.1947399784673047,-1.1947399784673045,-1.1947399784673045,-1.1947399784673045,-1.1947399784673045,-1.1947399784673047,-1.1947399784673045,-1.1947399784673045,-1.1580172472612196,0.0,0.0,0.0,0.0,11446
-1.1947399784673045,-1.1947399784673045,-1.1947399784673047,-1.1947399784673045,-1.1947399784673045,-1.1947399784673045,-1.1947399784673045,-1.1947399784673047,-1.1947399784673045,-1.1947399784673045,-1.3069478984929608,1.0,0.0,0.0,1.0,11784
-1.1947399784673045,-1.1947399784673045,-1.1947399784673047,-1.1947399784673045,-1.1947399784673045,-1.1947399784673045,-1.1947399784673045,-1.1947399784673047,-1.1947399784673045,-1.1947399784673045,-1.0090865960294784,1.0,0.0,1.0,0.0,11282
-1.1947399784673045,-1.1947399784673045,-1.1947399784673047,-1.1947399784673045,-1.1947399784673045,-1.1947399784673045,-1.1947399784673045,-1.1947399784673047,-1.1947399784673045,-1.1947399784673045,-1.0090865960294784,0.0,0.0,1.0,0.0,11512
-1.1947399784673045,-1.1947399784673045,-1.1947399784673047,-1.1947399784673045,-1.1947399784673045,-1.1947399784673045,-1.1947399784673045,-1.1947399784673047,-1.1947399784673045,-1.1947399784673045,-1.0090865960294784,1.0,0.0,1.0,0.0,11160
-1.1947399784673045,-1.1947399784673045,-1.1947399784673047,-1.1947399784673045,-1.1947399784673045,-1.1947399784673045,-1.1947399784673045,-1.1947399784673047,-1.1947399784673045,-1.1947399784673045,-1.0090865960294784,1.0,0.0,1.0,0.0,11050
-1.1947399784673045,-1.1947399784673045,-1.1947399784673047,-1.1947399784673045,-1.1947399784673045,-1.1947399784673045,-1.1947399784673045,-1.1947399784673047,-1.1947399784673045,-1.1947399784673045,-1.1580172472612196,0.0,0.0,0.0,0.0,11218
-1.1947399784673045,-1.1947399784673045,-1.1947399784673047,-1.1947399784673045,-1.1947399784673045,-1.1947399784673045,-1.1947399784673045,-1.1947399784673047,-1.1947399784673045,-1.1947399784673045,-1.0090865960294784,1.0,0.0,1.0,0.0,11714
-1.1947399784673045,-1.1947399784673045,-1.1947399784673047,-1.1947399784673045,-1.1947399784673045,-1.1947399784673045,-1.1947399784673045,-1.1947399784673047,-1.1947399784673045,-1.1947399784673045,-1.0090865960294784,1.0,0.0,1.0,0.0,11472
-1.1947399784673045,-1.1947399784673045,-1.1947399784673047,-1.1947399784673045,-1.1947399784673045,-1.1947399784673045,-1.1947399784673045,-1.1947399784673047,-1.1947399784673045,-1.1947399784673045,-1.0090865960294784,1.0,0.0,1.0,0.0,11290
-1.1947399784673045,-1.1947399784673045,-1.1947399784673047,-1.1947399784673045,-1.1947399784673045,-1.1947399784673045,-1.1947399784673045,-1.1947399784673047,-1.1947399784673045,-1.1947399784673045,-1.3069478984929608,0.0,0.0,0.0,1.0,11834
-1.1947399784673045,-1.1947399784673045,-1.1947399784673047,-1.1947399784673045,-1.1947399784673045,-1.1947399784673045,-1.1947399784673045,-1.1947399784673047,-1.1947399784673045,-1.1947399784673045,-1.3069478984929608,1.0,0.0,0.0,1.0,11334
-1.1947399784673045,-1.1947399784673045,-1.1947399784673047,-1.1947399784673045,-1.1947399784673045,-1.1947399784673045,-1.1947399784673045,-1.1947399784673047,-1.1947399784673045,-1.1947399784673045,-1.3069478984929608,1.0,0.0,0.0,1.0,11074
-1.1947399784673045,-1.1947399784673045,-1.1947399784673047,-1.1947399784673045,-1.1947399784673045,-1.1947399784673045,-1.1947399784673045,-1.1947399784673047,-1.1947399784673045,-1.1947399784673045,-1.0090865960294784,0.0,0.0,1.0,0.0,11966
-1.1947399784673045,-1.1947399784673045,-1.1947399784673047,-1.1947399784673045,-1.1947399784673045,-1.1947399784673045,-1.1947399784673045,-1.1947399784673047,-1.1947399784673045,-1.1947399784673045,-1.3069478984929608,0.0,1.0,0.0,1.0,11054
-1.1947399784673045,-1.1947399784673045,-1.1947399784673047,-1.1947399784673045,-1.1947399784673045,-1.1947399784673045,-1.1947399784673045,-1.1947399784673047,-1.1947399784673045,-1.1947399784673045,-1.1580172472612196,0.0,1.0,0.0,0.0,10820
-1.1947399784673045,-1.1947399784673045,-1.1947399784673047,-1.1947399784673045,-1.1947399784673045,-1.1947399784673045,-1.1947399784673045,-1.1947399784673047,-1.1947399784673045,-1.1947399784673045,-1.3069478984929608,0.0,1.0,0.0,1.0,11446
-1.1947399784673045,-1.1947399784673045,-1.1947399784673047,-1.1947399784673045,-1.1947399784673045,-1.1947399784673045,-1.1947399784673045,-1.1947399784673047,-1.1947399784673045,-1.1947399784673045,-1.3069478984929608,0.0,1.0,0.0,1.0,10926
-1.1947399784673045,-1.1947399784673045,-1.1947399784673047,-1.1947399784673045,-1.1947399784673045,-1.1947399784673045,-1.1947399784673045,-1.1947399784673047,-1.1947399784673045,-1.1947399784673045,-1.1580172472612196,0.0,1.0,0.0,0.0,11256
-1.1947399784673045,-1.1947399784673045,-1.1947399784673047,-1.1947399784673045,-1.1947399784673045,-1.1947399784673045,-1.1947399784673045,-1.1947399784673047,-1.1947399784673045,-1.1947399784673045,-1.0090865960294784,0.0,1.0,1.0,0.0,11832
-1.1947399784673045,-1.1947399784673045,-1.1947399784673047,-1.1947399784673045,-1.1947399784673045,-1.1947399784673045,-1.1947399784673045,-1.1947399784673047,-1.1947399784673045,-1.1947399784673045,-1.3069478984929608,1.0,1.0,0.0,1.0,10906
-1.1947399784673045,-1.1947399784673045,-1.1947399784673047,-1.1947399784673045,-1.1947399784673045,-1.1947399784673045,-1.1947399784673045,-1.1947399784673047,-1.1947399784673045,-1.1947399784673045,-1.1580172472612196,1.0,1.0,0.0,0.0,11224
-1.1947399784673045,-1.1947399784673045,-1.1947399784673047,-1.1947399784673045,-1.1947399784673045,-1.1947399784673045,-1.1947399784673045,-1.1947399784673047,-1.1947399784673045,-1.1947399784673045,-1.0090865960294784,1.0,0.0,1.0,0.0,11746
-1.1947399784673045,-1.1947399784673045,-1.1947399784673047,-1.1947399784673045,-1.1947399784673045,-1.1947399784673045,-1.1947399784673045,-1.1947399784673047,-1.1947399784673045,-1.1947399784673045,-1.3069478984929608,1.0,0.0,0.0,1.0,11766
-1.1947399784673045,-1.1947399784673045,-1.1947399784673047,-1.1947399784673045,-1.1947399784673045,-1.1947399784673045,-1.1947399784673045,-1.1947399784673047,-1.1947399784673045,-1.1947399784673045,-1.1580172472612196,1.0,0.0,0.0,0.0,11672
-1.1947399784673045,-1.1947399784673045,-1.1947399784673047,-1.1947399784673045,-1.1947399784673045,-1.1947399784673045,-1.1947399784673045,-1.1947399784673047,-1.1947399784673045,-1.1947399784673045,-1.3069478984929608,1.0,0.0,0.0,1.0,11282
-1.1947399784673045,-1.1947399784673045,-1.1947399784673047,-1.1947399784673045,-1.1947399784673045,-1.1947399784673045,-1.1947399784673045,-1.1947399784673047,-1.1947399784673045,-1.1947399784673045,-1.0090865960294784,1.0,0.0,1.0,0.0,11050
-1.1947399784673045,-1.1947399784673045,-1.1947399784673047,-1.1947399784673045,-1.1947399784673045,-1.1947399784673045,-1.1947399784673045,-1.1947399784673047,-1.1947399784673045,-1.1947399784673045,-1.1580172472612196,1.0,0.0,0.0,0.0,11472
-1.1947399784673045,-1.1947399784673045,-1.1947399784673047,-1.1947399784673045,-1.1947399784673045,-1.1947399784673045,-1.1947399784673045,-1.1947399784673047,-1.1947399784673045,-1.1947399784673045,-1.0090865960294784,0.0,0.0,1.0,0.0,11334
-1.1947399784673045,-1.1947399784673045,-1.1947399784673047,-1.1947399784673045,-1.1947399784673045,-1.1947399784673045,-1.1947399784673045,-1.1947399784673047,-1.1947399784673045,-1.1947399784673045,-1.3069478984929608,0.0,0.0,0.0,1.0,11446
-1.1947399784673045,-1.1947399784673045,-1.1947399784673047,-1.1947399784673045,-1.1947399784673045,-1.1947399784673045,-1.1947399784673045,-1.1947399784673047,-1.1947399784673045,-1.1947399784673045,-1.1580172472612196,0.0,0.0,0.0,0.0,11746
-1.1947399784673045,-1.1947399784673045,-1.1947399784673047,-1.1947399784673045,-1.1947399784673045,-1.1947399784673045,-1.1947399784673045,-1.1947399784673047,-1.1947399784673045,-1.1947399784673045,-1.0090865960294784,0.0,1.0,1.0,0.0,11832
-1.1947399784673045,-1.1947399784673045,-1.1947399784673047,-1.1947399784673045,-1.1947399784673045,-1.1947399784673045,-1.1947399784673045,-1.1947399784673047,-1.1947399784673045,-1.1947399784673045,-1.3069478984929608,1.0,1.0,0.0,1.0,11746
-1.1947399784673045,-1.1947399784673045,-1.1947399784673047,-1.1947399784673045,-1.1947399784673045,-1.1947399784673045,-1.1947399784673045,-1.1947399784673047,-1.1947399784673045,-1.1947399784673045,-1.1580172472612196,0.0,1.0,0.0,0.0,11672
-1.1947399784673045,-1.1947399784673045,-1.1947399784673047,-1.1947399784673045,-1.1947399784673045,-1.1947399784673045,-1.1947399784673045,-1.1947399784673047,-1.1947399784673045,-1.1947399784673045,-1.3069478984929608,0.0,1.0,0.0,1.0,11446
-1.1947399784673045,-1.1947399784673045,-1.1947399784673047,-1.1947399784673045,-1.1947399784673045,-1.1947399784673045,-1.1947399784673045,-1.1947399784673047,-1.1947399784673045,-1.1947399784673045,-1.0090865960294784,0.0,1.0,1.0,0.0,11710
-1.1947399784673045,-1.1947399784673045,-1.1947399784673047,-1.1947399784673045,-1.1947399784673045,-1.1947399784673045,-1.1947399784673045,-1.1947399784673047,-1.1947399784673045,-1.1947399784673045,-1.1580172472612196,1.0,1.0,0.0,0.0,11746
-1.1947399784673045,-1.1947399784673045,-1.1947399784673047,-1.1947399784673045,-1.1947399784673045,-1.1947399784673045,-1.1947399784673045,-1.1947399784673047,-1.1947399784673045,-1.1947399784673045,-1.0090865960294784,1.0,1.0,1.0,0.0,11816
-1.1947399784673045,-1.1947399784673045,-1.1947399784673047,-1.1947399784673045,-1.1947399784673045,-1.1947399784673045,-1.1947399784673045,-1.1947399784673047,-1.1947399784673045,-1.1947399784673045,-1.3069478984929608,1.0,1.0,0.0,1.0,11672
-1.1947399784673045,-1.1947399784673045,-1.1947399784673047,-1.1947399784673045,-1.1947399784673045,-1.1947399784673045,-1.1947399784673045,-1.1947399784673047,-1.1947399784673045,-1.1947399784673045,-1.1580172472612196,1.0,1.0,0.0,0.0,11054
-1.1947399784673045,-1.1947399784673045,-1.1947399784673047,-1.1947399784673045,-1.1947399784673045,-1.1947399784673045,-1.1947399784673045,-1.1947399784673047,-1.1947399784673045,-1.1947399784673045,-1.0090865960294784,1.0,1.0,1.0,0.0,10820
-1.1947399784673045,-1.1947399784673045,-1.1947399784673047,-1.1947399784673045,-1.1947399784673045,-1.1947399784673045,-1.1947399784673045,-1.1947399784673047,-1.1947399784673045,-1.1947399784673045,-1.3069478984929608,1.0,1.0,0.0,1.0,11310
-1.1947399784673045,-1.1947399784673045,-1.1947399784673047,-1.1947399784673045,-1.1947399784673045,-1.1947399784673045,-1.1947399784673045,-1.1947399784673047,-1.1947399784673045,-1.1947399784673045,-1.1580172472612196,1.0,1.0,0.0,0.0,11544
-1.1947399784673045,-1.1947399784673045,-1.1947399784673047,-1.1947399784673045,-1.1947399784673045,-1.1947399784673045,-1.1947399784673045,-1.1947399784673047,-1.1947399784673045,-1.1947399784673045,-1.3069478984929608,0.0,1.0,0.0,1.0,11268
-1.1947399784673045,-1.1947399784673045,-1.1947399784673047,-1.1947399784673045,-1.1947399784673045,-1.1947399784673045,-1.1947399784673045,-1.1947399784673047,-1.1947399784673045,-1.1947399784673045,-1.0090865960294784,1.0,1.0,1.0,0.0,11424
-1.1947399784673045,-1.1947399784673045,-1.1947399784673047,-1.1947399784673045,-1.1947399784673045,-1.1947399784673045,-1.1947399784673045,-1.1947399784673047,-1.1947399784673045,-1.1947399784673045,-1.0090865960294784,0.0,1.0,1.0,0.0,11520
-1.1947399784673045,-1.1947399784673045,-1.1947399784673047,-1.1947399784673045,-1.1947399784673045,-1.1947399784673045,-1.1947399784673045,-1.1947399784673047,-1.1947399784673045,-1.1947399784673045,-1.0090865960294784,1.0,1.0,1.0,0.0,11702
-1.1947399784673045,-1.1947399784673045,-1.1947399784673047,-1.1947399784673045,-1.1947399784673045,-1.1947399784673045,-1.1947399784673045,-1.1947399784673047,-1.1947399784673045,-1.1947399784673045,-1.0090865960294784,0.0,1.0,1.0,0.0,11862
-1.1947399784673045,-1.1947399784673045,-1.1947399784673047,-1.1947399784673045,-1.1947399784673045,-1.1947399784673045,-1.1947399784673045,-1.1947399784673047,-1.1947399784673045,-1.1947399784673045,-1.1580172472612196,0.0,1.0,0.0,0.0,11932
-1.1947399784673045,-1.1947399784673045,-1.1947399784673047,-1.1947399784673045,-1.1947399784673045,-1.1947399784673045,-1.1947399784673045,-1.1947399784673047,-1.1947399784673045,-1.1947399784673045,-1.0090865960294784,1.0,0.0,1.0,0.0,11452
-1.1947399784673045,-1.1947399784673045,-1.1947399784673047,-1.1947399784673045,-1.1947399784673045,-1.1947399784673045,-1.1947399784673045,-1.1947399784673047,-1.1947399784673045,-1.1947399784673045,-1.0090865960294784,0.0,0.0,1.0,0.0,11280
-1.1947399784673045,-1.1947399784673045,-1.1947399784673047,-1.1947399784673045,-1.1947399784673045,-1.1947399784673045,-1.1947399784673045,-1.1947399784673047,-1.1947399784673045,-1.1947399784673045,-1.0090865960294784,1.0,0.0,1.0,0.0,11612
-1.1947399784673045,-1.1947399784673045,-1.1947399784673047,-1.1947399784673045,-1.1947399784673045,-1.1947399784673045,-1.1947399784673045,-1.1947399784673047,-1.1947399784673045,-1.1947399784673045,-1.3069478984929608,0.0,0.0,0.0,1.0,11534
-1.1947399784673045,-1.1947399784673045,-1.1947399784673047,-1.1947399784673045,-1.1947399784673045,-1.1947399784673045,-1.1947399784673045,-1.1947399784673047,-1.1947399784673045,-1.1947399784673045,-1.3069478984929608,1.0,0.0,0.0,1.0,11364
-1.1947399784673045,-1.1947399784673045,-1.1947399784673047,-1.1947399784673045,-1.1947399784673045,-1.1947399784673045,-1.1947399784673045,-1.1947399784673047,-1.1947399784673045,-1.1947399784673045,-1.3069478984929608,0.0,0.0,0.0,1.0,11602
-1.1947399784673045,-1.1947399784673045,-1.1947399784673047,-1.1947399784673045,-1.1947399784673045,-1.1947399784673045,-1.1947399784673045,-1.1947399784673047,-1.1947399784673045,-1.1947399784673045,-1.0090865960294784,1.0,0.0,1.0,0.0,11346
-1.1947399784673045,-1.1947399784673045,-1.1947399784673047,-1.1947399784673045,-1.1947399784673045,-1.1947399784673045,-1.1947399784673045,-1.1947399784673047,-1.1947399784673045,-1.1947399784673045,-1.3069478984929608,1.0,0.0,0.0,1.0,11454
-1.1947399784673045,-1.1947399784673045,-1.1947399784673047,-1.1947399784673045,-1.1947399784673045,-1.1947399784673045,-1.1947399784673045,-1.1947399784673047,-1.1947399784673045,-1.1947399784673045,-1.1580172472612196,0.0,0.0,0.0,0.0,11646
-1.1947399784673045,-1.1947399784673045,-1.1947399784673047,-1.1947399784673045,-1.1947399784673045,-1.1947399784673045,-1.1947399784673045,-1.1947399784673047,-1.1947399784673045,-1.1947399784673045,-1.3069478984929608,1.0,0.0,0.0,1.0,11884
-1.1947399784673045,-1.1947399784673045,-1.1947399784673047,-1.1947399784673045,-1.1947399784673045,-1.1947399784673045,-1.1947399784673045,-1.1947399784673047,-1.1947399784673045,-1.1947399784673045,-1.3069478984929608,1.0,1.0,0.0,1.0,11574
-1.1947399784673045,-1.1947399784673045,-1.1947399784673047,-1.1947399784673045,-1.1947399784673045,-1.1947399784673045,-1.1947399784673045,-1.1947399784673047,-1.1947399784673045,-1.1947399784673045,-1.1580172472612196,0.0,1.0,0.0,0.0,11814
-1.1947399784673045,-1.1947399784673045,-1.1947399784673047,-1.1947399784673045,-1.1947399784673045,-1.1947399784673045,-1.1947399784673045,-1.1947399784673047,-1.1947399784673045,-1.1947399784673045,-1.0090865960294784,1.0,1.0,1.0,0.0,11514
-1.1947399784673045,-1.1947399784673045,-1.1947399784673047,-1.1947399784673045,-1.1947399784673045,-1.1947399784673045,-1.1947399784673045,-1.1947399784673047,-1.1947399784673045,-1.1947399784673045,-1.3069478984929608,1.0,1.0,0.0,1.0,11734
-1.1947399784673045,-1.1947399784673045,-1.1947399784673047,-1.1947399784673045,-1.1947399784673045,-1.1947399784673045,-1.1947399784673045,-1.1947399784673047,-1.1947399784673045,-1.1947399784673045,-1.1580172472612196,1.0,1.0,0.0,0.0,11940
-1.1947399784673045,-1.1947399784673045,-1.1947399784673047,-1.1947399784673045,-1.1947399784673045,-1.1947399784673045,-1.1947399784673045,-1.1947399784673047,-1.1947399784673045,-1.1947399784673045,-1.0090865960294784,1.0,1.0,1.0,0.0,11994
-1.1947399784673045,-1.1947399784673045,-1.1947399784673047,-1.1947399784673045,-1.1947399784673045,-1.1947399784673045,-1.1947399784673045,-1.1947399784673047,-1.1947399784673045,-1.1947399784673045,-1.3069478984929608,0.0,1.0,0.0,1.0,11444
-1.1947399784673045,-1.1947399784673045,-1.1947399784673047,-1.1947399784673045,-1.1947399784673045,-1.1947399784673045,-1.1947399784673045,-1.1947399784673047,-1.1947399784673045,-1.1947399784673045,-1.1580172472612196,1.0,1.0,0.0,0.0,10984
-1.1947399784673045,-1.1947399784673045,-1.1947399784673047,-1.1947399784673045,-1.1947399784673045,-1.1947399784673045,-1.1947399784673045,-1.1947399784673047,-1.1947399784673045,-1.1947399784673045,-1.3069478984929608,0.0,1.0,0.0,1.0,11832
-1.1947399784673045,-1.1947399784673045,-1.1947399784673047,-1.1947399784673045,-1.1947399784673045,-1.1947399784673045,-1.1947399784673045,-1.1947399784673047,-1.1947399784673045,-1.1947399784673045,-1.0090865960294784,1.0,1.0,1.0,0.0,11726
-1.1947399784673045,-1.1947399784673045,-1.1947399784673047,-1.1947399784673045,-1.1947399784673045,-1.1947399784673045,-1.1947399784673045,-1.1947399784673047,-1.1947399784673045,-1.1947399784673045,-1.1580172472612196,1.0,1.0,0.0,0.0,11710
-1.1947399784673045,-1.1947399784673045,-1.1947399784673047,-1.1947399784673045,-1.1947399784673045,-1.1947399784673045,-1.1947399784673045,-1.1947399784673047,-1.1947399784673045,-1.1947399784673045,-1.0090865960294784,0.0,0.0,1.0,0.0,10906
-1.1947399784673045,-1.1947399784673045,-1.1947399784673047,-1.1947399784673045,-1.1947399784673045,-1.1947399784673045,-1.1947399784673045,-1.1947399784673047,-1.1947399784673045,-1.1947399784673045,-1.3069478984929608,1.0,0.0,0.0,1.0,11224
-1.1947399784673045,-1.1947399784673045,-1.1947399784673047,-1.1947399784673045,-1.1947399784673045,-1.1947399784673045,-1.1947399784673045,-1.1947399784673047,-1.1947399784673045,-1.1947399784673045,-1.1580172472612196,0.0,0.0,0.0,0.0,11746
-1.1947399784673045,-1.1947399784673045,-1.1947399784673047,-1.1947399784673045,-1.1947399784673045,-1.1947399784673045,-1.1947399784673045,-1.1947399784673047,-1.1947399784673045,-1.1947399784673045,-1.0090865960294784,0.0,0.0,1.0,0.0,11766
-1.1947399784673045,-1.1947399784673045,-1.1947399784673047,-1.1947399784673045,-1.1947399784673045,-1.1947399784673045,-1.1947399784673045,-1.1947399784673047,-1.1947399784673045,-1.1947399784673045,-1.3069478984929608,1.0,0.0,0.0,1.0,11446
-1.1947399784673045,-1.1947399784673045,-1.1947399784673047,-1.1947399784673045,-1.1947399784673045,-1.1947399784673045,-1.1947399784673045,-1.1947399784673047,-1.1947399784673045,-1.1947399784673045,-1.1580172472612196,0.0,0.0,0.0,0.0,11672
-1.1947399784673045,-1.1947399784673045,-1.1947399784673047,-1.1947399784673045,-1.1947399784673045,-1.1947399784673045,-1.1947399784673045,-1.1947399784673047,-1.1947399784673045,-1.1947399784673045,-1.3069478984929608,0.0,0.0,0.0,1.0,11446
-1.1947399784673045,-1.1947399784673045,-1.1947399784673047,-1.1947399784673045,-1.1947399784673045,-1.1947399784673045,-1.1947399784673045,-1.1947399784673047,-1.1947399784673045,-1.1947399784673045,-1.0090865960294784,0.0,0.0,1.0,0.0,10984
-1.1947399784673045,-1.1947399784673045,-1.1947399784673047,-1.1947399784673045,-1.1947399784673045,-1.1947399784673045,-1.1947399784673045,-1.1947399784673047,-1.1947399784673045,-1.1947399784673045,-1.1580172472612196,0.0,0.0,0.0,0.0,11746
-1.1947399784673045,-1.1947399784673045,-1.1947399784673047,-1.1947399784673045,-1.1947399784673045,-1.1947399784673045,-1.1947399784673045,-1.1947399784673047,-1.1947399784673045,-1.1947399784673045,-1.0090865960294784,1.0,0.0,1.0,0.0,11672
-1.1947399784673045,-1.1947399784673045,-1.1947399784673047,-1.1947399784673045,-1.1947399784673045,-1.1947399784673045,-1.1947399784673045,-1.1947399784673047,-1.1947399784673045,-1.1947399784673045,-1.3069478984929608,0.0,1.0,0.0,1.0,11446
-1.1947399784673045,-1.1947399784673045,-1.1947399784673047,-1.1947399784673045,-1.1947399784673045,-1.1947399784673045,-1.1947399784673045,-1.1947399784673047,-1.1947399784673045,-1.1947399784673045,-1.1580172472612196,1.0,1.0,0.0,0.0,11832
-1.1947399784673045,-1.1947399784673045,-1.1947399784673047,-1.1947399784673045,-1.1947399784673045,-1.1947399784673045,-1.1947399784673045,-1.1947399784673047,-1.1947399784673045,-1.1947399784673045,-1.0090865960294784,1.0,1.0,1.0,0.0,11746
-1.1947399784673045,-1.1947399784673045,-1.1947399784673047,-1.1947399784673045,-1.1947399784673045,-1.1947399784673045,-1.1947399784673045,-1.1947399784673047,-1.1947399784673045,-1.1947399784673045,-1.3069478984929608,0.0,1.0,0.0,1.0,11672
-1.1947399784673045,-1.1947399784673045,-1.1947399784673047,-1.1947399784673045,-1.1947399784673045,-1.1947399784673045,-1.1947399784673045,-1.1947399784673047,-1.1947399784673045,-1.1947399784673045,-1.1580172472612196,1.0,1.0,0.0,0.0,11446
-1.1947399784673045,-1.1947399784673045,-1.1947399784673047,-1.1947399784673045,-1.1947399784673045,-1.1947399784673045,-1.1947399784673045,-1.1947399784673047,-1.1947399784673045,-1.1947399784673045,-1.3069478984929608,1.0,1.0,0.0,1.0,11746
-1.1947399784673045,-1.1947399784673045,-1.1947399784673047,-1.1947399784673045,-1.1947399784673045,-1.1947399784673045,-1.1947399784673045,-1.1947399784673047,-1.1947399784673045,-1.1947399784673045,-1.0090865960294784,1.0,1.0,1.0,0.0,11816
-1.1947399784673045,-1.1947399784673045,-1.1947399784673047,-1.1947399784673045,-1.1947399784673045,-1.1947399784673045,-1.1947399784673045,-1.1947399784673047,-1.1947399784673045,-1.1947399784673045,-1.0090865960294784,0.0,1.0,1.0,0.0,11672
-1.1947399784673045,-1.1947399784673045,-1.1947399784673047,-1.1947399784673045,-1.1947399784673045,-1.1947399784673045,-1.1947399784673045,-1.1947399784673047,-1.1947399784673045,-1.1947399784673045,-1.0090865960294784,0.0,1.0,1.0,0.0,11054
-1.1947399784673045,-1.1947399784673045,-1.1947399784673047,-1.1947399784673045,-1.1947399784673045,-1.1947399784673045,-1.1947399784673045,-1.1947399784673047,-1.1947399784673045,-1.1947399784673045,-1.0090865960294784,0.0,1.0,1.0,0.0,10820
-1.1947399784673045,-1.1947399784673045,-1.1947399784673047,-1.1947399784673045,-1.1947399784673045,-1.1947399784673045,-1.1947399784673045,-1.1947399784673047,-1.1947399784673045,-1.1947399784673045,-1.1580172472612196,1.0,1.0,0.0,0.0,11446
-1.1947399784673045,-1.1947399784673045,-1.1947399784673047,-1.1947399784673045,-1.1947399784673045,-1.1947399784673045,-1.1947399784673045,-1.1947399784673047,-1.1947399784673045,-1.1947399784673045,-1.0090865960294784,0.0,1.0,1.0,0.0,10926
-1.1947399784673045,-1.1947399784673045,-1.1947399784673047,-1.1947399784673045,-1.1947399784673045,-1.1947399784673045,-1.1947399784673045,-1.1947399784673047,-1.1947399784673045,-1.1947399784673045,-1.0090865960294784,1.0,1.0,1.0,0.0,11256
-1.1947399784673045,-1.1947399784673045,-1.1947399784673047,-1.1947399784673045,-1.1947399784673045,-1.1947399784673045,-1.1947399784673045,-1.1947399784673047,-1.1947399784673045,-1.1947399784673045,-1.0090865960294784,0.0,0.0,1.0,0.0,10984
-1.1947399784673045,-1.1947399784673045,-1.1947399784673047,-1.1947399784673045,-1.1947399784673045,-1.1947399784673045,-1.1947399784673045,-1.1947399784673047,-1.1947399784673045,-1.1947399784673045,-1.3069478984929608,0.0,0.0,0.0,1.0,11832
-1.1947399784673045,-1.1947399784673045,-1.1947399784673047,-1.1947399784673045,-1.1947399784673045,-1.1947399784673045,-1.1947399784673045,-1.1947399784673047,-1.1947399784673045,-1.1947399784673045,-1.3069478984929608,1.0,0.0,0.0,1.0,11726
-1.1947399784673045,-1.1947399784673045,-1.1947399784673047,-1.1947399784673045,-1.1947399784673045,-1.1947399784673045,-1.1947399784673045,-1.1947399784673047,-1.1947399784673045,-1.1947399784673045,-1.3069478984929608,1.0,0.0,0.0,1.0,10906
-1.1947399784673045,-1.1947399784673045,-1.1947399784673047,-1.1947399784673045,-1.1947399784673045,-1.1947399784673045,-1.1947399784673045,-1.1947399784673047,-1.1947399784673045,-1.1947399784673045,-1.0090865960294784,0.0,0.0,1.0,0.0,11766
-1.1947399784673045,-1.1947399784673045,-1.1947399784673047,-1.1947399784673045,-1.1947399784673045,-1.1947399784673045,-1.1947399784673045,-1.1947399784673047,-1.1947399784673045,-1.1947399784673045,-1.3069478984929608,1.0,0.0,0.0,1.0,11672
-1.1947399784673045,-1.1947399784673045,-1.1947399784673047,-1.1947399784673045,-1.1947399784673045,-1.1947399784673045,-1.1947399784673045,-1.1947399784673047,-1.1947399784673045,-1.1947399784673045,-1.1580172472612196,0.0,0.0,0.0,0.0,11446
-1.1947399784673045,-1.1947399784673045,-1.1947399784673047,-1.1947399784673045,-1.1947399784673045,-1.1947399784673045,-1.1947399784673045,-1.1947399784673047,-1.1947399784673045,-1.1947399784673045,-1.3069478984929608,1.0,0.0,0.0,1.0,10984
-1.1947399784673045,-1.1947399784673045,-1.1947399784673047,-1.1947399784673045,-1.1947399784673045,-1.1947399784673045,-1.1947399784673045,-1.1947399784673047,-1.1947399784673045,-1.1947399784673045,-1.3069478984929608,1.0,0.0,0.0,1.0,11746
-1.1947399784673045,-1.1947399784673045,-1.1947399784673047,-1.1947399784673045,-1.1947399784673045,-1.1947399784673045,-1.1947399784673045,-1.1947399784673047,-1.1947399784673045,-1.1947399784673045,-1.1580172472612196,0.0,0.0,0.0,0.0,11672
-1.1947399784673045,-1.1947399784673045,-1.1947399784673047,-1.1947399784673045,-1.1947399784673045,-1.1947399784673045,-1.1947399784673045,-1.1947399784673047,-1.1947399784673045,-1.1947399784673045,-1.0090865960294784,1.0,0.0,1.0,0.0,11446
-1.1947399784673045,-1.1947399784673045,-1.1947399784673047,-1.1947399784673045,-1.1947399784673045,-1.1947399784673045,-1.1947399784673045,-1.1947399784673047,-1.1947399784673045,-1.1947399784673045,-1.3069478984929608,0.0,1.0,0.0,1.0,10984
-1.1947399784673045,-1.1947399784673045,-1.1947399784673047,-1.1947399784673045,-1.1947399784673045,-1.1947399784673045,-1.1947399784673045,-1.1947399784673047,-1.1947399784673045,-1.1947399784673045,-1.1580172472612196,1.0,1.0,0.0,0.0,11746
-1.1947399784673045,-1.1947399784673045,-1.1947399784673047,-1.1947399784673045,-1.1947399784673045,-1.1947399784673045,-1.1947399784673045,-1.1947399784673047,-1.1947399784673045,-1.1947399784673045,-1.0090865960294784,0.0,1.0,1.0,0.0,11672
-1.1947399784673045,-1.1947399784673045,-1.1947399784673047,-1.1947399784673045,-1.1947399784673045,-1.1947399784673045,-1.1947399784673045,-1.1947399784673047,-1.1947399784673045,-1.1947399784673045,-1.3069478984929608,0.0,1.0,0.0,1.0,11832
-1.1947399784673045,-1.1947399784673045,-1.1947399784673047,-1.1947399784673045,-1.1947399784673045,-1.1947399784673045,-1.1947399784673045,-1.1947399784673047,-1.1947399784673045,-1.1947399784673045,-1.1580172472612196,1.0,1.0,0.0,0.0,11446
-1.1947399784673045,-1.1947399784673045,-1.1947399784673047,-1.1947399784673045,-1.1947399784673045,-1.1947399784673045,-1.1947399784673045,-1.1947399784673047,-1.1947399784673045,-1.1947399784673045,-1.3069478984929608,0.0,1.0,0.0,1.0,11710
-1.1947399784673045,-1.1947399784673045,-1.1947399784673047,-1.1947399784673045,-1.1947399784673045,-1.1947399784673045,-1.1947399784673045,-1.1947399784673047,-1.1947399784673045,-1.1947399784673045,-1.0090865960294784,1.0,1.0,1.0,0.0,11746
-1.1947399784673045,-1.1947399784673045,-1.1947399784673047,-1.1947399784673045,-1.1947399784673045,-1.1947399784673045,-1.1947399784673045,-1.1947399784673047,-1.1947399784673045,-1.1947399784673045,-1.1580172472612196,0.0,1.0,0.0,0.0,11816
-1.1947399784673045,-1.1947399784673045,-1.1947399784673047,-1.1947399784673045,-1.1947399784673045,-1.1947399784673045,-1.1947399784673045,-1.1947399784673047,-1.1947399784673045,-1.1947399784673045,-1.0090865960294784,1.0,1.0,1.0,0.0,11672
-1.1947399784673045,-1.1947399784673045,-1.1947399784673047,-1.1947399784673045,-1.1947399784673045,-1.1947399784673045,-1.1947399784673045,-1.1947399784673047,-1.1947399784673045,-1.1947399784673045,-1.3069478984929608,0.0,1.0,0.0,1.0,11054
-1.1947399784673045,-1.1947399784673045,-1.1947399784673047,-1.1947399784673045,-1.1947399784673045,-1.1947399784673045,-1.1947399784673045,-1.1947399784673047,-1.1947399784673045,-1.1947399784673045,-1.1580172472612196,1.0,1.0,0.0,0.0,10820
-1.1947399784673045,-1.1947399784673045,-1.1947399784673047,-1.1947399784673045,-1.1947399784673045,-1.1947399784673045,-1.1947399784673045,-1.1947399784673047,-1.1947399784673045,-1.1947399784673045,-1.0090865960294784,1.0,1.0,1.0,0.0,11446
-1.1947399784673045,-1.1947399784673045,-1.1947399784673047,-1.1947399784673045,-1.1947399784673045,-1.1947399784673045,-1.1947399784673045,-1.1947399784673047,-1.1947399784673045,-1.1947399784673045,-1.3069478984929608,1.0,1.0,0.0,1.0,10926
-1.1947399784673045,-1.1947399784673045,-1.1947399784673047,-1.1947399784673045,-1.1947399784673045,-1.1947399784673045,-1.1947399784673045,-1.1947399784673047,-1.1947399784673045,-1.1947399784673045,-1.1580172472612196,1.0,1.0,0.0,0.0,11256
-1.1947399784673045,-1.1947399784673045,-1.1947399784673047,-1.1947399784673045,-1.1947399784673045,-1.1947399784673045,-1.1947399784673045,-1.1947399784673047,-1.1947399784673045,-1.1947399784673045,-1.3069478984929608,0.0,0.0,0.0,1.0,11832
-1.1947399784673045,-1.1947399784673045,-1.1947399784673047,-1.1947399784673045,-1.1947399784673045,-1.1947399784673045,-1.1947399784673045,-1.1947399784673047,-1.1947399784673045,-1.1947399784673045,-1.0090865960294784,1.0,0.0,1.0,0.0,10906
-1.1947399784673045,-1.1947399784673045,-1.1947399784673047,-1.1947399784673045,-1.1947399784673045,-1.1947399784673045,-1.1947399784673045,-1.1947399784673047,-1.1947399784673045,-1.1947399784673045,-1.1580172472612196,1.0,0.0,0.0,0.0,11224
-1.1947399784673045,-1.1947399784673045,-1.1947399784673047,-1.1947399784673045,-1.1947399784673045,-1.1947399784673045,-1.1947399784673045,-1.1947399784673047,-1.1947399784673045,-1.1947399784673045,-1.0090865960294784,0.0,0.0,1.0,0.0,11746
-1.1947399784673045,-1.1947399784673045,-1.1947399784673047,-1.1947399784673045,-1.1947399784673045,-1.1947399784673045,-1.1947399784673045,-1.1947399784673047,-1.1947399784673045,-1.1947399784673045,-1.3069478984929608,1.0,0.0,0.0,1.0,11766
-1.1947399784673045,-1.1947399784673045,-1.1947399784673047,-1.1947399784673045,-1.1947399784673045,-1.1947399784673045,-1.1947399784673045,-1.1947399784673047,-1.1947399784673045,-1.1947399784673045,-1.1580172472612196,1.0,0.0,0.0,0.0,11672
-1.1947399784673045,-1.1947399784673045,-1.1947399784673047,-1.1947399784673045,-1.1947399784673045,-1.1947399784673045,-1.1947399784673045,-1.1947399784673047,-1.1947399784673045,-1.1947399784673045,-1.0090865960294784,0.0,0.0,1.0,0.0,11446
-1.1947399784673045,-1.1947399784673045,-1.1947399784673047,-1.1947399784673045,-1.1947399784673045,-1.1947399784673045,-1.1947399784673045,-1.1947399784673047,-1.1947399784673045,-1.1947399784673045,-1.3069478984929608,1.0,0.0,0.0,1.0,10984
-1.1947399784673045,-1.1947399784673045,-1.1947399784673047,-1.1947399784673045,-1.1947399784673045,-1.1947399784673045,-1.1947399784673045,-1.1947399784673047,-1.1947399784673045,-1.1947399784673045,-1.1580172472612196,1.0,0.0,0.0,0.0,11746
-1.1947399784673045,-1.1947399784673045,-1.1947399784673047,-1.1947399784673045,-1.1947399784673045,-1.1947399784673045,-1.1947399784673045,-1.1947399784673047,-1.1947399784673045,-1.1947399784673045,-1.3069478984929608,1.0,0.0,0.0,1.0,11672
-1.1947399784673045,-1.1947399784673045,-1.1947399784673047,-1.1947399784673045,-1.1947399784673045,-1.1947399784673045,-1.1947399784673045,-1.1947399784673047,-1.1947399784673045,-1.1947399784673045,-1.0090865960294784,0.0,0.0,1.0,0.0,11446
-1.1947399784673045,-1.1947399784673045,-1.1947399784673047,-1.1947399784673045,-1.1947399784673045,-1.1947399784673045,-1.1947399784673045,-1.1947399784673047,-1.1947399784673045,-1.1947399784673045,-1.0090865960294784,1.0,0.0,1.0,0.0,11746
-1.1947399784673045,-1.1947399784673045,-1.1947399784673047,-1.1947399784673045,-1.1947399784673045,-1.1947399784673045,-1.1947399784673045,-1.1947399784673047,-1.1947399784673045,-1.1947399784673045,-1.0090865960294784,1.0,0.0,1.0,0.0,11832
-1.1947399784673045,-1.1947399784673045,-1.1947399784673047,-1.1947399784673045,-1.1947399784673045,-1.1947399784673045,-1.1947399784673045,-1.1947399784673047,-1.1947399784673045,-1.1947399784673045,-1.0090865960294784,0.0,0.0,1.0,0.0,11746
-1.1947399784673045,-1.1947399784673045,-1.1947399784673047,-1.1947399784673045,-1.1947399784673045,-1.1947399784673045,-1.1947399784673045,-1.1947399784673047,-1.1947399784673045,-1.1947399784673045,-1.1580172472612196,0.0,0.0,0.0,0.0,11672
-1.1947399784673045,-1.1947399784673045,-1.1947399784673047,-1.1947399784673045,-1.1947399784673045,-1.1947399784673045,-1.1947399784673045,-1.1947399784673047,-1.1947399784673045,-1.1947399784673045,-1.0090865960294784,0.0,0.0,1.0,0.0,11446
-1.1947399784673045,-1.1947399784673045,-1.1947399784673047,-1.1947399784673045,-1.1947399784673045,-1.1947399784673045,-1.1947399784673045,-1.1947399784673047,-1.1947399784673045,-1.1947399784673045,-1.0090865960294784,0.0,0.0,1.0,0.0,11710
-1.1947399784673045,-1.1947399784673045,-1.1947399784673047,-1.1947399784673045,-1.1947399784673045,-1.1947399784673045,-1.1947399784673045,-1.1947399784673047,-1.1947399784673045,-1.1947399784673045,-1.0090865960294784,0.0,0.0,1.0,0.0,11746
-1.1947399784673045,-1.1947399784673045,-1.1947399784673047,-1.1947399784673045,-1.1947399784673045,-1.1947399784673045,-1.1947399784673045,-1.1947399784673047,-1.1947399784673045,-1.1947399784673045,-1.3069478984929608,0.0,0.0,0.0,1.0,11816
-1.1947399784673045,-1.1947399784673045,-1.1947399784673047,-1.1947399784673045,-1.1947399784673045,-1.1947399784673045,-1.1947399784673045,-1.1947399784673047,-1.1947399784673045,-1.1947399784673045,-1.3069478984929608,0.0,0.0,0.0,1.0,11672
-1.1947399784673045,-1.1947399784673045,-1.1947399784673047,-1.1947399784673045,-1.1947399784673045,-1.1947399784673045,-1.1947399784673045,-1.1947399784673047,-1.1947399784673045,-1.1947399784673045,-1.3069478984929608,1.0,0.0,0.0,1.0,11054
-1.1947399784673045,-1.1947399784673045,-1.1947399784673047,-1.1947399784673045,-1.1947399784673045,-1.1947399784673045,-1.1947399784673045,-1.1947399784673047,-1.1947399784673045,-1.1947399784673045,-1.0090865960294784,1.0,0.0,1.0,0.0,10820
-1.1947399784673045,-1.1947399784673045,-1.1947399784673047,-1.1947399784673045,-1.1947399784673045,-1.1947399784673045,-1.1947399784673045,-1.1947399784673047,-1.1947399784673045,-1.1947399784673045,-1.3069478984929608,1.0,0.0,0.0,1.0,10926
-1.1947399784673045,-1.1947399784673045,-1.1947399784673047,-1.1947399784673045,-1.1947399784673045,-1.1947399784673045,-1.1947399784673045,-1.1947399784673047,-1.1947399784673045,-1.1947399784673045,-1.1580172472612196,1.0,0.0,0.0,0.0,11832
-1.1947399784673045,-1.1947399784673045,-1.1947399784673047,-1.1947399784673045,-1.1947399784673045,-1.1947399784673045,-1.1947399784673045,-1.1947399784673047,-1.1947399784673045,-1.1947399784673045,-1.3069478984929608,1.0,0.0,0.0,1.0,11726
-1.1947399784673045,-1.1947399784673045,-1.1947399784673047,-1.1947399784673045,-1.1947399784673045,-1.1947399784673045,-1.1947399784673045,-1.1947399784673047,-1.1947399784673045,-1.1947399784673045,-1.3069478984929608,1.0,0.0,0.0,1.0,11710
-1.1947399784673045,-1.1947399784673045,-1.1947399784673047,-1.1947399784673045,-1.1947399784673045,-1.1947399784673045,-1.1947399784673045,-1.1947399784673047,-1.1947399784673045,-1.1947399784673045,-1.1580172472612196,1.0,0.0,0.0,0.0,10906
-1.1947399784673045,-1.1947399784673045,-1.1947399784673047,-1.1947399784673045,-1.1947399784673045,-1.1947399784673045,-1.1947399784673045,-1.1947399784673047,-1.1947399784673045,-1.1947399784673045,-1.0090865960294784,1.0,0.0,1.0,0.0,11224
-1.1947399784673045,-1.1947399784673045,-1.1947399784673047,-1.1947399784673045,-1.1947399784673045,-1.1947399784673045,-1.1947399784673045,-1.1947399784673047,-1.1947399784673045,-1.1947399784673045,-1.3069478984929608,0.0,0.0,0.0,1.0,11746
-1.1947399784673045,-1.1947399784673045,-1.1947399784673047,-1.1947399784673045,-1.1947399784673045,-1.1947399784673045,-1.1947399784673045,-1.1947399784673047,-1.1947399784673045,-1.1947399784673045,-1.1580172472612196,0.0,0.0,0.0,0.0,11766
-1.1947399784673045,-1.1947399784673045,-1.1947399784673047,-1.1947399784673045,-1.1947399784673045,-1.1947399784673045,-1.1947399784673045,-1.1947399784673047,-1.1947399784673045,-1.1947399784673045,-1.0090865960294784,0.0,0.0,1.0,0.0,11672
-1.1947399784673045,-1.1947399784673045,-1.1947399784673047,-1.1947399784673045,-1.1947399784673045,-1.1947399784673045,-1.1947399784673045,-1.1947399784673047,-1.1947399784673045,-1.1947399784673045,-1.3069478984929608,0.0,0.0,0.0,1.0,11446
-1.1947399784673045,-1.1947399784673045,-1.1947399784673047,-1.1947399784673045,-1.1947399784673045,-1.1947399784673045,-1.1947399784673045,-1.1947399784673047,-1.1947399784673045,-1.1947399784673045,-1.1580172472612196,0.0,0.0,0.0,0.0,10984
-1.1947399784673045,-1.1947399784673045,-1.1947399784673047,-1.1947399784673045,-1.1947399784673045,-1.1947399784673045,-1.1947399784673045,-1.1947399784673047,-1.1947399784673045,-1.1947399784673045,-1.3069478984929608,0.0,0.0,0.0,1.0,11672
-1.1947399784673045,-1.1947399784673045,-1.1947399784673047,-1.1947399784673045,-1.1947399784673045,-1.1947399784673045,-1.1947399784673045,-1.1947399784673047,-1.1947399784673045,-1.1947399784673045,-1.0090865960294784,0.0,0.0,1.0,0.0,11746
-1.1947399784673045,-1.1947399784673045,-1.1947399784673047,-1.1947399784673045,-1.1947399784673045,-1.1947399784673045,-1.1947399784673045,-1.1947399784673047,-1.1947399784673045,-1.1947399784673045,-1.1580172472612196,0.0,0.0,0.0,0.0,11672
-1.1947399784673045,-1.1947399784673045,-1.1947399784673047,-1.1947399784673045,-1.1947399784673045,-1.1947399784673045,-1.1947399784673045,-1.1947399784673047,-1.1947399784673045,-1.1947399784673045,-1.0090865960294784,1.0,0.0,1.0,0.0,11446
-1.1947399784673045,-1.1947399784673045,-1.1947399784673047,-1.1947399784673045,-1.1947399784673045,-1.1947399784673045,-1.1947399784673045,-1.1947399784673047,-1.1947399784673045,-1.1947399784673045,-1.3069478984929608,1.0,0.0,0.0,1.0,11832
-1.1947399784673045,-1.1947399784673045,-1.1947399784673047,-1.1947399784673045,-1.1947399784673045,-1.1947399784673045,-1.1947399784673045,-1.1947399784673047,-1.1947399784673045,-1.1947399784673045,-1.1580172472612196,1.0,0.0,0.0,0.0,11746
-1.1947399784673045,-1.1947399784673045,-1.1947399784673047,-1.1947399784673045,-1.1947399784673045,-1.1947399784673045,-1.1947399784673045,-1.1947399784673047,-1.1947399784673045,-1.1947399784673045,-1.0090865960294784,1.0,0.0,1.0,0.0,11672
-1.1947399784673045,-1.1947399784673045,-1.1947399784673047,-1.1947399784673045,-1.1947399784673045,-1.1947399784673045,-1.1947399784673045,-1.1947399784673047,-1.1947399784673045,-1.1947399784673045,-1.3069478984929608,1.0,0.0,0.0,1.0,11446
-1.1947399784673045,-1.1947399784673045,-1.1947399784673047,-1.1947399784673045,-1.1947399784673045,-1.1947399784673045,-1.1947399784673045,-1.1947399784673047,-1.1947399784673045,-1.1947399784673045,-1.1580172472612196,1.0,0.0,0.0,0.0,11710
-1.1947399784673045,-1.1947399784673045,-1.1947399784673047,-1.1947399784673045,-1.1947399784673045,-1.1947399784673045,-1.1947399784673045,-1.1947399784673047,-1.1947399784673045,-1.1947399784673045,-1.3069478984929608,1.0,0.0,0.0,1.0,11746
-1.1947399784673045,-1.1947399784673045,-1.1947399784673047,-1.1947399784673045,-1.1947399784673045,-1.1947399784673045,-1.1947399784673045,-1.1947399784673047,-1.1947399784673045,-1.1947399784673045,-1.0090865960294784,0.0,0.0,1.0,0.0,11816
-1.1947399784673045,-1.1947399784673045,-1.1947399784673047,-1.1947399784673045,-1.1947399784673045,-1.1947399784673045,-1.1947399784673045,-1.1947399784673047,-1.1947399784673045,-1.1947399784673045,-1.1580172472612196,1.0,0.0,0.0,0.0,11054
-1.8903829429652816,-1.8903829429652816,-1.8903829429652823,-1.890382942965282,-1.8903829429652816,-1.8903829429652816,-1.8903829429652816,-1.8903829429652823,-1.890382942965282,-1.890382942965282,-1.7537398521881846,0.0,0.0,1.0,0.0,5463
-1.8903829429652816,-1.8903829429652816,-1.8903829429652823,-1.890382942965282,-1.8903829429652816,-1.8903829429652816,-1.8903829429652816,-1.8903829429652823,-1.890382942965282,-1.890382942965282,-1.9026705034199256,1.0,1.0,0.0,1.0,5628
-1.8903829429652816,-1.8903829429652816,-1.8903829429652823,-1.890382942965282,-1.8903829429652816,-1.8903829429652816,-1.8903829429652816,-1.8903829429652823,-1.890382942965282,-1.890382942965282,-1.8282051778040556,0.0,1.0,0.0,0.0,5492
-1.8903829429652816,-1.8903829429652816,-1.8903829429652823,-1.890382942965282,-1.8903829429652816,-1.8903829429652816,-1.8903829429652816,-1.8903829429652823,-1.890382942965282,-1.890382942965282,-1.7537398521881846,0.0,1.0,1.0,0.0,5916
-1.8903829429652816,-1.8903829429652816,-1.8903829429652823,-1.890382942965282,-1.8903829429652816,-1.8903829429652816,-1.8903829429652816,-1.8903829429652823,-1.890382942965282,-1.890382942965282,-1.9026705034199256,1.0,1.0,0.0,1.0,5863
-1.8903829429652816,-1.8903829429652816,-1.8903829429652823,-1.890382942965282,-1.8903829429652816,-1.8903829429652816,-1.8903829429652816,-1.8903829429652823,-1.890382942965282,-1.890382942965282,-1.8282051778040556,0.0,1.0,0.0,0.0,5855
-1.8903829429652816,-1.8903829429652816,-1.8903829429652823,-1.890382942965282,-1.8903829429652816,-1.8903829429652816,-1.8903829429652816,-1.8903829429652823,-1.890382942965282,-1.890382942965282,-1.9026705034199256,1.0,1.0,0.0,1.0,5453
-1.8903829429652816,-1.8903829429652816,-1.8903829429652823,-1.890382942965282,-1.8903829429652816,-1.8903829429652816,-1.8903829429652816,-1.8903829429652823,-1.890382942965282,-1.890382942965282,-1.7537398521881846,0.0,1.0,1.0,0.0,5612
-1.8903829429652816,-1.8903829429652816,-1.8903829429652823,-1.890382942965282,-1.8903829429652816,-1.8903829429652816,-1.8903829429652816,-1.8903829429652823,-1.890382942965282,-1.890382942965282,-1.7537398521881846,1.0,1.0,1.0,0.0,5873
-1.8903829429652816,-1.8903829429652816,-1.8903829429652823,-1.890382942965282,-1.8903829429652816,-1.8903829429652816,-1.8903829429652816,-1.8903829429652823,-1.890382942965282,-1.890382942965282,-1.7537398521881846,0.0,1.0,1.0,0.0,5883
-1.8903829429652816,-1.8903829429652816,-1.8903829429652823,-1.890382942965282,-1.8903829429652816,-1.8903829429652816,-1.8903829429652816,-1.8903829429652823,-1.890382942965282,-1.890382942965282,-1.7537398521881846,1.0,1.0,1.0,0.0,5723
-1.8903829429652816,-1.8903829429652816,-1.8903829429652823,-1.890382942965282,-1.8903829429652816,-1.8903829429652816,-1.8903829429652816,-1.8903829429652823,-1.890382942965282,-1.890382942965282,-1.8282051778040556,1.0,1.0,0.0,0.0,5836
-1.8903829429652816,-1.8903829429652816,-1.8903829429652823,-1.890382942965282,-1.8903829429652816,-1.8903829429652816,-1.8903829429652816,-1.8903829429652823,-1.890382942965282,-1.890382942965282,-1.7537398521881846,0.0,1.0,1.0,0.0,5723
-1.8903829429652816,-1.8903829429652816,-1.8903829429652823,-1.890382942965282,-1.8903829429652816,-1.8903829429652816,-1.8903829429652816,-1.8903829429652823,-1.890382942965282,-1.890382942965282,-1.7537398521881846,1.0,0.0,1.0,0.0,5492
-1.8903829429652816,-1.8903829429652816,-1.8903829429652823,-1.890382942965282,-1.8903829429652816,-1.8903829429652816,-1.8903829429652816,-1.8903829429652823,-1.890382942965282,-1.890382942965282,-1.7537398521881846,1.0,0.0,1.0,0.0,5873
-1.8903829429652816,-1.8903829429652816,-1.8903829429652823,-1.890382942965282,-1.8903829429652816,-1.8903829429652816,-1.8903829429652816,-1.8903829429652823,-1.890382942965282,-1.890382942965282,-1.9026705034199256,0.0,0.0,0.0,1.0,5836
-1.8903829429652816,-1.8903829429652816,-1.8903829429652823,-1.890382942965282,-1.8903829429652816,-1.8903829429652816,-1.8903829429652816,-1.8903829429652823,-1.890382942965282,-1.890382942965282,-1.9026705034199256,1.0,0.0,0.0,1.0,5723
-1.8903829429652816,-1.8903829429652816,-1.8903829429652823,-1.890382942965282,-1.8903829429652816,-1.8903829429652816,-1.8903829429652816,-1.8903829429652823,-1.890382942965282,-1.890382942965282,-1.9026705034199256,1.0,0.0,0.0,1.0,5916
-1.8903829429652816,-1.8903829429652816,-1.8903829429652823,-1.890382942965282,-1.8903829429652816,-1.8903829429652816,-1.8903829429652816,-1.8903829429652823,-1.890382942965282,-1.890382942965282,-1.7537398521881846,1.0,0.0,1.0,0.0,5873
-1.8903829429652816,-1.8903829429652816,-1.8903829429652823,-1.890382942965282,-1.8903829429652816,-1.8903829429652816,-1.8903829429652816,-1.8903829429652823,-1.890382942965282,-1.890382942965282,-1.9026705034199256,1.0,0.0,0.0,1.0,5836
-1.8903829429652816,-1.8903829429652816,-1.8903829429652823,-1.890382942965282,-1.8903829429652816,-1.8903829429652816,-1.8903829429652816,-1.8903829429652823,-1.890382942965282,-1.890382942965282,-1.8282051778040556,0.0,0.0,0.0,0.0,5723
-1.8903829429652816,-1.8903829429652816,-1.8903829429652823,-1.890382942965282,-1.8903829429652816,-1.8903829429652816,-1.8903829429652816,-1.8903829429652823,-1.890382942965282,-1.890382942965282,-1.9026705034199256,1.0,0.0,0.0,1.0,5873
-1.8903829429652816,-1.8903829429652816,-1.8903829429652823,-1.890382942965282,-1.8903829429652816,-1.8903829429652816,-1.8903829429652816,-1.8903829429652823,-1.890382942965282,-1.890382942965282,-1.9026705034199256,0.0,0.0,0.0,1.0,5891
-1.8903829429652816,-1.8903829429652816,-1.8903829429652823,-1.890382942965282,-1.8903829429652816,-1.8903829429652816,-1.8903829429652816,-1.8903829429652823,-1.890382942965282,-1.890382942965282,-1.8282051778040556,1.0,0.0,0.0,0.0,5986
-1.8903829429652816,-1.8903829429652816,-1.8903829429652823,-1.890382942965282,-1.8903829429652816,-1.8903829429652816,-1.8903829429652816,-1.8903829429652823,-1.890382942965282,-1.890382942965282,-1.7537398521881846,1.0,1.0,1.0,0.0,5420
-1.8903829429652816,-1.8903829429652816,-1.8903829429652823,-1.890382942965282,-1.8903829429652816,-1.8903829429652816,-1.8903829429652816,-1.8903829429652823,-1.890382942965282,-1.890382942965282,-1.9026705034199256,0.0,1.0,0.0,1.0,5454
-1.8903829429652816,-1.8903829429652816,-1.8903829429652823,-1.890382942965282,-1.8903829429652816,-1.8903829429652816,-1.8903829429652816,-1.8903829429652823,-1.890382942965282,-1.890382942965282,-1.8282051778040556,1.0,1.0,0.0,0.0,5532
-1.8903829429652816,-1.8903829429652816,-1.8903829429652823,-1.890382942965282,-1.8903829429652816,-1.8903829429652816,-1.8903829429652816,-1.8903829429652823,-1.890382942965282,-1.890382942965282,-1.7537398521881846,0.0,1.0,1.0,0.0,5680
-1.8903829429652816,-1.8903829429652816,-1.8903829429652823,-1.890382942965282,-1.8903829429652816,-1.8903829429652816,-1.8903829429652816,-1.8903829429652823,-1.890382942965282,-1.890382942965282,-1.9026705034199256,0.0,1.0,0.0,1.0,5836
-1.8903829429652816,-1.8903829429652816,-1.8903829429652823,-1.890382942965282,-1.8903829429652816,-1.8903829429652816,-1.8903829429652816,-1.8903829429652823,-1.890382942965282,-1.890382942965282,-1.8282051778040556,1.0,1.0,0.0,0.0,5873
-1.8903829429652816,-1.8903829429652816,-1.8903829429652823,-1.890382942965282,-1.8903829429652816,-1.8903829429652816,-1.8903829429652816,-1.8903829429652823,-1.890382942965282,-1.890382942965282,-1.9026705034199256,0.0,1.0,0.0,1.0,5527
-1.8903829429652816,-1.8903829429652816,-1.8903829429652823,-1.890382942965282,-1.8903829429652816,-1.8903829429652816,-1.8903829429652816,-1.8903829429652823,-1.890382942965282,-1.890382942965282,-1.7537398521881846,0.0,1.0,1.0,0.0,5916
-1.8903829429652816,-1.8903829429652816,-1.8903829429652823,-1.890382942965282,-1.8903829429652816,-1.8903829429652816,-1.8903829429652816,-1.8903829429652823,-1.890382942965282,-1.890382942965282,-1.8282051778040556,0.0,1.0,0.0,0.0,5883
-1.8903829429652816,-1.8903829429652816,-1.8903829429652823,-1.890382942965282,-1.8903829429652816,-1.8903829429652816,-1.8903829429652816,-1.8903829429652823,-1.890382942965282,-1.890382942965282,-1.7537398521881846,0.0,1.0,1.0,0.0,5873
-1.8903829429652816,-1.8903829429652816,-1.8903829429652823,-1.890382942965282,-1.8903829429652816,-1.8903829429652816,-1.8903829429652816,-1.8903829429652823,-1.890382942965282,-1.890382942965282,-1.9026705034199256,1.0,1.0,0.0,1.0,5855
-1.8903829429652816,-1.8903829429652816,-1.8903829429652823,-1.890382942965282,-1.8903829429652816,-1.8903829429652816,-1.8903829429652816,-1.8903829429652823,-1.890382942965282,-1.890382942965282,-1.8282051778040556,0.0,1.0,0.0,0.0,5527
-1.8903829429652816,-1.8903829429652816,-1.8903829429652823,-1.890382942965282,-1.8903829429652816,-1.8903829429652816,-1.8903829429652816,-1.8903829429652823,-1.890382942965282,-1.890382942965282,-1.7537398521881846,1.0,0.0,1.0,0.0,5492
-1.8903829429652816,-1.8903829429652816,-1.8903829429652823,-1.890382942965282,-1.8903829429652816,-1.8903829429652816,-1.8903829429652816,-1.8903829429652823,-1.890382942965282,-1.890382942965282,-1.9026705034199256,1.0,0.0,0.0,1.0,5855
-1.8903829429652816,-1.8903829429652816,-1.8903829429652823,-1.890382942965282,-1.8903829429652816,-1.8903829429652816,-1.8903829429652816,-1.8903829429652823,-1.890382942965282,-1.890382942965282,-1.8282051778040556,0.0,0.0,0.0,0.0,5873
-1.8903829429652816,-1.8903829429652816,-1.8903829429652823,-1.890382942965282,-1.8903829429652816,-1.8903829429652816,-1.8903829429652816,-1.8903829429652823,-1.890382942965282,-1.890382942965282,-1.9026705034199256,1.0,0.0,0.0,1.0,5836
-1.8903829429652816,-1.8903829429652816,-1.8903829429652823,-1.890382942965282,-1.8903829429652816,-1.8903829429652816,-1.8903829429652816,-1.8903829429652823,-1.890382942965282,-1.890382942965282,-1.7537398521881846,1.0,0.0,1.0,0.0,5873
-1.8903829429652816,-1.8903829429652816,-1.8903829429652823,-1.890382942965282,-1.8903829429652816,-1.8903829429652816,-1.8903829429652816,-1.8903829429652823,-1.890382942965282,-1.890382942965282,-1.8282051778040556,1.0,0.0,0.0,0.0,5916
-1.8903829429652816,-1.8903829429652816,-1.8903829429652823,-1.890382942965282,-1.8903829429652816,-1.8903829429652816,-1.8903829429652816,-1.8903829429652823,-1.890382942965282,-1.890382942965282,-1.7537398521881846,0.0,0.0,1.0,0.0,5723
-1.8903829429652816,-1.8903829429652816,-1.8903829429652823,-1.890382942965282,-1.8903829429652816,-1.8903829429652816,-1.8903829429652816,-1.8903829429652823,-1.890382942965282,-1.890382942965282,-1.9026705034199256,0.0,0.0,0.0,1.0,5532
-1.8903829429652816,-1.8903829429652816,-1.8903829429652823,-1.890382942965282,-1.8903829429652816,-1.8903829429652816,-1.8903829429652816,-1.8903829429652823,-1.890382942965282,-1.890382942965282,-1.8282051778040556,0.0,0.0,0.0,0.0,5723
-1.8903829429652816,-1.8903829429652816,-1.8903829429652823,-1.890382942965282,-1.8903829429652816,-1.8903829429652816,-1.8903829429652816,-1.8903829429652823,-1.890382942965282,-1.890382942965282,-1.7537398521881846,1.0,0.0,1.0,0.0,5916
-1.8903829429652816,-1.8903829429652816,-1.8903829429652823,-1.890382942965282,-1.8903829429652816,-1.8903829429652816,-1.8903829429652816,-1.8903829429652823,-1.890382942965282,-1.890382942965282,-1.9026705034199256,0.0,0.0,0.0,1.0,5873
-1.8903829429652816,-1.8903829429652816,-1.8903829429652823,-1.890382942965282,-1.8903829429652816,-1.8903829429652816,-1.8903829429652816,-1.8903829429652823,-1.890382942965282,-1.890382942965282,-1.8282051778040556,1.0,0.0,0.0,0.0,5723
-1.8903829429652816,-1.8903829429652816,-1.8903829429652823,-1.890382942965282,-1.8903829429652816,-1.8903829429652816,-1.8903829429652816,-1.8903829429652823,-1.890382942965282,-1.890382942965282,-1.9026705034199256,0.0,0.0,0.0,1.0,5836
-1.8903829429652816,-1.8903829429652816,-1.8903829429652823,-1.890382942965282,-1.8903829429652816,-1.8903829429652816,-1.8903829429652816,-1.8903829429652823,-1.890382942965282,-1.890382942965282,-1.7537398521881846,0.0,0.0,1.0,0.0,5916
-1.8903829429652816,-1.8903829429652816,-1.8903829429652823,-1.890382942965282,-1.8903829429652816,-1.8903829429652816,-1.8903829429652816,-1.8903829429652823,-1.890382942965282,-1.890382942965282,-1.7537398521881846,1.0,0.0,1.0,0.0,5723
-1.8903829429652816,-1.8903829429652816,-1.8903829429652823,-1.890382942965282,-1.8903829429652816,-1.8903829429652816,-1.8903829429652816,-1.8903829429652823,-1.890382942965282,-1.890382942965282,-1.7537398521881846,1.0,0.0,1.0,0.0,5908
-1.8903829429652816,-1.8903829429652816,-1.8903829429652823,-1.890382942965282,-1.8903829429652816,-1.8903829429652816,-1.8903829429652816,-1.8903829429652823,-1.890382942965282,-1.890382942965282,-1.7537398521881846,0.0,0.0,1.0,0.0,5410
-1.8903829429652816,-1.8903829429652816,-1.8903829429652823,-1.890382942965282,-1.8903829429652816,-1.8903829429652816,-1.8903829429652816,-1.8903829429652823,-1.890382942965282,-1.890382942965282,-1.8282051778040556,1.0,0.0,0.0,0.0,5863
-1.8903829429652816,-1.8903829429652816,-1.8903829429652823,-1.890382942965282,-1.8903829429652816,-1.8903829429652816,-1.8903829429652816,-1.8903829429652823,-1.890382942965282,-1.890382942965282,-1.7537398521881846,0.0,0.0,1.0,0.0,5836
-1.8903829429652816,-1.8903829429652816,-1.8903829429652823,-1.890382942965282,-1.8903829429652816,-1.8903829429652816,-1.8903829429652816,-1.8903829429652823,-1.890382942965282,-1.890382942965282,-1.7537398521881846,1.0,0.0,1.0,0.0,5836
-1.8903829429652816,-1.8903829429652816,-1.8903829429652823,-1.890382942965282,-1.8903829429652816,-1.8903829429652816,-1.8903829429652816,-1.8903829429652823,-1.890382942965282,-1.890382942965282,-1.7537398521881846,1.0,0.0,1.0,0.0,5873
-1.8903829429652816,-1.8903829429652816,-1.8903829429652823,-1.890382942965282,-1.8903829429652816,-1.8903829429652816,-1.8903829429652816,-1.8903829429652823,-1.890382942965282,-1.890382942965282,-1.9026705034199256,0.0,0.0,0.0,1.0,5463
-1.8903829429652816,-1.8903829429652816,-1.8903829429652823,-1.890382942965282,-1.8903829429652816,-1.8903829429652816,-1.8903829429652816,-1.8903829429652823,-1.890382942965282,-1.890382942965282,-1.9026705034199256,1.0,0.0,0.0,1.0,5916
-1.8903829429652816,-1.8903829429652816,-1.8903829429652823,-1.890382942965282,-1.8903829429652816,-1.8903829429652816,-1.8903829429652816,-1.8903829429652823,-1.890382942965282,-1.890382942965282,-1.9026705034199256,0.0,0.0,0.0,1.0,5453
-1.8903829429652816,-1.8903829429652816,-1.8903829429652823,-1.890382942965282,-1.8903829429652816,-1.8903829429652816,-1.8903829429652816,-1.8903829429652823,-1.890382942965282,-1.890382942965282,-1.7537398521881846,1.0,0.0,1.0,0.0,5883
-1.8903829429652816,-1.8903829429652816,-1.8903829429652823,-1.890382942965282,-1.8903829429652816,-1.8903829429652816,-1.8903829429652816,-1.8903829429652823,-1.890382942965282,-1.890382942965282,-1.9026705034199256,0.0,0.0,0.0,1.0,5723
-1.8903829429652816,-1.8903829429652816,-1.8903829429652823,-1.890382942965282,-1.8903829429652816,-1.8903829429652816,-1.8903829429652816,-1.8903829429652823,-1.890382942965282,-1.890382942965282,-1.8282051778040556,0.0,0.0,0.0,0.0,5836
-1.8903829429652816,-1.8903829429652816,-1.8903829429652823,-1.890382942965282,-1.8903829429652816,-1.8903829429652816,-1.8903829429652816,-1.8903829429652823,-1.890382942965282,-1.890382942965282,-1.9026705034199256,1.0,0.0,0.0,1.0,5873
-1.8903829429652816,-1.8903829429652816,-1.8903829429652823,-1.890382942965282,-1.8903829429652816,-1.8903829429652816,-1.8903829429652816,-1.8903829429652823,-1.890382942965282,-1.890382942965282,-1.9026705034199256,0.0,0.0,0.0,1.0,5873
-1.8903829429652816,-1.8903829429652816,-1.8903829429652823,-1.890382942965282,-1.8903829429652816,-1.8903829429652816,-1.8903829429652816,-1.8903829429652823,-1.890382942965282,-1.890382942965282,-1.8282051778040556,1.0,1.0,0.0,0.0,5463
-1.8903829429652816,-1.8903829429652816,-1.8903829429652823,-1.890382942965282,-1.8903829429652816,-1.8903829429652816,-1.8903829429652816,-1.8903829429652823,-1.890382942965282,-1.890382942965282,-1.7537398521881846,0.0,1.0,1.0,0.0,5492
-1.8903829429652816,-1.8903829429652816,-1.8903829429652823,-1.890382942965282,-1.8903829429652816,-1.8903829429652816,-1.8903829429652816,-1.8903829429652823,-1.890382942965282,-1.890382942965282,-1.9026705034199256,1.0,1.0,0.0,1.0,5723
-1.8903829429652816,-1.8903829429652816,-1.8903829429652823,-1.890382942965282,-1.8903829429652816,-1.8903829429652816,-1.8903829429652816,-1.8903829429652823,-1.890382942965282,-1.890382942965282,-1.8282051778040556,0.0,1.0,0.0,0.0,5836
-1.8903829429652816,-1.8903829429652816,-1.8903829429652823,-1.890382942965282,-1.8903829429652816,-1.8903829429652816,-1.8903829429652816,-1.8903829429652823,-1.890382942965282,-1.890382942965282,-1.7537398521881846,1.0,1.0,1.0,0.0,5855
-1.8903829429652816,-1.8903829429652816,-1.8903829429652823,-1.890382942965282,-1.8903829429652816,-1.8903829429652816,-1.8903829429652816,-1.8903829429652823,-1.890382942965282,-1.890382942965282,-1.9026705034199256,1.0,1.0,0.0,1.0,5836
-1.8903829429652816,-1.8903829429652816,-1.8903829429652823,-1.890382942965282,-1.8903829429652816,-1.8903829429652816,-1.8903829429652816,-1.8903829429652823,-1.890382942965282,-1.890382942965282,-1.8282051778040556,1.0,1.0,0.0,0.0,5723
-1.8903829429652816,-1.8903829429652816,-1.8903829429652823,-1.890382942965282,-1.8903829429652816,-1.8903829429652816,-1.8903829429652816,-1.8903829429652823,-1.890382942965282,-1.890382942965282,-1.9026705034199256,1.0,1.0,0.0,1.0,5916
-1.8903829429652816,-1.8903829429652816,-1.8903829429652823,-1.890382942965282,-1.8903829429652816,-1.8903829429652816,-1.8903829429652816,-1.8903829429652823,-1.890382942965282,-1.890382942965282,-1.7537398521881846,0.0,1.0,1.0,0.0,5873
-1.8903829429652816,-1.8903829429652816,-1.8903829429652823,-1.890382942965282,-1.8903829429652816,-1.8903829429652816,-1.8903829429652816,-1.8903829429652823,-1.890382942965282,-1.890382942965282,-1.8282051778040556,1.0,1.0,0.0,0.0,5723
-1.8903829429652816,-1.8903829429652816,-1.8903829429652823,-1.890382942965282,-1.8903829429652816,-1.8903829429652816,-1.8903829429652816,-1.8903829429652823,-1.890382942965282,-1.890382942965282,-1.7537398521881846,1.0,1.0,1.0,0.0,5836
-1.8903829429652816,-1.8903829429652816,-1.8903829429652823,-1.890382942965282,-1.8903829429652816,-1.8903829429652816,-1.8903829429652816,-1.8903829429652823,-1.890382942965282,-1.890382942965282,-1.9026705034199256,0.0,1.0,0.0,1.0,5723
-1.8903829429652816,-1.8903829429652816,-1.8903829429652823,-1.890382942965282,-1.8903829429652816,-1.8903829429652816,-1.8903829429652816,-1.8903829429652823,-1.890382942965282,-1.890382942965282,-1.8282051778040556,1.0,1.0,0.0,0.0,5863
-1.8903829429652816,-1.8903829429652816,-1.8903829429652823,-1.890382942965282,-1.8903829429652816,-1.8903829429652816,-1.8903829429652816,-1.8903829429652823,-1.890382942965282,-1.890382942965282,-1.7537398521881846,1.0,0.0,1.0,0.0,5612
-1.8903829429652816,-1.8903829429652816,-1.8903829429652823,-1.890382942965282,-1.8903829429652816,-1.8903829429652816,-1.8903829429652816,-1.8903829429652823,-1.890382942965282,-1.890382942965282,-1.9026705034199256,0.0,0.0,0.0,1.0,5836
-1.8903829429652816,-1.8903829429652816,-1.8903829429652823,-1.890382942965282,-1.8903829429652816,-1.8903829429652816,-1.8903829429652816,-1.8903829429652823,-1.890382942965282,-1.890382942965282,-1.8282051778040556,1.0,0.0,0.0,0.0,5836
-1.8903829429652816,-1.8903829429652816,-1.8903829429652823,-1.890382942965282,-1.8903829429652816,-1.8903829429652816,-1.8903829429652816,-1.8903829429652823,-1.890382942965282,-1.890382942965282,-1.9026705034199256,1.0,0.0,0.0,1.0,5723
-1.8903829429652816,-1.8903829429652816,-1.8903829429652823,-1.890382942965282,-1.8903829429652816,-1.8903829429652816,-1.8903829429652816,-1.8903829429652823,-1.890382942965282,-1.890382942965282,-1.7537398521881846,1.0,0.0,1.0,0.0,5836
-1.8903829429652816,-1.8903829429652816,-1.8903829429652823,-1.890382942965282,-1.8903829429652816,-1.8903829429652816,-1.8903829429652816,-1.8903829429652823,-1.890382942965282,-1.890382942965282,-1.8282051778040556,0.0,0.0,0.0,0.0,5873
-1.8903829429652816,-1.8903829429652816,-1.8903829429652823,-1.890382942965282,-1.8903829429652816,-1.8903829429652816,-1.8903829429652816,-1.8903829429652823,-1.890382942965282,-1.890382942965282,-1.7537398521881846,1.0,0.0,1.0,0.0,5463
-1.8903829429652816,-1.8903829429652816,-1.8903829429652823,-1.890382942965282,-1.8903829429652816,-1.8903829429652816,-1.8903829429652816,-1.8903829429652823,-1.890382942965282,-1.890382942965282,-1.9026705034199256,1.0,0.0,0.0,1.0,5916
-1.8903829429652816,-1.8903829429652816,-1.8903829429652823,-1.890382942965282,-1.8903829429652816,-1.8903829429652816,-1.8903829429652816,-1.8903829429652823,-1.890382942965282,-1.890382942965282,-1.8282051778040556,0.0,0.0,0.0,0.0,5453
-1.8903829429652816,-1.8903829429652816,-1.8903829429652823,-1.890382942965282,-1.8903829429652816,-1.8903829429652816,-1.8903829429652816,-1.8903829429652823,-1.890382942965282,-1.890382942965282,-1.7537398521881846,0.0,0.0,1.0,0.0,5723
-1.8903829429652816,-1.8903829429652816,-1.8903829429652823,-1.890382942965282,-1.8903829429652816,-1.8903829429652816,-1.8903829429652816,-1.8903829429652823,-1.890382942965282,-1.890382942965282,-1.9026705034199256,0.0,0.0,0.0,1.0,5873
-1.8903829429652816,-1.8903829429652816,-1.8903829429652823,-1.890382942965282,-1.8903829429652816,-1.8903829429652816,-1.8903829429652816,-1.8903829429652823,-1.890382942965282,-1.890382942965282,-1.8282051778040556,0.0,0.0,0.0,0.0,5420
-1.8903829429652816,-1.8903829429652816,-1.8903829429652823,-1.890382942965282,-1.8903829429652816,-1.8903829429652816,-1.8903829429652816,-1.8903829429652823,-1.890382942965282,-1.890382942965282,-1.9026705034199256,0.0,0.0,0.0,1.0,5680
-1.8903829429652816,-1.8903829429652816,-1.8903829429652823,-1.890382942965282,-1.8903829429652816,-1.8903829429652816,-1.8903829429652816,-1.8903829429652823,-1.890382942965282,-1.890382942965282,-1.7537398521881846,0.0,0.0,1.0,0.0,5527
-1.8903829429652816,-1.8903829429652816,-1.8903829429652823,-1.890382942965282,-1.8903829429652816,-1.8903829429652816,-1.8903829429652816,-1.8903829429652823,-1.890382942965282,-1.890382942965282,-1.7537398521881846,0.0,0.0,1.0,0.0,5873
-1.8903829429652816,-1.8903829429652816,-1.8903829429652823,-1.890382942965282,-1.8903829429652816,-1.8903829429652816,-1.8903829429652816,-1.8903829429652823,-1.890382942965282,-1.890382942965282,-1.7537398521881846,1.0,0.0,1.0,0.0,5492
-1.8903829429652816,-1.8903829429652816,-1.8903829429652823,-1.890382942965282,-1.8903829429652816,-1.8903829429652816,-1.8903829429652816,-1.8903829429652823,-1.890382942965282,-1.890382942965282,-1.7537398521881846,1.0,0.0,1.0,0.0,5836
-1.8903829429652816,-1.8903829429652816,-1.8903829429652823,-1.890382942965282,-1.8903829429652816,-1.8903829429652816,-1.8903829429652816,-1.8903829429652823,-1.890382942965282,-1.890382942965282,-1.8282051778040556,1.0,0.0,0.0,0.0,5723
-1.8903829429652816,-1.8903829429652816,-1.8903829429652823,-1.890382942965282,-1.8903829429652816,-1.8903829429652816,-1.8903829429652816,-1.8903829429652823,-1.890382942965282,-1.890382942965282,-1.7537398521881846,1.0,0.0,1.0,0.0,5723
-1.8903829429652816,-1.8903829429652816,-1.8903829429652823,-1.890382942965282,-1.8903829429652816,-1.8903829429652816,-1.8903829429652816,-1.8903829429652823,-1.890382942965282,-1.890382942965282,-1.7537398521881846,1.0,0.0,1.0,0.0,5916
-1.8903829429652816,-1.8903829429652816,-1.8903829429652823,-1.890382942965282,-1.8903829429652816,-1.8903829429652816,-1.8903829429652816,-1.8903829429652823,-1.890382942965282,-1.890382942965282,-1.7537398521881846,1.0,0.0,1.0,0.0,5723
-1.8903829429652816,-1.8903829429652816,-1.8903829429652823,-1.890382942965282,-1.8903829429652816,-1.8903829429652816,-1.8903829429652816,-1.8903829429652823,-1.890382942965282,-1.890382942965282,-1.9026705034199256,1.0,0.0,0.0,1.0,5723
-1.8903829429652816,-1.8903829429652816,-1.8903829429652823,-1.890382942965282,-1.8903829429652816,-1.8903829429652816,-1.8903829429652816,-1.8903829429652823,-1.890382942965282,-1.890382942965282,-1.9026705034199256,1.0,0.0,0.0,1.0,5908
-1.8903829429652816,-1.8903829429652816,-1.8903829429652823,-1.890382942965282,-1.8903829429652816,-1.8903829429652816,-1.8903829429652816,-1.8903829429652823,-1.890382942965282,-1.890382942965282,-1.9026705034199256,0.0,1.0,0.0,1.0,5410
-1.8903829429652816,-1.8903829429652816,-1.8903829429652823,-1.890382942965282,-1.8903829429652816,-1.8903829429652816,-1.8903829429652816,-1.8903829429652823,-1.890382942965282,-1.890382942965282,-1.7537398521881846,0.0,1.0,1.0,0.0,5863
-1.8903829429652816,-1.8903829429652816,-1.8903829429652823,-1.890382942965282,-1.8903829429652816,-1.8903829429652816,-1.8903829429652816,-1.8903829429652823,-1.890382942965282,-1.890382942965282,-1.9026705034199256,0.0,1.0,0.0,1.0,5612
-1.8903829429652816,-1.8903829429652816,-1.8903829429652823,-1.890382942965282,-1.8903829429652816,-1.8903829429652816,-1.8903829429652816,-1.8903829429652823,-1.890382942965282,-1.890382942965282,-1.8282051778040556,0.0,1.0,0.0,0.0,5836
-1.8903829429652816,-1.8903829429652816,-1.8903829429652823,-1.890382942965282,-1.8903829429652816,-1.8903829429652816,-1.8903829429652816,-1.8903829429652823,-1.890382942965282,-1.890382942965282,-1.9026705034199256,0.0,1.0,0.0,1.0,5836
-1.8903829429652816,-1.8903829429652816,-1.8903829429652823,-1.890382942965282,-1.8903829429652816,-1.8903829429652816,-1.8903829429652816,-1.8903829429652823,-1.890382942965282,-1.890382942965282,-1.9026705034199256,0.0,1.0,0.0,1.0,5723
-1.8903829429652816,-1.8903829429652816,-1.8903829429652823,-1.890382942965282,-1.8903829429652816,-1.8903829429652816,-1.8903829429652816,-1.8903829429652823,-1.890382942965282,-1.890382942965282,-1.8282051778040556,0.0,1.0,0.0,0.0,5836
-1.8903829429652816,-1.8903829429652816,-1.8903829429652823,-1.890382942965282,-1.8903829429652816,-1.8903829429652816,-1.8903829429652816,-1.8903829429652823,-1.890382942965282,-1.890382942965282,-1.7537398521881846,0.0,1.0,1.0,0.0,5873
-1.8903829429652816,-1.8903829429652816,-1.8903829429652823,-1.890382942965282,-1.8903829429652816,-1.8903829429652816,-1.8903829429652816,-1.8903829429652823,-1.890382942965282,-1.890382942965282,-1.9026705034199256,1.0,1.0,0.0,1.0,5916
-1.8903829429652816,-1.8903829429652816,-1.8903829429652823,-1.890382942965282,-1.8903829429652816,-1.8903829429652816,-1.8903829429652816,-1.8903829429652823,-1.890382942965282,-1.890382942965282,-1.8282051778040556,1.0,1.0,0.0,0.0,5723
-1.8903829429652816,-1.8903829429652816,-1.8903829429652823,-1.890382942965282,-1.8903829429652816,-1.8903829429652816,-1.8903829429652816,-1.8903829429652823,-1.890382942965282,-1.890382942965282,-1.7537398521881846,1.0,1.0,1.0,0.0,5836
-1.8903829429652816,-1.8903829429652816,-1.8903829429652823,-1.890382942965282,-1.8903829429652816,-1.8903829429652816,-1.8903829429652816,-1.8903829429652823,-1.890382942965282,-1.890382942965282,-1.9026705034199256,1.0,1.0,0.0,1.0,5873
-1.8903829429652816,-1.8903829429652816,-1.8903829429652823,-1.890382942965282,-1.8903829429652816,-1.8903829429652816,-1.8903829429652816,-1.8903829429652823,-1.890382942965282,-1.890382942965282,-1.8282051778040556,1.0,1.0,0.0,0.0,5873
-1.8903829429652816,-1.8903829429652816,-1.8903829429652823,-1.890382942965282,-1.8903829429652816,-1.8903829429652816,-1.8903829429652816,-1.8903829429652823,-1.890382942965282,-1.890382942965282,-1.9026705034199256,1.0,0.0,0.0,1.0,5527
-1.8903829429652816,-1.8903829429652816,-1.8903829429652823,-1.890382942965282,-1.8903829429652816,-1.8903829429652816,-1.8903829429652816,-1.8903829429652823,-1.890382942965282,-1.890382942965282,-1.7537398521881846,1.0,0.0,1.0,0.0,5463
-1.8903829429652816,-1.8903829429652816,-1.8903829429652823,-1.890382942965282,-1.8903829429652816,-1.8903829429652816,-1.8903829429652816,-1.8903829429652823,-1.890382942965282,-1.890382942965282,-1.8282051778040556,0.0,0.0,0.0,0.0,5916
-1.8903829429652816,-1.8903829429652816,-1.8903829429652823,-1.890382942965282,-1.8903829429652816,-1.8903829429652816,-1.8903829429652816,-1.8903829429652823,-1.890382942965282,-1.890382942965282,-1.7537398521881846,1.0,0.0,1.0,0.0,5883
-1.8903829429652816,-1.8903829429652816,-1.8903829429652823,-1.890382942965282,-1.8903829429652816,-1.8903829429652816,-1.8903829429652816,-1.8903829429652823,-1.890382942965282,-1.890382942965282,-1.9026705034199256,0.0,0.0,0.0,1.0,5492
-1.8903829429652816,-1.8903829429652816,-1.8903829429652823,-1.890382942965282,-1.8903829429652816,-1.8903829429652816,-1.8903829429652816,-1.8903829429652823,-1.890382942965282,-1.890382942965282,-1.8282051778040556,1.0,0.0,0.0,0.0,5723
-1.8903829429652816,-1.8903829429652816,-1.8903829429652823,-1.890382942965282,-1.8903829429652816,-1.8903829429652816,-1.8903829429652816,-1.8903829429652823,-1.890382942965282,-1.890382942965282,-1.7537398521881846,0.0,0.0,1.0,0.0,5855
-1.8903829429652816,-1.8903829429652816,-1.8903829429652823,-1.890382942965282,-1.8903829429652816,-1.8903829429652816,-1.8903829429652816,-1.8903829429652823,-1.890382942965282,-1.890382942965282,-1.9026705034199256,0.0,0.0,0.0,1.0,5916
-1.8903829429652816,-1.8903829429652816,-1.8903829429652823,-1.890382942965282,-1.8903829429652816,-1.8903829429652816,-1.8903829429652816,-1.8903829429652823,-1.890382942965282,-1.890382942965282,-1.8282051778040556,1.0,0.0,0.0,0.0,5873
-1.8903829429652816,-1.8903829429652816,-1.8903829429652823,-1.890382942965282,-1.8903829429652816,-1.8903829429652816,-1.8903829429652816,-1.8903829429652823,-1.890382942965282,-1.890382942965282,-1.9026705034199256,0.0,0.0,0.0,1.0,5723
-1.8903829429652816,-1.8903829429652816,-1.8903829429652823,-1.890382942965282,-1.8903829429652816,-1.8903829429652816,-1.8903829429652816,-1.8903829429652823,-1.890382942965282,-1.890382942965282,-1.7537398521881846,1.0,0.0,1.0,0.0,5836
-1.8903829429652816,-1.8903829429652816,-1.8903829429652823,-1.890382942965282,-1.8903829429652816,-1.8903829429652816,-1.8903829429652816,-1.8903829429652823,-1.890382942965282,-1.890382942965282,-1.8282051778040556,0.0,0.0,0.0,0.0,5916
-1.8903829429652816,-1.8903829429652816,-1.8903829429652823,-1.890382942965282,-1.8903829429652816,-1.8903829429652816,-1.8903829429652816,-1.8903829429652823,-1.890382942965282,-1.890382942965282,-1.7537398521881846,1.0,0.0,1.0,0.0,5723
-1.8903829429652816,-1.8903829429652816,-1.8903829429652823,-1.890382942965282,-1.8903829429652816,-1.8903829429652816,-1.8903829429652816,-1.8903829429652823,-1.890382942965282,-1.890382942965282,-1.9026705034199256,0.0,0.0,0.0,1.0,5908
-1.8903829429652816,-1.8903829429652816,-1.8903829429652823,-1.890382942965282,-1.8903829429652816,-1.8903829429652816,-1.8903829429652816,-1.8903829429652823,-1.890382942965282,-1.890382942965282,-1.8282051778040556,1.0,1.0,0.0,0.0,5410
-1.8903829429652816,-1.8903829429652816,-1.8903829429652823,-1.890382942965282,-1.8903829429652816,-1.8903829429652816,-1.8903829429652816,-1.8903829429652823,-1.890382942965282,-1.890382942965282,-1.7537398521881846,1.0,1.0,1.0,0.0,5863
-1.8903829429652816,-1.8903829429652816,-1.8903829429652823,-1.890382942965282,-1.8903829429652816,-1.8903829429652816,-1.8903829429652816,-1.8903829429652823,-1.890382942965282,-1.890382942965282,-1.9026705034199256,0.0,1.0,0.0,1.0,5612
-1.8903829429652816,-1.8903829429652816,-1.8903829429652823,-1.890382942965282,-1.8903829429652816,-1.8903829429652816,-1.8903829429652816,-1.8903829429652823,-1.890382942965282,-1.890382942965282,-1.8282051778040556,1.0,1.0,0.0,0.0,5836
-1.8903829429652816,-1.8903829429652816,-1.8903829429652823,-1.890382942965282,-1.8903829429652816,-1.8903829429652816,-1.8903829429652816,-1.8903829429652823,-1.890382942965282,-1.890382942965282,-1.9026705034199256,1.0,1.0,0.0,1.0,5873
-1.8903829429652816,-1.8903829429652816,-1.8903829429652823,-1.890382942965282,-1.8903829429652816,-1.8903829429652816,-1.8903829429652816,-1.8903829429652823,-1.890382942965282,-1.890382942965282,-1.7537398521881846,0.0,1.0,1.0,0.0,5463
-1.8903829429652816,-1.8903829429652816,-1.8903829429652823,-1.890382942965282,-1.8903829429652816,-1.8903829429652816,-1.8903829429652816,-1.8903829429652823,-1.890382942965282,-1.890382942965282,-1.7537398521881846,1.0,1.0,1.0,0.0,5916
-1.8903829429652816,-1.8903829429652816,-1.8903829429652823,-1.890382942965282,-1.8903829429652816,-1.8903829429652816,-1.8903829429652816,-1.8903829429652823,-1.890382942965282,-1.890382942965282,-1.7537398521881846,1.0,1.0,1.0,0.0,5453
-1.8903829429652816,-1.8903829429652816,-1.8903829429652823,-1.890382942965282,-1.8903829429652816,-1.8903829429652816,-1.8903829429652816,-1.8903829429652823,-1.890382942965282,-1.890382942965282,-1.7537398521881846,1.0,1.0,1.0,0.0,5883
-1.8903829429652816,-1.8903829429652816,-1.8903829429652823,-1.890382942965282,-1.8903829429652816,-1.8903829429652816,-1.8903829429652816,-1.8903829429652823,-1.890382942965282,-1.890382942965282,-1.8282051778040556,1.0,1.0,0.0,0.0,5723
-1.8903829429652816,-1.8903829429652816,-1.8903829429652823,-1.890382942965282,-1.8903829429652816,-1.8903829429652816,-1.8903829429652816,-1.8903829429652823,-1.890382942965282,-1.890382942965282,-1.7537398521881846,0.0,0.0,1.0,0.0,5836
-1.8903829429652816,-1.8903829429652816,-1.8903829429652823,-1.890382942965282,-1.8903829429652816,-1.8903829429652816,-1.8903829429652816,-1.8903829429652823,-1.890382942965282,-1.890382942965282,-1.7537398521881846,1.0,0.0,1.0,0.0,5873
-1.8903829429652816,-1.8903829429652816,-1.8903829429652823,-1.890382942965282,-1.8903829429652816,-1.8903829429652816,-1.8903829429652816,-1.8903829429652823,-1.890382942965282,-1.890382942965282,-1.7537398521881846,0.0,0.0,1.0,0.0,5873
-1.8903829429652816,-1.8903829429652816,-1.8903829429652823,-1.890382942965282,-1.8903829429652816,-1.8903829429652816,-1.8903829429652816,-1.8903829429652823,-1.890382942965282,-1.890382942965282,-1.9026705034199256,1.0,0.0,0.0,1.0,5420
-1.8903829429652816,-1.8903829429652816,-1.8903829429652823,-1.890382942965282,-1.8903829429652816,-1.8903829429652816,-1.8903829429652816,-1.8903829429652823,-1.890382942965282,-1.890382942965282,-1.9026705034199256,1.0,0.0,0.0,1.0,5527
-1.8903829429652816,-1.8903829429652816,-1.8903829429652823,-1.890382942965282,-1.8903829429652816,-1.8903829429652816,-1.8903829429652816,-1.8903829429652823,-1.890382942965282,-1.890382942965282,-1.9026705034199256,0.0,0.0,0.0,1.0,5836
-1.8903829429652816,-1.8903829429652816,-1.8903829429652823,-1.890382942965282,-1.8903829429652816,-1.8903829429652816,-1.8903829429652816,-1.8903829429652823,-1.890382942965282,-1.890382942965282,-1.7537398521881846,1.0,0.0,1.0,0.0,5723
-1.8903829429652816,-1.8903829429652816,-1.8903829429652823,-1.890382942965282,-1.8903829429652816,-1.8903829429652816,-1.8903829429652816,-1.8903829429652823,-1.890382942965282,-1.890382942965282,-1.9026705034199256,0.0,0.0,0.0,1.0,5723
-1.8903829429652816,-1.8903829429652816,-1.8903829429652823,-1.890382942965282,-1.8903829429652816,-1.8903829429652816,-1.8903829429652816,-1.8903829429652823,-1.890382942965282,-1.890382942965282,-1.8282051778040556,0.0,0.0,0.0,0.0,5916
-1.8903829429652816,-1.8903829429652816,-1.8903829429652823,-1.890382942965282,-1.8903829429652816,-1.8903829429652816,-1.8903829429652816,-1.8903829429652823,-1.890382942965282,-1.890382942965282,-1.9026705034199256,1.0,0.0,0.0,1.0,5873
-1.8903829429652816,-1.8903829429652816,-1.8903829429652823,-1.890382942965282,-1.8903829429652816,-1.8903829429652816,-1.8903829429652816,-1.8903829429652823,-1.890382942965282,-1.890382942965282,-1.9026705034199256,0.0,0.0,0.0,1.0,5723
-1.8903829429652816,-1.8903829429652816,-1.8903829429652823,-1.890382942965282,-1.8903829429652816,-1.8903829429652816,-1.8903829429652816,-1.8903829429652823,-1.890382942965282,-1.890382942965282,-1.8282051778040556,0.0,0.0,0.0,0.0,5836
-1.8903829429652816,-1.8903829429652816,-1.8903829429652823,-1.890382942965282,-1.8903829429652816,-1.8903829429652816,-1.8903829429652816,-1.8903829429652823,-1.890382942965282,-1.890382942965282,-1.7537398521881846,0.0,0.0,1.0,0.0,5916
-1.8903829429652816,-1.8903829429652816,-1.8903829429652823,-1.890382942965282,-1.8903829429652816,-1.8903829429652816,-1.8903829429652816,-1.8903829429652823,-1.890382942965282,-1.890382942965282,-1.9026705034199256,0.0,0.0,0.0,1.0,5723
-1.8903829429652816,-1.8903829429652816,-1.8903829429652823,-1.890382942965282,-1.8903829429652816,-1.8903829429652816,-1.8903829429652816,-1.8903829429652823,-1.890382942965282,-1.890382942965282,-1.8282051778040556,1.0,0.0,0.0,0.0,5908
-1.8903829429652816,-1.8903829429652816,-1.8903829429652823,-1.890382942965282,-1.8903829429652816,-1.8903829429652816,-1.8903829429652816,-1.8903829429652823,-1.890382942965282,-1.890382942965282,-1.7537398521881846,0.0,0.0,1.0,0.0,5863
-1.8903829429652816,-1.8903829429652816,-1.8903829429652823,-1.890382942965282,-1.8903829429652816,-1.8903829429652816,-1.8903829429652816,-1.8903829429652823,-1.890382942965282,-1.890382942965282,-1.9026705034199256,1.0,0.0,0.0,1.0,5836
-1.8903829429652816,-1.8903829429652816,-1.8903829429652823,-1.890382942965282,-1.8903829429652816,-1.8903829429652816,-1.8903829429652816,-1.8903829429652823,-1.890382942965282,-1.890382942965282,-1.8282051778040556,1.0,0.0,0.0,0.0,5723
-1.8903829429652816,-1.8903829429652816,-1.8903829429652823,-1.890382942965282,-1.8903829429652816,-1.8903829429652816,-1.8903829429652816,-1.8903829429652823,-1.890382942965282,-1.890382942965282,-1.9026705034199256,0.0,0.0,0.0,1.0,5836
-1.8903829429652816,-1.8903829429652816,-1.8903829429652823,-1.890382942965282,-1.8903829429652816,-1.8903829429652816,-1.8903829429652816,-1.8903829429652823,-1.890382942965282,-1.890382942965282,-1.7537398521881846,1.0,0.0,1.0,0.0,5873
-1.8903829429652816,-1.8903829429652816,-1.8903829429652823,-1.890382942965282,-1.8903829429652816,-1.8903829429652816,-1.8903829429652816,-1.8903829429652823,-1.890382942965282,-1.890382942965282,-1.8282051778040556,1.0,0.0,0.0,0.0,5463
-1.8903829429652816,-1.8903829429652816,-1.8903829429652823,-1.890382942965282,-1.8903829429652816,-1.8903829429652816,-1.8903829429652816,-1.8903829429652823,-1.890382942965282,-1.890382942965282,-1.7537398521881846,1.0,0.0,1.0,0.0,5916
-1.8903829429652816,-1.8903829429652816,-1.8903829429652823,-1.890382942965282,-1.8903829429652816,-1.8903829429652816,-1.8903829429652816,-1.8903829429652823,-1.890382942965282,-1.890382942965282,-1.9026705034199256,0.0,0.0,0.0,1.0,5453
-1.8903829429652816,-1.8903829429652816,-1.8903829429652823,-1.890382942965282,-1.8903829429652816,-1.8903829429652816,-1.8903829429652816,-1.8903829429652823,-1.890382942965282,-1.890382942965282,-1.8282051778040556,0.0,0.0,0.0,0.0,5883
-1.8903829429652816,-1.8903829429652816,-1.8903829429652823,-1.890382942965282,-1.8903829429652816,-1.8903829429652816,-1.8903829429652816,-1.8903829429652823,-1.890382942965282,-1.890382942965282,-1.7537398521881846,0.0,0.0,1.0,0.0,5723
-1.8903829429652816,-1.8903829429652816,-1.8903829429652823,-1.890382942965282,-1.8903829429652816,-1.8903829429652816,-1.8903829429652816,-1.8903829429652823,-1.890382942965282,-1.890382942965282,-1.9026705034199256,1.0,0.0,0.0,1.0,5836
-1.8903829429652816,-1.8903829429652816,-1.8903829429652823,-1.890382942965282,-1.8903829429652816,-1.8903829429652816,-1.8903829429652816,-1.8903829429652823,-1.890382942965282,-1.890382942965282,-1.8282051778040556,0.0,0.0,0.0,0.0,5873
-1.8903829429652816,-1.8903829429652816,-1.8903829429652823,-1.890382942965282,-1.8903829429652816,-1.8903829429652816,-1.8903829429652816,-1.8903829429652823,-1.890382942965282,-1.890382942965282,-1.9026705034199256,1.0,0.0,0.0,1.0,5916
-1.8903829429652816,-1.8903829429652816,-1.8903829429652823,-1.890382942965282,-1.8903829429652816,-1.8903829429652816,-1.8903829429652816,-1.8903829429652823,-1.890382942965282,-1.890382942965282,-1.7537398521881846,0.0,0.0,1.0,0.0,5883
-1.8903829429652816,-1.8903829429652816,-1.8903829429652823,-1.890382942965282,-1.8903829429652816,-1.8903829429652816,-1.8903829429652816,-1.8903829429652823,-1.890382942965282,-1.890382942965282,-1.8282051778040556,0.0,0.0,0.0,0.0,5492
-1.8903829429652816,-1.8903829429652816,-1.8903829429652823,-1.890382942965282,-1.8903829429652816,-1.8903829429652816,-1.8903829429652816,-1.8903829429652823,-1.890382942965282,-1.890382942965282,-1.7537398521881846,1.0,0.0,1.0,0.0,5723
-1.8903829429652816,-1.8903829429652816,-1.8903829429652823,-1.890382942965282,-1.8903829429652816,-1.8903829429652816,-1.8903829429652816,-1.8903829429652823,-1.890382942965282,-1.890382942965282,-1.9026705034199256,1.0,0.0,0.0,1.0,5836
-1.8903829429652816,-1.8903829429652816,-1.8903829429652823,-1.890382942965282,-1.8903829429652816,-1.8903829429652816,-1.8903829429652816,-1.8903829429652823,-1.890382942965282,-1.890382942965282,-1.8282051778040556,0.0,0.0,0.0,0.0,5855
-1.8903829429652816,-1.8903829429652816,-1.8903829429652823,-1.890382942965282,-1.8903829429652816,-1.8903829429652816,-1.8903829429652816,-1.8903829429652823,-1.890382942965282,-1.890382942965282,-1.7537398521881846,1.0,0.0,1.0,0.0,5836
-1.8903829429652816,-1.8903829429652816,-1.8903829429652823,-1.890382942965282,-1.8903829429652816,-1.8903829429652816,-1.8903829429652816,-1.8903829429652823,-1.890382942965282,-1.890382942965282,-1.9026705034199256,0.0,1.0,0.0,1.0,5723
-1.8903829429652816,-1.8903829429652816,-1.8903829429652823,-1.890382942965282,-1.8903829429652816,-1.8903829429652816,-1.8903829429652816,-1.8903829429652823,-1.890382942965282,-1.890382942965282,-1.8282051778040556,1.0,1.0,0.0,0.0,5916
-1.8903829429652816,-1.8903829429652816,-1.8903829429652823,-1.890382942965282,-1.8903829429652816,-1.8903829429652816,-1.8903829429652816,-1.8903829429652823,-1.890382942965282,-1.890382942965282,-1.9026705034199256,1.0,1.0,0.0,1.0,5873
-1.8903829429652816,-1.8903829429652816,-1.8903829429652823,-1.890382942965282,-1.8903829429652816,-1.8903829429652816,-1.8903829429652816,-1.8903829429652823,-1.890382942965282,-1.890382942965282,-1.7537398521881846,0.0,1.0,1.0,0.0,5836
-1.8903829429652816,-1.8903829429652816,-1.8903829429652823,-1.890382942965282,-1.8903829429652816,-1.8903829429652816,-1.8903829429652816,-1.8903829429652823,-1.890382942965282,-1.890382942965282,-1.7537398521881846,1.0,1.0,1.0,0.0,5908
-1.8903829429652816,-1.8903829429652816,-1.8903829429652823,-1.890382942965282,-1.8903829429652816,-1.8903829429652816,-1.8903829429652816,-1.8903829429652823,-1.890382942965282,-1.890382942965282,-1.7537398521881846,0.0,1.0,1.0,0.0,5410
-1.8903829429652816,-1.8903829429652816,-1.8903829429652823,-1.890382942965282,-1.8903829429652816,-1.8903829429652816,-1.8903829429652816,-1.8903829429652823,-1.890382942965282,-1.890382942965282,-1.7537398521881846,1.0,1.0,1.0,0.0,5863
-1.8903829429652816,-1.8903829429652816,-1.8903829429652823,-1.890382942965282,-1.8903829429652816,-1.8903829429652816,-1.8903829429652816,-1.8903829429652823,-1.890382942965282,-1.890382942965282,-1.8282051778040556,0.0,1.0,0.0,0.0,5612
-1.8903829429652816,-1.8903829429652816,-1.8903829429652823,-1.890382942965282,-1.8903829429652816,-1.8903829429652816,-1.8903829429652816,-1.8903829429652823,-1.890382942965282,-1.890382942965282,-1.7537398521881846,0.0,1.0,1.0,0.0,5836
-1.8903829429652816,-1.8903829429652816,-1.8903829429652823,-1.890382942965282,-1.8903829429652816,-1.8903829429652816,-1.8903829429652816,-1.8903829429652823,-1.890382942965282,-1.890382942965282,-1.7537398521881846,1.0,1.0,1.0,0.0,5836
-1.8903829429652816,-1.8903829429652816,-1.8903829429652823,-1.890382942965282,-1.8903829429652816,-1.8903829429652816,-1.8903829429652816,-1.8903829429652823,-1.890382942965282,-1.890382942965282,-1.7537398521881846,0.0,1.0,1.0,0.0,5723
-1.8903829429652816,-1.8903829429652816,-1.8903829429652823,-1.890382942965282,-1.8903829429652816,-1.8903829429652816,-1.8903829429652816,-1.8903829429652823,-1.890382942965282,-1.890382942965282,-1.9026705034199256,1.0,1.0,0.0,1.0,5836
-1.8903829429652816,-1.8903829429652816,-1.8903829429652823,-1.890382942965282,-1.8903829429652816,-1.8903829429652816,-1.8903829429652816,-1.8903829429652823,-1.890382942965282,-1.890382942965282,-1.9026705034199256,0.0,1.0,0.0,1.0,5873
-1.8903829429652816,-1.8903829429652816,-1.8903829429652823,-1.890382942965282,-1.8903829429652816,-1.8903829429652816,-1.8903829429652816,-1.8903829429652823,-1.890382942965282,-1.890382942965282,-1.9026705034199256,1.0,1.0,0.0,1.0,5463
-1.8903829429652816,-1.8903829429652816,-1.8903829429652823,-1.890382942965282,-1.8903829429652816,-1.8903829429652816,-1.8903829429652816,-1.8903829429652823,-1.890382942965282,-1.890382942965282,-1.7537398521881846,0.0,1.0,1.0,0.0,5453
-1.8903829429652816,-1.8903829429652816,-1.8903829429652823,-1.890382942965282,-1.8903829429652816,-1.8903829429652816,-1.8903829429652816,-1.8903829429652823,-1.890382942965282,-1.890382942965282,-1.9026705034199256,1.0,1.0,0.0,1.0,5836
-1.8903829429652816,-1.8903829429652816,-1.8903829429652823,-1.890382942965282,-1.8903829429652816,-1.8903829429652816,-1.8903829429652816,-1.8903829429652823,-1.890382942965282,-1.890382942965282,-1.8282051778040556,1.0,1.0,0.0,0.0,5873
-1.8903829429652816,-1.8903829429652816,-1.8903829429652823,-1.890382942965282,-1.8903829429652816,-1.8903829429652816,-1.8903829429652816,-1.8903829429652823,-1.890382942965282,-1.890382942965282,-1.9026705034199256,1.0,1.0,0.0,1.0,5873
-1.8903829429652816,-1.8903829429652816,-1.8903829429652823,-1.890382942965282,-1.8903829429652816,-1.8903829429652816,-1.8903829429652816,-1.8903829429652823,-1.890382942965282,-1.890382942965282,-1.9026705034199256,1.0,1.0,0.0,1.0,5420
-1.8903829429652816,-1.8903829429652816,-1.8903829429652823,-1.890382942965282,-1.8903829429652816,-1.8903829429652816,-1.8903829429652816,-1.8903829429652823,-1.890382942965282,-1.890382942965282,-1.8282051778040556,0.0,1.0,0.0,0.0,5680
-1.8903829429652816,-1.8903829429652816,-1.8903829429652823,-1.890382942965282,-1.8903829429652816,-1.8903829429652816,-1.8903829429652816,-1.8903829429652823,-1.890382942965282,-1.890382942965282,-1.7537398521881846,1.0,1.0,1.0,0.0,5527
-1.8903829429652816,-1.8903829429652816,-1.8903829429652823,-1.890382942965282,-1.8903829429652816,-1.8903829429652816,-1.8903829429652816,-1.8903829429652823,-1.890382942965282,-1.890382942965282,-1.9026705034199256,1.0,1.0,0.0,1.0,5873
-1.8903829429652816,-1.8903829429652816,-1.8903829429652823,-1.890382942965282,-1.8903829429652816,-1.8903829429652816,-1.8903829429652816,-1.8903829429652823,-1.890382942965282,-1.890382942965282,-1.8282051778040556,0.0,1.0,0.0,0.0,5492
-1.8903829429652816,-1.8903829429652816,-1.8903829429652823,-1.890382942965282,-1.8903829429652816,-1.8903829429652816,-1.8903829429652816,-1.8903829429652823,-1.890382942965282,-1.890382942965282,-1.7537398521881846,1.0,1.0,1.0,0.0,5836
-1.8903829429652816,-1.8903829429652816,-1.8903829429652823,-1.890382942965282,-1.8903829429652816,-1.8903829429652816,-1.8903829429652816,-1.8903829429652823,-1.890382942965282,-1.890382942965282,-1.9026705034199256,1.0,1.0,0.0,1.0,5723
-1.8903829429652816,-1.8903829429652816,-1.8903829429652823,-1.890382942965282,-1.8903829429652816,-1.8903829429652816,-1.8903829429652816,-1.8903829429652823,-1.890382942965282,-1.890382942965282,-1.8282051778040556,0.0,1.0,0.0,0.0,5723
-1.8903829429652816,-1.8903829429652816,-1.8903829429652823,-1.890382942965282,-1.8903829429652816,-1.8903829429652816,-1.8903829429652816,-1.8903829429652823,-1.890382942965282,-1.890382942965282,-1.9026705034199256,1.0,1.0,0.0,1.0,5723
-1.8903829429652816,-1.8903829429652816,-1.8903829429652823,-1.890382942965282,-1.8903829429652816,-1.8903829429652816,-1.8903829429652816,-1.8903829429652823,-1.890382942965282,-1.890382942965282,-1.7537398521881846,1.0,0.0,1.0,0.0,5836
-1.8903829429652816,-1.8903829429652816,-1.8903829429652823,-1.890382942965282,-1.8903829429652816,-1.8903829429652816,-1.8903829429652816,-1.8903829429652823,-1.890382942965282,-1.890382942965282,-1.8282051778040556,1.0,0.0,0.0,0.0,5916
-1.8903829429652816,-1.8903829429652816,-1.8903829429652823,-1.890382942965282,-1.8903829429652816,-1.8903829429652816,-1.8903829429652816,-1.8903829429652823,-1.890382942965282,-1.890382942965282,-1.7537398521881846,0.0,0.0,1.0,0.0,5723
-1.8903829429652816,-1.8903829429652816,-1.8903829429652823,-1.890382942965282,-1.8903829429652816,-1.8903829429652816,-1.8903829429652816,-1.8903829429652823,-1.890382942965282,-1.890382942965282,-1.9026705034199256,1.0,0.0,0.0,1.0,5908
-1.8903829429652816,-1.8903829429652816,-1.8903829429652823,-1.890382942965282,-1.8903829429652816,-1.8903829429652816,-1.8903829429652816,-1.8903829429652823,-1.890382942965282,-1.890382942965282,-1.8282051778040556,1.0,0.0,0.0,0.0,5410
-1.8903829429652816,-1.8903829429652816,-1.8903829429652823,-1.890382942965282,-1.8903829429652816,-1.8903829429652816,-1.8903829429652816,-1.8903829429652823,-1.890382942965282,-1.890382942965282,-1.7537398521881846,0.0,0.0,1.0,0.0,5863
-1.8903829429652816,-1.8903829429652816,-1.8903829429652823,-1.890382942965282,-1.8903829429652816,-1.8903829429652816,-1.8903829429652816,-1.8903829429652823,-1.890382942965282,-1.890382942965282,-1.9026705034199256,0.0,0.0,0.0,1.0,5612
-1.8903829429652816,-1.8903829429652816,-1.8903829429652823,-1.890382942965282,-1.8903829429652816,-1.8903829429652816,-1.8903829429652816,-1.8903829429652823,-1.890382942965282,-1.890382942965282,-1.8282051778040556,0.0,0.0,0.0,0.0,5836
-1.8903829429652816,-1.8903829429652816,-1.8903829429652823,-1.890382942965282,-1.8903829429652816,-1.8903829429652816,-1.8903829429652816,-1.8903829429652823,-1.890382942965282,-1.890382942965282,-1.9026705034199256,0.0,0.0,0.0,1.0,5836
-1.8903829429652816,-1.8903829429652816,-1.8903829429652823,-1.890382942965282,-1.8903829429652816,-1.8903829429652816,-1.8903829429652816,-1.8903829429652823,-1.890382942965282,-1.890382942965282,-1.7537398521881846,0.0,0.0,1.0,0.0,5836
-1.8903829429652816,-1.8903829429652816,-1.8903829429652823,-1.890382942965282,-1.8903829429652816,-1.8903829429652816,-1.8903829429652816,-1.8903829429652823,-1.890382942965282,-1.890382942965282,-1.8282051778040556,0.0,0.0,0.0,0.0,5916
-1.8903829429652816,-1.8903829429652816,-1.8903829429652823,-1.890382942965282,-1.8903829429652816,-1.8903829429652816,-1.8903829429652816,-1.8903829429652823,-1.890382942965282,-1.890382942965282,-1.7537398521881846,0.0,0.0,1.0,0.0,5453
-1.8903829429652816,-1.8903829429652816,-1.8903829429652823,-1.890382942965282,-1.8903829429652816,-1.8903829429652816,-1.8903829429652816,-1.8903829429652823,-1.890382942965282,-1.890382942965282,-1.9026705034199256,1.0,0.0,0.0,1.0,5883
-1.8903829429652816,-1.8903829429652816,-1.8903829429652823,-1.890382942965282,-1.8903829429652816,-1.8903829429652816,-1.8903829429652816,-1.8903829429652823,-1.890382942965282,-1.890382942965282,-1.8282051778040556,1.0,0.0,0.0,0.0,5723
-1.8903829429652816,-1.8903829429652816,-1.8903829429652823,-1.890382942965282,-1.8903829429652816,-1.8903829429652816,-1.8903829429652816,-1.8903829429652823,-1.890382942965282,-1.890382942965282,-1.7537398521881846,1.0,0.0,1.0,0.0,5836
-1.8903829429652816,-1.8903829429652816,-1.8903829429652823,-1.890382942965282,-1.8903829429652816,-1.8903829429652816,-1.8903829429652816,-1.8903829429652823,-1.890382942965282,-1.890382942965282,-1.9026705034199256,1.0,0.0,0.0,1.0,5873
-1.8903829429652816,-1.8903829429652816,-1.8903829429652823,-1.890382942965282,-1.8903829429652816,-1.8903829429652816,-1.8903829429652816,-1.8903829429652823,-1.890382942965282,-1.890382942965282,-1.8282051778040556,1.0,0.0,0.0,0.0,5873
-1.8903829429652816,-1.8903829429652816,-1.8903829429652823,-1.890382942965282,-1.8903829429652816,-1.8903829429652816,-1.8903829429652816,-1.8903829429652823,-1.890382942965282,-1.890382942965282,-1.9026705034199256,1.0,0.0,0.0,1.0,5527
-1.8903829429652816,-1.8903829429652816,-1.8903829429652823,-1.890382942965282,-1.8903829429652816,-1.8903829429652816,-1.8903829429652816,-1.8903829429652823,-1.890382942965282,-1.890382942965282,-1.7537398521881846,1.0,0.0,1.0,0.0,5463
-1.8903829429652816,-1.8903829429652816,-1.8903829429652823,-1.890382942965282,-1.8903829429652816,-1.8903829429652816,-1.8903829429652816,-1.8903829429652823,-1.890382942965282,-1.890382942965282,-1.7537398521881846,1.0,0.0,1.0,0.0,5916
-1.8903829429652816,-1.8903829429652816,-1.8903829429652823,-1.890382942965282,-1.8903829429652816,-1.8903829429652816,-1.8903829429652816,-1.8903829429652823,-1.890382942965282,-1.890382942965282,-1.7537398521881846,0.0,0.0,1.0,0.0,5492
-1.8903829429652816,-1.8903829429652816,-1.8903829429652823,-1.890382942965282,-1.8903829429652816,-1.8903829429652816,-1.8903829429652816,-1.8903829429652823,-1.890382942965282,-1.890382942965282,-1.7537398521881846,0.0,0.0,1.0,0.0,5855
-1.8903829429652816,-1.8903829429652816,-1.8903829429652823,-1.890382942965282,-1.8903829429652816,-1.8903829429652816,-1.8903829429652816,-1.8903829429652823,-1.890382942965282,-1.890382942965282,-1.8282051778040556,0.0,0.0,0.0,0.0,5836
-1.8903829429652816,-1.8903829429652816,-1.8903829429652823,-1.890382942965282,-1.8903829429652816,-1.8903829429652816,-1.8903829429652816,-1.8903829429652823,-1.890382942965282,-1.890382942965282,-1.7537398521881846,0.0,0.0,1.0,0.0,5723
-1.8903829429652816,-1.8903829429652816,-1.8903829429652823,-1.890382942965282,-1.8903829429652816,-1.8903829429652816,-1.8903829429652816,-1.8903829429652823,-1.890382942965282,-1.890382942965282,-1.7537398521881846,1.0,0.0,1.0,0.0,5916
-1.8903829429652816,-1.8903829429652816,-1.8903829429652823,-1.890382942965282,-1.8903829429652816,-1.8903829429652816,-1.8903829429652816,-1.8903829429652823,-1.890382942965282,-1.890382942965282,-1.7537398521881846,0.0,0.0,1.0,0.0,5873
-1.8903829429652816,-1.8903829429652816,-1.8903829429652823,-1.890382942965282,-1.8903829429652816,-1.8903829429652816,-1.8903829429652816,-1.8903829429652823,-1.890382942965282,-1.890382942965282,-1.9026705034199256,0.0,0.0,0.0,1.0,5723
-1.8903829429652816,-1.8903829429652816,-1.8903829429652823,-1.890382942965282,-1.8903829429652816,-1.8903829429652816,-1.8903829429652816,-1.8903829429652823,-1.890382942965282,-1.890382942965282,-1.9026705034199256,0.0,0.0,0.0,1.0,5836
-1.8903829429652816,-1.8903829429652816,-1.8903829429652823,-1.890382942965282,-1.8903829429652816,-1.8903829429652816,-1.8903829429652816,-1.8903829429652823,-1.890382942965282,-1.890382942965282,-1.9026705034199256,1.0,0.0,0.0,1.0,5916
-1.8903829429652816,-1.8903829429652816,-1.8903829429652823,-1.890382942965282,-1.8903829429652816,-1.8903829429652816,-1.8903829429652816,-1.8903829429652823,-1.890382942965282,-1.890382942965282,-1.7537398521881846,1.0,0.0,1.0,0.0,5723
-1.8903829429652816,-1.8903829429652816,-1.8903829429652823,-1.890382942965282,-1.8903829429652816,-1.8903829429652816,-1.8903829429652816,-1.8903829429652823,-1.890382942965282,-1.890382942965282,-1.9026705034199256,1.0,0.0,0.0,1.0,5908
-1.8903829429652816,-1.8903829429652816,-1.8903829429652823,-1.890382942965282,-1.8903829429652816,-1.8903829429652816,-1.8903829429652816,-1.8903829429652823,-1.890382942965282,-1.890382942965282,-1.8282051778040556,1.0,0.0,0.0,0.0,5863
-1.8903829429652816,-1.8903829429652816,-1.8903829429652823,-1.890382942965282,-1.8903829429652816,-1.8903829429652816,-1.8903829429652816,-1.8903829429652823,-1.890382942965282,-1.890382942965282,-1.9026705034199256,1.0,0.0,0.0,1.0,5836
-1.8903829429652816,-1.8903829429652816,-1.8903829429652823,-1.890382942965282,-1.8903829429652816,-1.8903829429652816,-1.8903829429652816,-1.8903829429652823,-1.890382942965282,-1.890382942965282,-1.9026705034199256,1.0,0.0,0.0,1.0,5723
-1.8903829429652816,-1.8903829429652816,-1.8903829429652823,-1.890382942965282,-1.8903829429652816,-1.8903829429652816,-1.8903829429652816,-1.8903829429652823,-1.890382942965282,-1.890382942965282,-1.8282051778040556,1.0,0.0,0.0,0.0,5836
-1.8903829429652816,-1.8903829429652816,-1.8903829429652823,-1.890382942965282,-1.8903829429652816,-1.8903829429652816,-1.8903829429652816,-1.8903829429652823,-1.890382942965282,-1.890382942965282,-1.7537398521881846,0.0,0.0,1.0,0.0,5873
-1.8903829429652816,-1.8903829429652816,-1.8903829429652823,-1.890382942965282,-1.8903829429652816,-1.8903829429652816,-1.8903829429652816,-1.8903829429652823,-1.890382942965282,-1.890382942965282,-1.9026705034199256,1.0,0.0,0.0,1.0,5463
-1.8903829429652816,-1.8903829429652816,-1.8903829429652823,-1.890382942965282,-1.8903829429652816,-1.8903829429652816,-1.8903829429652816,-1.8903829429652823,-1.890382942965282,-1.890382942965282,-1.8282051778040556,0.0,1.0,0.0,0.0,5916
-1.8903829429652816,-1.8903829429652816,-1.8903829429652823,-1.890382942965282,-1.8903829429652816,-1.8903829429652816,-1.8903829429652816,-1.8903829429652823,-1.890382942965282,-1.890382942965282,-1.7537398521881846,1.0,1.0,1.0,0.0,5453
-1.8903829429652816,-1.8903829429652816,-1.8903829429652823,-1.890382942965282,-1.8903829429652816,-1.8903829429652816,-1.8903829429652816,-1.8903829429652823,-1.890382942965282,-1.890382942965282,-1.9026705034199256,0.0,1.0,0.0,1.0,5883
-1.8903829429652816,-1.8903829429652816,-1.8903829429652823,-1.890382942965282,-1.8903829429652816,-1.8903829429652816,-1.8903829429652816,-1.8903829429652823,-1.890382942965282,-1.890382942965282,-1.8282051778040556,0.0,1.0,0.0,0.0,5723
-1.8903829429652816,-1.8903829429652816,-1.8903829429652823,-1.890382942965282,-1.8903829429652816,-1.8903829429652816,-1.8903829429652816,-1.8903829429652823,-1.890382942965282,-1.890382942965282,-1.9026705034199256,1.0,1.0,0.0,1.0,5836
-1.8903829429652816,-1.8903829429652816,-1.8903829429652823,-1.890382942965282,-1.8903829429652816,-1.8903829429652816,-1.8903829429652816,-1.8903829429652823,-1.890382942965282,-1.890382942965282,-1.7537398521881846,0.0,1.0,1.0,0.0,5873
-1.8903829429652816,-1.8903829429652816,-1.8903829429652823,-1.890382942965282,-1.8903829429652816,-1.8903829429652816,-1.8903829429652816,-1.8903829429652823,-1.890382942965282,-1.890382942965282,-1.8282051778040556,1.0,1.0,0.0,0.0,5527
-1.8903829429652816,-1.8903829429652816,-1.8903829429652823,-1.890382942965282,-1.8903829429652816,-1.8903829429652816,-1.8903829429652816,-1.8903829429652823,-1.890382942965282,-1.890382942965282,-1.7537398521881846,0.0,1.0,1.0,0.0,5873
-1.8903829429652816,-1.8903829429652816,-1.8903829429652823,-1.890382942965282,-1.8903829429652816,-1.8903829429652816,-1.8903829429652816,-1.8903829429652823,-1.890382942965282,-1.890382942965282,-1.9026705034199256,1.0,1.0,0.0,1.0,5492
-1.8903829429652816,-1.8903829429652816,-1.8903829429652823,-1.890382942965282,-1.8903829429652816,-1.8903829429652816,-1.8903829429652816,-1.8903829429652823,-1.890382942965282,-1.890382942965282,-1.8282051778040556,0.0,1.0,0.0,0.0,5836
-1.8903829429652816,-1.8903829429652816,-1.8903829429652823,-1.890382942965282,-1.8903829429652816,-1.8903829429652816,-1.8903829429652816,-1.8903829429652823,-1.890382942965282,-1.890382942965282,-1.7537398521881846,1.0,1.0,1.0,0.0,5723
-1.8903829429652816,-1.8903829429652816,-1.8903829429652823,-1.890382942965282,-1.8903829429652816,-1.8903829429652816,-1.8903829429652816,-1.8903829429652823,-1.890382942965282,-1.890382942965282,-1.9026705034199256,1.0,1.0,0.0,1.0,5723
-1.8903829429652816,-1.8903829429652816,-1.8903829429652823,-1.890382942965282,-1.8903829429652816,-1.8903829429652816,-1.8903829429652816,-1.8903829429652823,-1.890382942965282,-1.890382942965282,-1.8282051778040556,0.0,1.0,0.0,0.0,5916
-1.8903829429652816,-1.8903829429652816,-1.8903829429652823,-1.890382942965282,-1.8903829429652816,-1.8903829429652816,-1.8903829429652816,-1.8903829429652823,-1.890382942965282,-1.890382942965282,-1.9026705034199256,1.0,1.0,0.0,1.0,5873
